nohup: ignoring input
[INFO] - Loading faiss with AVX512 support.
[INFO] - Successfully loaded faiss with AVX512 support.
[INFO] - Failed to load GPU Faiss: name 'GpuIndexIVFFlat' is not defined. Will not load constructor refs for GPU indexes.

======================================================================
SESSION: Luke12052025_V1_RH_g0  stream: imec1.ap
======================================================================
Dredge dir   : /mnt/NPX/Luke/20251205/dredge_pipeline_results_Luke12052025_V1_RH_g0_imec1
Pipeline dir : /media/huklab/Data/NPX/Spikesorting/Patching/patched_pipeline_results_Luke12052025_V1_RH_g0_imec1
Gain value is 2.34375 uV/bit
	Preprocessing...
Threshold value is 500.0 uV
	Found 0 noisy channels and 1 dead channels
Starting motion correction...
Estimating DREDGE motion...
Applying correction to recording with Sampling Freq: 29999.759166666667
Finished motion correction
Loaded Th_universal=9 from dredge params
Loaded Th_learned=8 from dredge params
KS4: loading from harddrive: /media/huklab/Data/NPX/Spikesorting/Patching/patched_pipeline_results_Luke12052025_V1_RH_g0_imec1/kilosort4
20.38%  are duped spikes
Running cosine merge...
  [cosine] depth gate 200 µm applied
    [cosine] seed 1: unit=30 spikes=307786 neighbors=33 remaining=546
    [cosine] seed 2: unit=114 spikes=192488 neighbors=23 remaining=545
    [cosine] seeds=2 checked=50 ccg=0 merges=0 elapsed=0.0 min
    [cosine] seed 3: unit=21 spikes=164754 neighbors=28 remaining=544
    [cosine] seed 4: unit=508 spikes=149055 neighbors=16 remaining=543
    [cosine] seeds=4 checked=100 ccg=0 merges=0 elapsed=0.0 min
    [cosine] seed 5: unit=84 spikes=142357 neighbors=27 remaining=542
    [cosine] seed 6: unit=416 spikes=141246 neighbors=20 remaining=541
    [cosine] seed 7: unit=398 spikes=136110 neighbors=32 remaining=540
    [cosine] seeds=7 checked=150 ccg=0 merges=0 elapsed=0.0 min
    [cosine] seed 8: unit=380 spikes=134625 neighbors=32 remaining=539
    [cosine] seeds=8 checked=200 ccg=0 merges=0 elapsed=0.0 min
    [cosine] seed 9: unit=212 spikes=134439 neighbors=52 remaining=538
    [cosine] seeds=9 checked=250 ccg=0 merges=0 elapsed=0.0 min
    [cosine] seed 10: unit=196 spikes=123586 neighbors=52 remaining=537
    [cosine] seeds=10 checked=300 ccg=0 merges=0 elapsed=0.0 min
    [cosine] seed 11: unit=516 spikes=122301 neighbors=12 remaining=536
    [cosine] seed 12: unit=512 spikes=119295 neighbors=14 remaining=535
    [cosine] seed 13: unit=99 spikes=118502 neighbors=24 remaining=534
    [cosine] seeds=13 checked=350 ccg=0 merges=0 elapsed=0.0 min
    [cosine] seed 14: unit=325 spikes=115661 neighbors=29 remaining=533
    [cosine] seed 15: unit=79 spikes=113758 neighbors=25 remaining=532
    [cosine] seeds=15 checked=400 ccg=0 merges=0 elapsed=0.0 min
    [cosine] seed 16: unit=134 spikes=111711 neighbors=41 remaining=531
    [cosine] seeds=16 checked=450 ccg=0 merges=0 elapsed=0.0 min
    [cosine] seed 17: unit=361 spikes=108842 neighbors=22 remaining=530
    [cosine] seed 18: unit=362 spikes=107875 neighbors=25 remaining=529
    [cosine] seeds=18 checked=500 ccg=0 merges=0 elapsed=0.0 min
    [cosine] seed 19: unit=8 spikes=105385 neighbors=28 remaining=528
    [cosine] seed 20: unit=367 spikes=104536 neighbors=23 remaining=527
    [cosine] seed 21: unit=291 spikes=104149 neighbors=30 remaining=526
    [cosine] seeds=21 checked=550 ccg=0 merges=0 elapsed=0.0 min
    [cosine] seed 22: unit=172 spikes=102467 neighbors=52 remaining=525
    [cosine] seeds=22 checked=600 ccg=0 merges=0 elapsed=0.0 min
    [cosine] seed 23: unit=472 spikes=102331 neighbors=28 remaining=524
    [cosine] seeds=23 checked=650 ccg=0 merges=0 elapsed=0.0 min
    [cosine] seed 24: unit=56 spikes=99993 neighbors=29 remaining=523
    [cosine] seed 25: unit=111 spikes=99086 neighbors=21 remaining=522
    [cosine] seeds=25 checked=700 ccg=1 merges=0 elapsed=0.0 min
    [cosine] seed 26: unit=50 spikes=98594 neighbors=30 remaining=521
    [cosine] seed 27: unit=214 spikes=96252 neighbors=52 remaining=520
    [cosine] seeds=27 checked=750 ccg=1 merges=0 elapsed=0.0 min
    [cosine] seed 28: unit=160 spikes=96129 neighbors=52 remaining=519
    [cosine] seeds=28 checked=800 ccg=1 merges=0 elapsed=0.0 min
    [cosine] seed 29: unit=17 spikes=95533 neighbors=28 remaining=518
    [cosine] seeds=29 checked=850 ccg=1 merges=0 elapsed=0.0 min
    [cosine] seed 30: unit=261 spikes=94317 neighbors=34 remaining=517
    [cosine] seed 31: unit=145 spikes=94000 neighbors=50 remaining=516
    [cosine] seeds=31 checked=900 ccg=1 merges=0 elapsed=0.0 min
    [cosine] seed 32: unit=506 spikes=93806 neighbors=16 remaining=515
    [cosine] seeds=32 checked=950 ccg=1 merges=0 elapsed=0.0 min
    [cosine] seed 33: unit=366 spikes=93315 neighbors=20 remaining=514
    [cosine] seed 34: unit=238 spikes=92828 neighbors=36 remaining=513
    [cosine] seeds=34 checked=1000 ccg=1 merges=0 elapsed=0.0 min
    [cosine] seed 35: unit=61 spikes=90155 neighbors=24 remaining=512
    [cosine] seed 36: unit=344 spikes=89291 neighbors=33 remaining=511
    [cosine] seeds=36 checked=1050 ccg=1 merges=0 elapsed=0.0 min
    [cosine] seed 37: unit=237 spikes=89080 neighbors=36 remaining=510
    [cosine] seed 38: unit=187 spikes=88974 neighbors=51 remaining=509
    [cosine] seeds=38 checked=1100 ccg=1 merges=0 elapsed=0.0 min
    [cosine] seed 39: unit=523 spikes=87920 neighbors=12 remaining=508
    [cosine] seeds=39 checked=1150 ccg=1 merges=0 elapsed=0.0 min
    [cosine] seed 40: unit=529 spikes=87861 neighbors=15 remaining=507
    [cosine] seed 41: unit=262 spikes=86857 neighbors=32 remaining=506
    [cosine] seeds=41 checked=1200 ccg=1 merges=0 elapsed=0.0 min
    [cosine] seed 42: unit=16 spikes=85953 neighbors=28 remaining=505
    [cosine] seed 43: unit=224 spikes=85015 neighbors=54 remaining=504
    [cosine] seeds=43 checked=1250 ccg=1 merges=0 elapsed=0.0 min
    [cosine] seed 44: unit=135 spikes=84842 neighbors=48 remaining=503
    [cosine] seeds=44 checked=1300 ccg=1 merges=0 elapsed=0.0 min
    [cosine] seed 45: unit=44 spikes=84580 neighbors=33 remaining=502
    [cosine] seeds=45 checked=1350 ccg=1 merges=0 elapsed=0.0 min
    [cosine] seed 46: unit=26 spikes=84148 neighbors=28 remaining=501
    [cosine] seed 47: unit=251 spikes=83978 neighbors=34 remaining=500
    [cosine] seeds=47 checked=1400 ccg=1 merges=0 elapsed=0.0 min
    [cosine] seed 48: unit=286 spikes=82151 neighbors=29 remaining=499
    [cosine] seed 49: unit=467 spikes=81604 neighbors=27 remaining=498
    [cosine] seeds=49 checked=1450 ccg=1 merges=0 elapsed=0.0 min
    [cosine] seed 50: unit=388 spikes=80678 neighbors=30 remaining=497
    [cosine] seed 51: unit=181 spikes=80507 neighbors=48 remaining=496
    [cosine] seeds=51 checked=1500 ccg=1 merges=0 elapsed=0.0 min
    [cosine] seed 52: unit=519 spikes=80181 neighbors=11 remaining=495
    [cosine] seed 53: unit=92 spikes=79674 neighbors=28 remaining=494
    [cosine] seeds=53 checked=1550 ccg=1 merges=0 elapsed=0.0 min
    [cosine] seed 54: unit=106 spikes=79187 neighbors=22 remaining=493
    [cosine] seed 55: unit=486 spikes=78126 neighbors=18 remaining=492
    [cosine] seeds=55 checked=1600 ccg=1 merges=0 elapsed=0.0 min
    [cosine] seed 56: unit=374 spikes=77584 neighbors=21 remaining=491
    [cosine] seed 57: unit=312 spikes=76091 neighbors=27 remaining=490
    [cosine] seed 58: unit=514 spikes=75971 neighbors=12 remaining=489
    [cosine] seeds=58 checked=1650 ccg=1 merges=0 elapsed=0.0 min
    [cosine] seed 59: unit=64 spikes=75392 neighbors=22 remaining=488
    [cosine] seed 60: unit=188 spikes=75161 neighbors=52 remaining=487
    [cosine] seeds=60 checked=1700 ccg=1 merges=0 elapsed=0.0 min
    [cosine] seed 61: unit=100 spikes=75145 neighbors=26 remaining=486
    [cosine] seed 62: unit=144 spikes=74862 neighbors=52 remaining=485
    [cosine] seeds=62 checked=1750 ccg=1 merges=0 elapsed=0.0 min
    [cosine] seed 63: unit=401 spikes=74016 neighbors=30 remaining=484
    [cosine] seeds=63 checked=1800 ccg=1 merges=0 elapsed=0.0 min
    [cosine] seed 64: unit=541 spikes=73098 neighbors=19 remaining=483
    [cosine] seed 65: unit=28 spikes=73042 neighbors=25 remaining=482
    [cosine] seeds=65 checked=1850 ccg=1 merges=0 elapsed=0.0 min
    [cosine] seed 66: unit=530 spikes=72636 neighbors=15 remaining=481
    [cosine] seed 67: unit=240 spikes=71220 neighbors=54 remaining=480
    [cosine] seeds=67 checked=1900 ccg=1 merges=0 elapsed=0.0 min
    [cosine] seed 68: unit=319 spikes=66297 neighbors=31 remaining=479
    [cosine] seed 69: unit=86 spikes=66123 neighbors=29 remaining=478
    [cosine] seeds=69 checked=1950 ccg=1 merges=0 elapsed=0.0 min
    [cosine] seed 70: unit=266 spikes=65918 neighbors=37 remaining=477
    [cosine] seeds=70 checked=2000 ccg=1 merges=0 elapsed=0.0 min
    [cosine] seed 71: unit=250 spikes=65755 neighbors=34 remaining=476
    [cosine] seed 72: unit=161 spikes=64426 neighbors=53 remaining=475
    [cosine] seeds=72 checked=2050 ccg=1 merges=0 elapsed=0.0 min
    [cosine] seed 73: unit=122 spikes=64126 neighbors=29 remaining=474
    [cosine] seeds=73 checked=2100 ccg=1 merges=0 elapsed=0.0 min
    [cosine] seed 74: unit=260 spikes=64110 neighbors=34 remaining=473
    [cosine] seed 75: unit=417 spikes=64072 neighbors=22 remaining=472
    [cosine] seeds=75 checked=2150 ccg=1 merges=0 elapsed=0.0 min
    [cosine] seed 76: unit=316 spikes=64038 neighbors=28 remaining=471
    [cosine] seed 77: unit=113 spikes=63863 neighbors=23 remaining=470
    [cosine] seed 78: unit=213 spikes=63712 neighbors=52 remaining=469
    [cosine] seeds=78 checked=2200 ccg=1 merges=0 elapsed=0.0 min
    [cosine] seed 79: unit=125 spikes=63637 neighbors=30 remaining=468
    [cosine] seeds=79 checked=2250 ccg=1 merges=0 elapsed=0.0 min
    [cosine] seed 80: unit=55 spikes=62826 neighbors=31 remaining=467
    [cosine] seed 81: unit=146 spikes=62640 neighbors=52 remaining=466
    [cosine] seeds=81 checked=2300 ccg=1 merges=0 elapsed=0.0 min
    [cosine] seed 82: unit=54 spikes=62532 neighbors=30 remaining=465
    [cosine] seeds=82 checked=2350 ccg=1 merges=0 elapsed=0.0 min
    [cosine] seed 83: unit=108 spikes=62364 neighbors=23 remaining=464
    [cosine] seed 84: unit=348 spikes=62140 neighbors=36 remaining=463
    [cosine] seeds=84 checked=2400 ccg=1 merges=0 elapsed=0.0 min
    [cosine] seed 85: unit=243 spikes=62088 neighbors=36 remaining=462
    [cosine] seed 86: unit=171 spikes=62028 neighbors=50 remaining=461
    [cosine] seeds=86 checked=2450 ccg=1 merges=0 elapsed=0.0 min
    [cosine] seed 87: unit=305 spikes=61900 neighbors=30 remaining=460
    [cosine] seeds=87 checked=2500 ccg=1 merges=0 elapsed=0.0 min
    [cosine] seed 88: unit=22 spikes=60533 neighbors=26 remaining=459
    [cosine] seed 89: unit=198 spikes=59262 neighbors=51 remaining=458
    [cosine] seeds=89 checked=2550 ccg=1 merges=0 elapsed=0.0 min
    [cosine] seed 90: unit=179 spikes=59220 neighbors=48 remaining=457
    [cosine] seeds=90 checked=2600 ccg=1 merges=0 elapsed=0.0 min
    [cosine] seed 91: unit=20 spikes=59040 neighbors=28 remaining=456
    [cosine] seed 92: unit=29 spikes=58411 neighbors=26 remaining=455
    [cosine] seed 93: unit=43 spikes=58008 neighbors=32 remaining=454
    [cosine] seeds=93 checked=2650 ccg=1 merges=0 elapsed=0.0 min
    [cosine] seed 94: unit=32 spikes=57938 neighbors=33 remaining=453
    [cosine] seed 95: unit=327 spikes=57281 neighbors=29 remaining=452
    [cosine] seeds=95 checked=2700 ccg=1 merges=0 elapsed=0.0 min
    [cosine] seed 96: unit=170 spikes=57267 neighbors=51 remaining=451
    [cosine] seeds=96 checked=2750 ccg=1 merges=0 elapsed=0.0 min
    [cosine] seed 97: unit=500 spikes=56622 neighbors=22 remaining=450
    [cosine] seed 98: unit=310 spikes=55785 neighbors=29 remaining=449
    [cosine] seeds=98 checked=2800 ccg=1 merges=0 elapsed=0.0 min
    [cosine] seed 99: unit=110 spikes=55085 neighbors=20 remaining=448
    [cosine] seed 100: unit=293 spikes=54825 neighbors=30 remaining=447
    [cosine] seed 101: unit=378 spikes=54819 neighbors=24 remaining=446
    [cosine] seeds=101 checked=2850 ccg=1 merges=0 elapsed=0.0 min
    [cosine] seed 102: unit=249 spikes=54538 neighbors=31 remaining=445
    [cosine] seed 103: unit=491 spikes=54502 neighbors=21 remaining=444
    [cosine] seeds=103 checked=2900 ccg=1 merges=0 elapsed=0.0 min
    [cosine] seed 104: unit=526 spikes=54463 neighbors=14 remaining=443
    [cosine] seed 105: unit=269 spikes=52732 neighbors=37 remaining=442
    [cosine] seed 106: unit=109 spikes=52302 neighbors=22 remaining=441
    [cosine] seeds=106 checked=2950 ccg=1 merges=0 elapsed=0.0 min
    [cosine] seed 107: unit=102 spikes=52273 neighbors=25 remaining=440
    [cosine] seed 108: unit=178 spikes=50813 neighbors=48 remaining=439
    [cosine] seeds=108 checked=3000 ccg=1 merges=0 elapsed=0.0 min
    [cosine] seed 109: unit=223 spikes=50611 neighbors=54 remaining=438
    [cosine] seeds=109 checked=3050 ccg=1 merges=0 elapsed=0.0 min
    [cosine] seed 110: unit=334 spikes=49872 neighbors=29 remaining=437
    [cosine] seed 111: unit=232 spikes=49785 neighbors=46 remaining=436
    [cosine] seeds=111 checked=3100 ccg=1 merges=0 elapsed=0.0 min
    [cosine] seed 112: unit=95 spikes=49232 neighbors=25 remaining=435
    [cosine] seed 113: unit=210 spikes=49067 neighbors=52 remaining=434
    [cosine] seeds=113 checked=3150 ccg=1 merges=0 elapsed=0.0 min
    [cosine] seed 114: unit=60 spikes=48757 neighbors=22 remaining=433
    [cosine] seed 115: unit=317 spikes=48483 neighbors=27 remaining=432
    [cosine] seeds=115 checked=3200 ccg=1 merges=0 elapsed=0.0 min
    [cosine] seed 116: unit=311 spikes=48190 neighbors=30 remaining=431
    [cosine] seed 117: unit=347 spikes=47943 neighbors=30 remaining=430
    [cosine] seeds=117 checked=3250 ccg=1 merges=0 elapsed=0.0 min
    [cosine] seed 118: unit=77 spikes=47792 neighbors=25 remaining=429
    [cosine] seed 119: unit=101 spikes=47709 neighbors=26 remaining=428
    [cosine] seeds=119 checked=3300 ccg=1 merges=0 elapsed=0.0 min
    [cosine] seed 120: unit=147 spikes=47147 neighbors=52 remaining=427
    [cosine] seed 121: unit=236 spikes=47056 neighbors=37 remaining=426
    [cosine] seeds=121 checked=3350 ccg=1 merges=0 elapsed=0.0 min
    [cosine] seed 122: unit=105 spikes=46710 neighbors=18 remaining=425
    [cosine] seed 123: unit=129 spikes=46490 neighbors=41 remaining=424
    [cosine] seeds=123 checked=3400 ccg=1 merges=0 elapsed=0.0 min
    [cosine] seed 124: unit=449 spikes=46384 neighbors=23 remaining=423
    [cosine] seed 125: unit=333 spikes=45970 neighbors=29 remaining=422
    [cosine] seeds=125 checked=3450 ccg=1 merges=0 elapsed=0.0 min
    [cosine] seed 126: unit=143 spikes=45869 neighbors=51 remaining=421
    [cosine] seed 127: unit=7 spikes=45554 neighbors=28 remaining=420
    [cosine] seeds=127 checked=3500 ccg=1 merges=0 elapsed=0.0 min
    [cosine] seed 128: unit=285 spikes=44723 neighbors=27 remaining=419
    [cosine] seed 129: unit=404 spikes=44406 neighbors=32 remaining=418
    [cosine] seeds=129 checked=3550 ccg=1 merges=0 elapsed=0.0 min
    [cosine] seed 130: unit=377 spikes=44213 neighbors=24 remaining=417
    [cosine] seed 131: unit=420 spikes=43753 neighbors=20 remaining=416
    [cosine] seed 132: unit=399 spikes=43715 neighbors=30 remaining=415
    [cosine] seeds=132 checked=3600 ccg=1 merges=0 elapsed=0.0 min
    [cosine] seed 133: unit=490 spikes=43427 neighbors=20 remaining=414
    [cosine] seed 134: unit=183 spikes=42930 neighbors=54 remaining=413
    [cosine] seeds=134 checked=3650 ccg=1 merges=0 elapsed=0.0 min
    [cosine] seed 135: unit=97 spikes=42582 neighbors=24 remaining=412
    [cosine] seed 136: unit=412 spikes=42315 neighbors=23 remaining=411
    [cosine] seeds=136 checked=3700 ccg=1 merges=0 elapsed=0.0 min
    [cosine] seed 137: unit=24 spikes=42102 neighbors=28 remaining=410
    [cosine] seed 138: unit=403 spikes=41972 neighbors=32 remaining=409
    [cosine] seeds=138 checked=3750 ccg=1 merges=0 elapsed=0.0 min
    [cosine] seed 139: unit=479 spikes=41812 neighbors=22 remaining=408
    [cosine] seed 140: unit=162 spikes=41290 neighbors=54 remaining=407
    [cosine] seeds=140 checked=3800 ccg=1 merges=0 elapsed=0.0 min
    [cosine] seed 141: unit=154 spikes=41230 neighbors=48 remaining=406
    [cosine] seed 142: unit=177 spikes=41139 neighbors=54 remaining=405
    [cosine] seeds=142 checked=3850 ccg=1 merges=0 elapsed=0.0 min
    [cosine] seed 143: unit=450 spikes=40842 neighbors=24 remaining=404
    [cosine] seeds=143 checked=3900 ccg=1 merges=0 elapsed=0.0 min
    [cosine] seed 144: unit=324 spikes=40780 neighbors=30 remaining=403
    [cosine] seed 145: unit=186 spikes=40063 neighbors=54 remaining=402
    [cosine] seeds=145 checked=3950 ccg=1 merges=0 elapsed=0.0 min
    [cosine] seed 146: unit=6 spikes=39649 neighbors=28 remaining=401
    [cosine] seed 147: unit=353 spikes=39545 neighbors=22 remaining=400
    [cosine] seeds=147 checked=4000 ccg=1 merges=0 elapsed=0.0 min
    [cosine] seed 148: unit=78 spikes=39140 neighbors=27 remaining=399
    [cosine] seed 149: unit=496 spikes=39128 neighbors=22 remaining=398
    [cosine] seed 150: unit=419 spikes=39001 neighbors=21 remaining=397
    [cosine] seeds=150 checked=4050 ccg=1 merges=0 elapsed=0.0 min
    [cosine] seed 151: unit=504 spikes=38313 neighbors=22 remaining=396
    [cosine] seed 152: unit=430 spikes=38181 neighbors=17 remaining=395
    [cosine] seed 153: unit=318 spikes=37867 neighbors=28 remaining=394
    [cosine] seeds=153 checked=4100 ccg=1 merges=0 elapsed=0.0 min
    [cosine] seed 154: unit=258 spikes=37815 neighbors=34 remaining=393
    [cosine] seed 155: unit=307 spikes=37412 neighbors=31 remaining=392
    [cosine] seeds=155 checked=4150 ccg=1 merges=0 elapsed=0.0 min
    [cosine] seed 156: unit=63 spikes=37170 neighbors=21 remaining=391
    [cosine] seed 157: unit=69 spikes=37054 neighbors=19 remaining=390
    [cosine] seed 158: unit=156 spikes=36870 neighbors=52 remaining=389
    [cosine] seeds=158 checked=4200 ccg=1 merges=0 elapsed=0.0 min
    [cosine] seed 159: unit=498 spikes=36582 neighbors=22 remaining=388
    [cosine] seed 160: unit=483 spikes=36570 neighbors=17 remaining=387
    [cosine] seed 161: unit=112 spikes=36248 neighbors=23 remaining=386
    [cosine] seeds=161 checked=4250 ccg=1 merges=0 elapsed=0.0 min
    [cosine] seed 162: unit=393 spikes=36113 neighbors=32 remaining=385
    [cosine] seed 163: unit=82 spikes=36033 neighbors=29 remaining=384
    [cosine] seeds=163 checked=4300 ccg=1 merges=0 elapsed=0.0 min
    [cosine] seed 164: unit=477 spikes=36031 neighbors=23 remaining=383
    [cosine] seed 165: unit=173 spikes=35968 neighbors=50 remaining=382
    [cosine] seeds=165 checked=4350 ccg=1 merges=0 elapsed=0.0 min
    [cosine] seed 166: unit=381 spikes=35945 neighbors=29 remaining=381
    [cosine] seed 167: unit=346 spikes=35819 neighbors=29 remaining=380
    [cosine] seed 168: unit=476 spikes=35764 neighbors=23 remaining=379
    [cosine] seeds=168 checked=4400 ccg=1 merges=0 elapsed=0.0 min
    [cosine] seed 169: unit=335 spikes=35730 neighbors=29 remaining=378
    [cosine] seed 170: unit=185 spikes=35633 neighbors=52 remaining=377
    [cosine] seeds=170 checked=4450 ccg=1 merges=0 elapsed=0.0 min
    [cosine] seed 171: unit=244 spikes=35253 neighbors=34 remaining=376
    [cosine] seed 172: unit=343 spikes=35248 neighbors=31 remaining=375
    [cosine] seeds=172 checked=4500 ccg=1 merges=0 elapsed=0.0 min
    [cosine] seed 173: unit=297 spikes=34947 neighbors=31 remaining=374
    [cosine] seed 174: unit=197 spikes=34909 neighbors=48 remaining=373
    [cosine] seeds=174 checked=4550 ccg=1 merges=0 elapsed=0.0 min
    [cosine] seed 175: unit=300 spikes=34899 neighbors=30 remaining=372
    [cosine] seed 176: unit=290 spikes=34873 neighbors=28 remaining=371
    [cosine] seeds=176 checked=4600 ccg=1 merges=0 elapsed=0.0 min
    [cosine] seed 177: unit=267 spikes=34416 neighbors=38 remaining=370
    [cosine] seed 178: unit=62 spikes=34186 neighbors=17 remaining=369
    [cosine] seed 179: unit=48 spikes=34066 neighbors=31 remaining=368
    [cosine] seeds=179 checked=4650 ccg=1 merges=0 elapsed=0.0 min
    [cosine] seed 180: unit=126 spikes=33554 neighbors=41 remaining=367
    [cosine] seed 181: unit=469 spikes=33545 neighbors=24 remaining=366
    [cosine] seeds=181 checked=4700 ccg=1 merges=0 elapsed=0.0 min
    [cosine] seed 182: unit=332 spikes=33502 neighbors=29 remaining=365
    [cosine] seed 183: unit=35 spikes=33155 neighbors=29 remaining=364
    [cosine] seed 184: unit=157 spikes=33074 neighbors=53 remaining=363
    [cosine] seeds=184 checked=4750 ccg=1 merges=0 elapsed=0.0 min
    [cosine] seed 185: unit=96 spikes=32751 neighbors=24 remaining=362
    [cosine] seed 186: unit=487 spikes=32726 neighbors=17 remaining=361
    [cosine] seed 187: unit=76 spikes=32295 neighbors=24 remaining=360
    [cosine] seeds=187 checked=4800 ccg=1 merges=0 elapsed=0.0 min
    [cosine] seed 188: unit=15 spikes=32181 neighbors=28 remaining=359
    [cosine] seed 189: unit=121 spikes=32094 neighbors=27 remaining=358
    [cosine] seed 190: unit=520 spikes=31853 neighbors=13 remaining=357
    [cosine] seeds=190 checked=4850 ccg=1 merges=0 elapsed=0.0 min
    [cosine] seed 191: unit=501 spikes=31621 neighbors=22 remaining=356
    [cosine] seed 192: unit=441 spikes=31607 neighbors=21 remaining=355
    [cosine] seed 193: unit=463 spikes=31509 neighbors=27 remaining=354
    [cosine] seeds=193 checked=4900 ccg=1 merges=0 elapsed=0.0 min
    [cosine] seed 194: unit=195 spikes=31469 neighbors=53 remaining=353
    [cosine] seed 195: unit=357 spikes=31206 neighbors=22 remaining=352
    [cosine] seeds=195 checked=4950 ccg=1 merges=0 elapsed=0.0 min
    [cosine] seed 196: unit=137 spikes=31029 neighbors=51 remaining=351
    [cosine] seed 197: unit=370 spikes=30943 neighbors=21 remaining=350
    [cosine] seeds=197 checked=5000 ccg=2 merges=0 elapsed=0.0 min
    [cosine] seed 198: unit=337 spikes=30851 neighbors=31 remaining=349
    [cosine] seed 199: unit=85 spikes=30768 neighbors=25 remaining=348
    [cosine] seed 200: unit=525 spikes=30755 neighbors=15 remaining=347
    [cosine] seed 201: unit=58 spikes=30537 neighbors=22 remaining=346
    [cosine] seeds=201 checked=5050 ccg=2 merges=0 elapsed=0.0 min
    [cosine] seed 202: unit=429 spikes=30375 neighbors=17 remaining=345
    [cosine] seed 203: unit=433 spikes=30201 neighbors=19 remaining=344
    [cosine] seed 204: unit=184 spikes=29842 neighbors=52 remaining=343
    [cosine] seeds=204 checked=5100 ccg=2 merges=0 elapsed=0.0 min
    [cosine] seed 205: unit=211 spikes=29789 neighbors=52 remaining=342
    [cosine] seed 206: unit=470 spikes=29783 neighbors=24 remaining=341
    [cosine] seeds=206 checked=5150 ccg=2 merges=0 elapsed=0.0 min
    [cosine] seed 207: unit=409 spikes=29748 neighbors=22 remaining=340
    [cosine] seed 208: unit=259 spikes=29529 neighbors=34 remaining=339
    [cosine] seed 209: unit=25 spikes=29489 neighbors=24 remaining=338
    [cosine] seeds=209 checked=5200 ccg=2 merges=0 elapsed=0.0 min
    [cosine] seed 210: unit=431 spikes=29348 neighbors=19 remaining=337
    [cosine] seed 211: unit=299 spikes=29264 neighbors=28 remaining=336
    [cosine] seed 212: unit=124 spikes=28978 neighbors=36 remaining=335
    [cosine] seeds=212 checked=5250 ccg=2 merges=0 elapsed=0.0 min
    [cosine] seed 213: unit=363 spikes=28717 neighbors=20 remaining=334
    [cosine] seed 214: unit=432 spikes=28633 neighbors=19 remaining=333
    [cosine] seed 215: unit=414 spikes=28629 neighbors=21 remaining=332
    [cosine] seed 216: unit=342 spikes=28516 neighbors=33 remaining=331
    [cosine] seeds=216 checked=5300 ccg=2 merges=0 elapsed=0.0 min
    [cosine] seed 217: unit=376 spikes=28516 neighbors=26 remaining=330
    [cosine] seed 218: unit=272 spikes=28305 neighbors=32 remaining=329
    [cosine] seeds=218 checked=5350 ccg=2 merges=0 elapsed=0.0 min
    [cosine] seed 219: unit=484 spikes=28291 neighbors=15 remaining=328
    [cosine] seed 220: unit=49 spikes=28159 neighbors=32 remaining=327
    [cosine] seed 221: unit=104 spikes=27768 neighbors=18 remaining=326
    [cosine] seed 222: unit=527 spikes=27664 neighbors=12 remaining=325
    [cosine] seed 223: unit=542 spikes=27458 neighbors=19 remaining=324
    [cosine] seeds=223 checked=5400 ccg=2 merges=0 elapsed=0.0 min
    [cosine] seed 224: unit=473 spikes=27067 neighbors=24 remaining=323
    [cosine] seed 225: unit=474 spikes=27047 neighbors=23 remaining=322
    [cosine] seed 226: unit=544 spikes=26870 neighbors=19 remaining=321
    [cosine] seed 227: unit=72 spikes=26322 neighbors=22 remaining=320
    [cosine] seeds=227 checked=5450 ccg=2 merges=0 elapsed=0.0 min
    [cosine] seed 228: unit=233 spikes=26284 neighbors=48 remaining=319
    [cosine] seed 229: unit=375 spikes=26240 neighbors=24 remaining=318
    [cosine] seeds=229 checked=5500 ccg=2 merges=0 elapsed=0.0 min
    [cosine] seed 230: unit=130 spikes=25869 neighbors=48 remaining=317
    [cosine] seed 231: unit=468 spikes=25827 neighbors=24 remaining=316
    [cosine] seed 232: unit=67 spikes=25796 neighbors=22 remaining=315
    [cosine] seeds=232 checked=5550 ccg=2 merges=0 elapsed=0.0 min
    [cosine] seed 233: unit=522 spikes=25698 neighbors=13 remaining=314
    [cosine] seed 234: unit=73 spikes=25666 neighbors=22 remaining=313
    [cosine] seed 235: unit=445 spikes=25495 neighbors=24 remaining=312
    [cosine] seed 236: unit=418 spikes=25402 neighbors=26 remaining=311
    [cosine] seeds=236 checked=5600 ccg=2 merges=0 elapsed=0.0 min
    [cosine] seed 237: unit=373 spikes=25396 neighbors=22 remaining=310
    [cosine] seed 238: unit=242 spikes=25391 neighbors=34 remaining=309
    [cosine] seed 239: unit=358 spikes=25340 neighbors=21 remaining=308
    [cosine] seed 240: unit=180 spikes=25102 neighbors=48 remaining=307
    [cosine] seeds=240 checked=5650 ccg=2 merges=0 elapsed=0.0 min
    [cosine] seed 241: unit=503 spikes=25045 neighbors=22 remaining=306
    [cosine] seed 242: unit=315 spikes=25023 neighbors=30 remaining=305
    [cosine] seed 243: unit=159 spikes=25013 neighbors=53 remaining=304
    [cosine] seeds=243 checked=5700 ccg=2 merges=0 elapsed=0.0 min
    [cosine] seed 244: unit=395 spikes=24868 neighbors=31 remaining=303
    [cosine] seed 245: unit=274 spikes=24841 neighbors=34 remaining=302
    [cosine] seeds=245 checked=5750 ccg=2 merges=0 elapsed=0.0 min
    [cosine] seed 246: unit=448 spikes=24838 neighbors=24 remaining=301
    [cosine] seed 247: unit=296 spikes=24816 neighbors=31 remaining=300
    [cosine] seeds=247 checked=5800 ccg=2 merges=0 elapsed=0.0 min
    [cosine] seed 248: unit=234 spikes=24681 neighbors=48 remaining=299
    [cosine] seed 249: unit=209 spikes=24641 neighbors=54 remaining=298
    [cosine] seeds=249 checked=5850 ccg=2 merges=0 elapsed=0.0 min
    [cosine] seed 250: unit=89 spikes=24543 neighbors=25 remaining=297
    [cosine] seed 251: unit=515 spikes=24453 neighbors=12 remaining=296
    [cosine] seed 252: unit=382 spikes=24238 neighbors=30 remaining=295
    [cosine] seeds=252 checked=5900 ccg=2 merges=0 elapsed=0.0 min
    [cosine] seed 253: unit=406 spikes=24169 neighbors=30 remaining=294
    [cosine] seed 254: unit=294 spikes=24154 neighbors=27 remaining=293
    [cosine] seed 255: unit=507 spikes=24008 neighbors=22 remaining=292
    [cosine] seed 256: unit=456 spikes=23892 neighbors=23 remaining=291
    [cosine] seeds=256 checked=5950 ccg=2 merges=0 elapsed=0.0 min
    [cosine] seed 257: unit=492 spikes=23621 neighbors=22 remaining=290
    [cosine] seed 258: unit=150 spikes=23467 neighbors=52 remaining=289
    [cosine] seeds=258 checked=6000 ccg=2 merges=0 elapsed=0.0 min
    [cosine] seed 259: unit=510 spikes=23436 neighbors=14 remaining=288
    [cosine] seed 260: unit=226 spikes=23291 neighbors=43 remaining=287
    [cosine] seed 261: unit=397 spikes=23264 neighbors=32 remaining=286
    [cosine] seeds=261 checked=6050 ccg=2 merges=0 elapsed=0.0 min
    [cosine] seed 262: unit=57 spikes=23237 neighbors=29 remaining=285
    [cosine] seed 263: unit=396 spikes=23145 neighbors=32 remaining=284
    [cosine] seed 264: unit=488 spikes=22721 neighbors=20 remaining=283
    [cosine] seed 265: unit=306 spikes=22606 neighbors=31 remaining=282
    [cosine] seeds=265 checked=6100 ccg=2 merges=0 elapsed=0.0 min
    [cosine] seed 266: unit=169 spikes=22465 neighbors=51 remaining=281
    [cosine] seed 267: unit=524 spikes=22458 neighbors=12 remaining=280
    [cosine] seed 268: unit=437 spikes=22307 neighbors=18 remaining=279
    [cosine] seed 269: unit=14 spikes=22199 neighbors=28 remaining=278
    [cosine] seeds=269 checked=6150 ccg=2 merges=0 elapsed=0.0 min
  [cosine] Merging 10 → [14]  cos=0.933
    [cosine] seed 270: unit=280 spikes=22193 neighbors=27 remaining=276
    [cosine] seed 271: unit=158 spikes=21978 neighbors=52 remaining=275
    [cosine] seeds=271 checked=6200 ccg=3 merges=1 elapsed=0.0 min
    [cosine] seed 272: unit=268 spikes=21938 neighbors=33 remaining=274
    [cosine] seed 273: unit=239 spikes=21875 neighbors=37 remaining=273
    [cosine] seed 274: unit=168 spikes=21856 neighbors=54 remaining=272
    [cosine] seeds=274 checked=6250 ccg=3 merges=1 elapsed=0.0 min
    [cosine] seed 275: unit=66 spikes=21785 neighbors=19 remaining=271
    [cosine] seed 276: unit=167 spikes=21357 neighbors=50 remaining=270
    [cosine] seeds=276 checked=6300 ccg=3 merges=1 elapsed=0.0 min
    [cosine] seed 277: unit=471 spikes=21328 neighbors=28 remaining=269
    [cosine] seed 278: unit=123 spikes=20878 neighbors=39 remaining=268
    [cosine] seed 279: unit=252 spikes=20844 neighbors=31 remaining=267
    [cosine] seed 280: unit=176 spikes=20788 neighbors=48 remaining=266
    [cosine] seeds=280 checked=6350 ccg=3 merges=1 elapsed=0.0 min
    [cosine] seed 281: unit=201 spikes=20763 neighbors=52 remaining=265
    [cosine] seed 282: unit=59 spikes=20754 neighbors=24 remaining=264
    [cosine] seeds=282 checked=6400 ccg=3 merges=1 elapsed=0.0 min
    [cosine] seed 283: unit=421 spikes=20694 neighbors=19 remaining=263
    [cosine] seed 284: unit=131 spikes=20674 neighbors=46 remaining=262
    [cosine] seed 285: unit=495 spikes=20530 neighbors=21 remaining=261
    [cosine] seed 286: unit=149 spikes=20411 neighbors=53 remaining=260
    [cosine] seeds=286 checked=6450 ccg=3 merges=1 elapsed=0.0 min
    [cosine] seed 287: unit=511 spikes=20118 neighbors=14 remaining=259
    [cosine] seed 288: unit=277 spikes=19885 neighbors=29 remaining=258
    [cosine] seed 289: unit=326 spikes=19788 neighbors=29 remaining=257
    [cosine] seed 290: unit=497 spikes=19661 neighbors=22 remaining=256
    [cosine] seeds=290 checked=6500 ccg=3 merges=1 elapsed=0.0 min
    [cosine] seed 291: unit=215 spikes=19659 neighbors=48 remaining=255
    [cosine] seed 292: unit=354 spikes=19650 neighbors=27 remaining=254
    [cosine] seed 293: unit=248 spikes=19280 neighbors=32 remaining=253
    [cosine] seeds=293 checked=6550 ccg=3 merges=1 elapsed=0.0 min
    [cosine] seed 294: unit=408 spikes=19126 neighbors=26 remaining=252
    [cosine] seed 295: unit=425 spikes=18877 neighbors=18 remaining=251
    [cosine] seed 296: unit=218 spikes=18834 neighbors=54 remaining=250
    [cosine] seeds=296 checked=6600 ccg=3 merges=1 elapsed=0.0 min
    [cosine] seed 297: unit=93 spikes=18519 neighbors=26 remaining=249
    [cosine] seed 298: unit=289 spikes=18501 neighbors=29 remaining=248
    [cosine] seed 299: unit=98 spikes=18367 neighbors=25 remaining=247
    [cosine] seed 300: unit=284 spikes=18302 neighbors=27 remaining=246
    [cosine] seeds=300 checked=6650 ccg=3 merges=1 elapsed=0.0 min
    [cosine] seed 301: unit=505 spikes=18249 neighbors=22 remaining=245
    [cosine] seed 302: unit=231 spikes=18109 neighbors=38 remaining=244
    [cosine] seed 303: unit=132 spikes=17817 neighbors=41 remaining=243
    [cosine] seed 304: unit=273 spikes=17709 neighbors=32 remaining=242
    [cosine] seeds=304 checked=6700 ccg=3 merges=1 elapsed=0.0 min
    [cosine] seed 305: unit=148 spikes=17520 neighbors=48 remaining=241
    [cosine] seed 306: unit=103 spikes=17463 neighbors=20 remaining=240
    [cosine] seed 307: unit=115 spikes=17355 neighbors=29 remaining=239
    [cosine] seed 308: unit=257 spikes=17353 neighbors=32 remaining=238
    [cosine] seeds=308 checked=6750 ccg=3 merges=1 elapsed=0.0 min
    [cosine] seed 309: unit=88 spikes=17257 neighbors=26 remaining=237
    [cosine] seed 310: unit=271 spikes=16906 neighbors=32 remaining=236
    [cosine] seed 311: unit=446 spikes=16897 neighbors=24 remaining=235
    [cosine] seed 312: unit=458 spikes=16866 neighbors=24 remaining=234
    [cosine] seeds=312 checked=6800 ccg=4 merges=1 elapsed=0.0 min
    [cosine] seed 313: unit=40 spikes=16851 neighbors=33 remaining=233
    [cosine] seed 314: unit=264 spikes=16667 neighbors=37 remaining=232
    [cosine] seed 315: unit=164 spikes=16641 neighbors=52 remaining=231
    [cosine] seeds=315 checked=6850 ccg=4 merges=1 elapsed=0.0 min
    [cosine] seed 316: unit=345 spikes=16466 neighbors=33 remaining=230
    [cosine] seed 317: unit=281 spikes=16358 neighbors=28 remaining=229
    [cosine] seed 318: unit=489 spikes=16015 neighbors=21 remaining=228
    [cosine] seed 319: unit=83 spikes=15906 neighbors=27 remaining=227
    [cosine] seed 320: unit=23 spikes=15824 neighbors=22 remaining=226
    [cosine] seeds=320 checked=6900 ccg=5 merges=1 elapsed=0.0 min
    [cosine] seed 321: unit=241 spikes=15817 neighbors=37 remaining=225
    [cosine] seed 322: unit=282 spikes=15763 neighbors=27 remaining=224
    [cosine] seed 323: unit=117 spikes=15530 neighbors=28 remaining=223
    [cosine] seed 324: unit=0 spikes=15512 neighbors=28 remaining=222
    [cosine] seed 325: unit=427 spikes=15369 neighbors=18 remaining=221
    [cosine] seeds=325 checked=6950 ccg=5 merges=1 elapsed=0.0 min
    [cosine] seed 326: unit=208 spikes=15352 neighbors=52 remaining=220
    [cosine] seed 327: unit=339 spikes=15186 neighbors=29 remaining=219
    [cosine] seed 328: unit=387 spikes=15109 neighbors=30 remaining=218
    [cosine] seeds=328 checked=7000 ccg=5 merges=1 elapsed=0.0 min
    [cosine] seed 329: unit=405 spikes=15026 neighbors=30 remaining=217
    [cosine] seed 330: unit=74 spikes=14967 neighbors=25 remaining=216
    [cosine] seed 331: unit=423 spikes=14926 neighbors=17 remaining=215
    [cosine] seed 332: unit=314 spikes=14894 neighbors=27 remaining=214
    [cosine] seed 333: unit=275 spikes=14851 neighbors=30 remaining=213
    [cosine] seeds=333 checked=7050 ccg=5 merges=1 elapsed=0.0 min
    [cosine] seed 334: unit=270 spikes=14849 neighbors=30 remaining=212
    [cosine] seed 335: unit=459 spikes=14806 neighbors=25 remaining=211
    [cosine] seed 336: unit=415 spikes=14739 neighbors=21 remaining=210
    [cosine] seed 337: unit=279 spikes=14627 neighbors=29 remaining=209
    [cosine] seed 338: unit=225 spikes=14566 neighbors=43 remaining=208
    [cosine] seeds=338 checked=7100 ccg=5 merges=1 elapsed=0.0 min
    [cosine] seed 339: unit=461 spikes=14326 neighbors=28 remaining=207
    [cosine] seed 340: unit=165 spikes=14278 neighbors=54 remaining=206
    [cosine] seed 341: unit=513 spikes=14158 neighbors=12 remaining=205
    [cosine] seed 342: unit=68 spikes=14147 neighbors=22 remaining=204
    [cosine] seed 343: unit=253 spikes=13932 neighbors=35 remaining=203
    [cosine] seeds=343 checked=7150 ccg=5 merges=1 elapsed=0.0 min
    [cosine] seed 344: unit=27 spikes=13874 neighbors=25 remaining=202
    [cosine] seed 345: unit=330 spikes=13849 neighbors=31 remaining=201
    [cosine] seed 346: unit=422 spikes=13726 neighbors=16 remaining=200
    [cosine] seed 347: unit=41 spikes=13642 neighbors=31 remaining=199
    [cosine] seed 348: unit=292 spikes=13617 neighbors=31 remaining=198
    [cosine] seeds=348 checked=7200 ccg=5 merges=1 elapsed=0.0 min
    [cosine] seed 349: unit=194 spikes=13519 neighbors=50 remaining=197
    [cosine] seed 350: unit=369 spikes=13482 neighbors=22 remaining=196
    [cosine] seed 351: unit=537 spikes=13051 neighbors=19 remaining=195
    [cosine] seed 352: unit=200 spikes=12982 neighbors=52 remaining=194
    [cosine] seeds=352 checked=7250 ccg=5 merges=1 elapsed=0.0 min
    [cosine] seed 353: unit=392 spikes=12947 neighbors=32 remaining=193
    [cosine] seed 354: unit=19 spikes=12886 neighbors=27 remaining=192
    [cosine] seed 355: unit=534 spikes=12876 neighbors=19 remaining=191
    [cosine] seeds=355 checked=7300 ccg=5 merges=1 elapsed=0.0 min
    [cosine] seed 356: unit=540 spikes=12615 neighbors=19 remaining=190
    [cosine] seed 357: unit=394 spikes=12533 neighbors=32 remaining=189
    [cosine] seed 358: unit=360 spikes=12474 neighbors=25 remaining=188
    [cosine] seed 359: unit=278 spikes=12453 neighbors=28 remaining=187
    [cosine] seed 360: unit=141 spikes=12398 neighbors=51 remaining=186
    [cosine] seeds=360 checked=7350 ccg=5 merges=1 elapsed=0.0 min
    [cosine] seed 361: unit=152 spikes=12328 neighbors=48 remaining=185
    [cosine] seed 362: unit=352 spikes=12298 neighbors=24 remaining=184
    [cosine] seed 363: unit=193 spikes=12288 neighbors=50 remaining=183
    [cosine] seed 364: unit=13 spikes=12169 neighbors=28 remaining=182
    [cosine] seeds=364 checked=7400 ccg=5 merges=1 elapsed=0.0 min
    [cosine] seed 365: unit=383 spikes=12085 neighbors=30 remaining=181
    [cosine] seed 366: unit=139 spikes=12037 neighbors=51 remaining=180
    [cosine] seed 367: unit=246 spikes=12026 neighbors=32 remaining=179
    [cosine] seed 368: unit=133 spikes=11832 neighbors=46 remaining=178
    [cosine] seed 369: unit=254 spikes=11788 neighbors=35 remaining=177
    [cosine] seeds=369 checked=7450 ccg=5 merges=1 elapsed=0.0 min
    [cosine] seed 370: unit=521 spikes=11746 neighbors=11 remaining=176
    [cosine] seed 371: unit=1 spikes=11471 neighbors=28 remaining=175
    [cosine] seed 372: unit=203 spikes=11413 neighbors=54 remaining=174
    [cosine] seed 373: unit=545 spikes=11380 neighbors=19 remaining=173
    [cosine] seed 374: unit=309 spikes=11376 neighbors=28 remaining=172
    [cosine] seeds=374 checked=7500 ccg=5 merges=1 elapsed=0.0 min
    [cosine] seed 375: unit=407 spikes=11307 neighbors=26 remaining=171
    [cosine] seed 376: unit=5 spikes=11266 neighbors=28 remaining=170
    [cosine] seed 377: unit=174 spikes=11231 neighbors=48 remaining=169
    [cosine] seed 378: unit=202 spikes=11036 neighbors=52 remaining=168
    [cosine] seed 379: unit=38 spikes=10958 neighbors=31 remaining=167
    [cosine] seeds=379 checked=7550 ccg=5 merges=1 elapsed=0.0 min
    [cosine] seed 380: unit=413 spikes=10925 neighbors=21 remaining=166
    [cosine] seed 381: unit=462 spikes=10862 neighbors=23 remaining=165
    [cosine] seed 382: unit=265 spikes=10829 neighbors=34 remaining=164
    [cosine] seed 383: unit=9 spikes=10789 neighbors=28 remaining=163
    [cosine] seed 384: unit=384 spikes=10739 neighbors=29 remaining=162
    [cosine] seed 385: unit=11 spikes=10718 neighbors=28 remaining=161
    [cosine] seeds=385 checked=7600 ccg=5 merges=1 elapsed=0.0 min
    [cosine] seed 386: unit=142 spikes=10620 neighbors=51 remaining=160
    [cosine] seed 387: unit=439 spikes=10569 neighbors=20 remaining=159
    [cosine] seed 388: unit=65 spikes=10511 neighbors=19 remaining=158
    [cosine] seed 389: unit=204 spikes=10095 neighbors=52 remaining=157
    [cosine] seed 390: unit=372 spikes=10094 neighbors=30 remaining=156
    [cosine] seed 391: unit=199 spikes=9973 neighbors=52 remaining=155
    [cosine] seeds=391 checked=7650 ccg=5 merges=1 elapsed=0.0 min
    [cosine] seed 392: unit=320 spikes=9958 neighbors=31 remaining=154
    [cosine] seed 393: unit=295 spikes=9822 neighbors=31 remaining=153
    [cosine] seed 394: unit=155 spikes=9797 neighbors=48 remaining=152
    [cosine] seed 395: unit=288 spikes=9571 neighbors=28 remaining=151
    [cosine] seed 396: unit=533 spikes=9517 neighbors=19 remaining=150
    [cosine] seeds=396 checked=7700 ccg=5 merges=1 elapsed=0.0 min
    [cosine] seed 397: unit=151 spikes=9217 neighbors=52 remaining=149
    [cosine] seed 398: unit=42 spikes=9173 neighbors=32 remaining=148
    [cosine] seed 399: unit=323 spikes=9160 neighbors=31 remaining=147
    [cosine] seed 400: unit=163 spikes=9094 neighbors=52 remaining=146
    [cosine] seed 401: unit=518 spikes=9069 neighbors=11 remaining=145
    [cosine] seed 402: unit=364 spikes=8998 neighbors=18 remaining=144
    [cosine] seeds=402 checked=7750 ccg=5 merges=1 elapsed=0.0 min
    [cosine] seed 403: unit=205 spikes=8948 neighbors=52 remaining=143
    [cosine] seed 404: unit=436 spikes=8933 neighbors=21 remaining=142
    [cosine] seed 405: unit=190 spikes=8892 neighbors=52 remaining=141
    [cosine] seed 406: unit=255 spikes=8872 neighbors=31 remaining=140
    [cosine] seed 407: unit=321 spikes=8868 neighbors=31 remaining=139
    [cosine] seeds=407 checked=7800 ccg=5 merges=1 elapsed=0.0 min
    [cosine] seed 408: unit=517 spikes=8822 neighbors=12 remaining=138
    [cosine] seed 409: unit=438 spikes=8736 neighbors=20 remaining=137
    [cosine] seed 410: unit=411 spikes=8689 neighbors=21 remaining=136
    [cosine] seed 411: unit=91 spikes=8640 neighbors=28 remaining=135
    [cosine] seed 412: unit=351 spikes=8633 neighbors=27 remaining=134
    [cosine] seed 413: unit=107 spikes=8526 neighbors=19 remaining=133
    [cosine] seed 414: unit=53 spikes=8442 neighbors=29 remaining=132
    [cosine] seed 415: unit=263 spikes=8291 neighbors=33 remaining=131
    [cosine] seed 416: unit=287 spikes=8268 neighbors=30 remaining=130
    [cosine] seed 417: unit=475 spikes=8218 neighbors=23 remaining=129
    [cosine] seeds=417 checked=7850 ccg=5 merges=1 elapsed=0.0 min
    [cosine] seed 418: unit=206 spikes=8167 neighbors=54 remaining=128
    [cosine] seed 419: unit=192 spikes=8145 neighbors=50 remaining=127
    [cosine] seed 420: unit=356 spikes=8122 neighbors=22 remaining=126
    [cosine] seed 421: unit=256 spikes=8042 neighbors=34 remaining=125
    [cosine] seed 422: unit=166 spikes=8035 neighbors=51 remaining=124
    [cosine] seed 423: unit=509 spikes=7978 neighbors=15 remaining=123
    [cosine] seed 424: unit=283 spikes=7961 neighbors=27 remaining=122
    [cosine] seed 425: unit=444 spikes=7957 neighbors=24 remaining=121
    [cosine] seeds=425 checked=7900 ccg=5 merges=1 elapsed=0.0 min
    [cosine] seed 426: unit=455 spikes=7834 neighbors=25 remaining=120
    [cosine] seed 427: unit=454 spikes=7823 neighbors=25 remaining=119
    [cosine] seed 428: unit=34 spikes=7815 neighbors=31 remaining=118
    [cosine] seed 429: unit=94 spikes=7692 neighbors=25 remaining=117
    [cosine] seed 430: unit=371 spikes=7669 neighbors=20 remaining=116
    [cosine] seed 431: unit=424 spikes=7532 neighbors=16 remaining=115
    [cosine] seed 432: unit=359 spikes=7428 neighbors=23 remaining=114
    [cosine] seeds=432 checked=7950 ccg=5 merges=1 elapsed=0.0 min
    [cosine] seed 433: unit=443 spikes=7413 neighbors=21 remaining=113
    [cosine] seed 434: unit=402 spikes=7379 neighbors=32 remaining=112
    [cosine] seed 435: unit=457 spikes=7215 neighbors=26 remaining=111
    [cosine] seed 436: unit=426 spikes=7151 neighbors=18 remaining=110
    [cosine] seed 437: unit=460 spikes=7097 neighbors=25 remaining=109
    [cosine] seed 438: unit=18 spikes=6997 neighbors=28 remaining=108
    [cosine] seed 439: unit=379 spikes=6820 neighbors=30 remaining=107
    [cosine] seed 440: unit=428 spikes=6720 neighbors=16 remaining=106
    [cosine] seed 441: unit=80 spikes=6410 neighbors=27 remaining=105
    [cosine] seed 442: unit=120 spikes=6360 neighbors=28 remaining=104
    [cosine] seeds=442 checked=8000 ccg=5 merges=1 elapsed=0.0 min
    [cosine] seed 443: unit=322 spikes=6309 neighbors=31 remaining=103
    [cosine] seed 444: unit=31 spikes=6049 neighbors=28 remaining=102
    [cosine] seed 445: unit=153 spikes=6045 neighbors=48 remaining=101
    [cosine] seed 446: unit=365 spikes=5936 neighbors=20 remaining=100
    [cosine] seed 447: unit=189 spikes=5897 neighbors=53 remaining=99
    [cosine] seed 448: unit=175 spikes=5846 neighbors=48 remaining=98
    [cosine] seed 449: unit=493 spikes=5689 neighbors=21 remaining=97
    [cosine] seed 450: unit=216 spikes=5673 neighbors=54 remaining=96
    [cosine] seeds=450 checked=8050 ccg=5 merges=1 elapsed=0.0 min
    [cosine] seed 451: unit=51 spikes=5641 neighbors=29 remaining=95
    [cosine] seed 452: unit=217 spikes=5635 neighbors=48 remaining=94
    [cosine] seed 453: unit=435 spikes=5560 neighbors=19 remaining=93
    [cosine] seed 454: unit=386 spikes=5481 neighbors=30 remaining=92
    [cosine] seed 455: unit=39 spikes=5436 neighbors=31 remaining=91
    [cosine] seed 456: unit=221 spikes=5390 neighbors=48 remaining=90
    [cosine] seed 457: unit=119 spikes=5323 neighbors=29 remaining=89
    [cosine] seed 458: unit=191 spikes=5288 neighbors=53 remaining=88
    [cosine] seeds=458 checked=8100 ccg=5 merges=1 elapsed=0.0 min
    [cosine] seed 459: unit=410 spikes=5193 neighbors=22 remaining=87
    [cosine] seed 460: unit=303 spikes=5173 neighbors=30 remaining=86
    [cosine] seed 461: unit=81 spikes=4964 neighbors=25 remaining=85
    [cosine] seed 462: unit=33 spikes=4532 neighbors=28 remaining=84
    [cosine] seed 463: unit=37 spikes=4493 neighbors=32 remaining=83
    [cosine] seed 464: unit=385 spikes=4413 neighbors=29 remaining=82
    [cosine] seed 465: unit=543 spikes=4328 neighbors=19 remaining=81
    [cosine] seed 466: unit=440 spikes=4286 neighbors=20 remaining=80
    [cosine] seed 467: unit=219 spikes=4185 neighbors=54 remaining=79
    [cosine] seed 468: unit=304 spikes=4177 neighbors=30 remaining=78
    [cosine] seed 469: unit=482 spikes=4172 neighbors=17 remaining=77
    [cosine] seeds=469 checked=8150 ccg=5 merges=1 elapsed=0.0 min
    [cosine] seed 470: unit=390 spikes=4059 neighbors=32 remaining=76
    [cosine] seed 471: unit=46 spikes=4020 neighbors=31 remaining=75
    [cosine] seed 472: unit=434 spikes=4005 neighbors=19 remaining=74
    [cosine] seed 473: unit=336 spikes=3914 neighbors=29 remaining=73
    [cosine] seed 474: unit=276 spikes=3878 neighbors=28 remaining=72
    [cosine] seed 475: unit=485 spikes=3816 neighbors=17 remaining=71
    [cosine] seed 476: unit=245 spikes=3741 neighbors=34 remaining=70
    [cosine] seed 477: unit=90 spikes=3718 neighbors=26 remaining=69
    [cosine] seed 478: unit=464 spikes=3702 neighbors=27 remaining=68
    [cosine] seed 479: unit=494 spikes=3625 neighbors=21 remaining=67
    [cosine] seed 480: unit=528 spikes=3463 neighbors=15 remaining=66
    [cosine] seed 481: unit=127 spikes=3402 neighbors=39 remaining=65
    [cosine] seed 482: unit=531 spikes=3395 neighbors=15 remaining=64
    [cosine] seed 483: unit=45 spikes=3302 neighbors=30 remaining=63
    [cosine] seeds=483 checked=8200 ccg=5 merges=1 elapsed=0.0 min
    [cosine] seed 484: unit=229 spikes=3116 neighbors=48 remaining=62
    [cosine] seed 485: unit=12 spikes=3099 neighbors=28 remaining=61
    [cosine] seed 486: unit=301 spikes=2962 neighbors=30 remaining=60
    [cosine] seed 487: unit=329 spikes=2867 neighbors=29 remaining=59
    [cosine] seed 488: unit=47 spikes=2860 neighbors=30 remaining=58
    [cosine] seed 489: unit=182 spikes=2844 neighbors=48 remaining=57
    [cosine] seed 490: unit=538 spikes=2743 neighbors=19 remaining=56
    [cosine] seed 491: unit=400 spikes=2733 neighbors=32 remaining=55
    [cosine] seed 492: unit=447 spikes=2632 neighbors=24 remaining=54
    [cosine] seed 493: unit=355 spikes=2570 neighbors=21 remaining=53
    [cosine] seed 494: unit=235 spikes=2553 neighbors=36 remaining=52
    [cosine] seed 495: unit=230 spikes=2511 neighbors=38 remaining=51
    [cosine] seed 496: unit=116 spikes=2428 neighbors=28 remaining=50
    [cosine] seeds=496 checked=8250 ccg=5 merges=1 elapsed=0.0 min
    [cosine] seed 497: unit=222 spikes=2234 neighbors=54 remaining=49
    [cosine] seed 498: unit=331 spikes=2211 neighbors=29 remaining=48
    [cosine] seed 499: unit=341 spikes=2155 neighbors=33 remaining=47
    [cosine] seed 500: unit=536 spikes=2107 neighbors=19 remaining=46
    [cosine] seed 501: unit=3 spikes=2088 neighbors=28 remaining=45
    [cosine] seed 502: unit=340 spikes=2051 neighbors=33 remaining=44
    [cosine] seed 503: unit=338 spikes=1951 neighbors=33 remaining=43
    [cosine] seed 504: unit=499 spikes=1947 neighbors=22 remaining=42
    [cosine] seed 505: unit=52 spikes=1911 neighbors=30 remaining=41
    [cosine] seed 506: unit=4 spikes=1826 neighbors=28 remaining=40
    [cosine] seed 507: unit=228 spikes=1788 neighbors=48 remaining=39
    [cosine] seed 508: unit=535 spikes=1782 neighbors=19 remaining=38
    [cosine] seed 509: unit=87 spikes=1575 neighbors=28 remaining=37
    [cosine] seed 510: unit=466 spikes=1575 neighbors=25 remaining=36
    [cosine] seed 511: unit=227 spikes=1506 neighbors=38 remaining=35
    [cosine] seed 512: unit=220 spikes=1458 neighbors=48 remaining=34
    [cosine] seed 513: unit=70 spikes=1449 neighbors=22 remaining=33
    [cosine] seed 514: unit=247 spikes=1424 neighbors=34 remaining=32
    [cosine] seed 515: unit=389 spikes=1333 neighbors=31 remaining=31
    [cosine] seed 516: unit=71 spikes=1315 neighbors=22 remaining=30
    [cosine] seed 517: unit=308 spikes=1199 neighbors=28 remaining=29
    [cosine] seed 518: unit=502 spikes=1145 neighbors=22 remaining=28
    [cosine] seed 519: unit=75 spikes=1127 neighbors=24 remaining=27
[INFO] -  
[INFO] - Saving to phy and computing refractory periods
[INFO] - ----------------------------------------
[INFO] - 327 units found with good refractory periods
[INFO] - Total runtime: 143.52s = 00:02:24 h:m:s
[INFO] - Sorting output saved in: /media/huklab/Data/NPX/Spikesorting/Patching/patched_pipeline_results_Luke12052025_V1_RH_g0_imec1/cur/cur_output.
[INFO] -  
[INFO] - Resource usage after saving
[INFO] - ********************************************************
[INFO] - CPU usage:    22.30 %
[INFO] - Memory:       22.41 %     |     42.22   /   188.39 GB
[INFO] - ------------------------------------------------------
[INFO] - GPU usage:     0.00 %
[INFO] - GPU memory:   19.57 %     |      4.63   /    23.65 GB
[INFO] - Allocated:     0.09 %     |      0.02   /    23.65 GB
[INFO] - Max alloc:    11.48 %     |      2.72   /    23.65 GB
[INFO] - ********************************************************
    [cosine] seed 520: unit=442 spikes=1099 neighbors=24 remaining=26
    [cosine] seeds=520 checked=8300 ccg=5 merges=1 elapsed=0.0 min
    [cosine] seed 521: unit=465 spikes=978 neighbors=25 remaining=25
    [cosine] seed 522: unit=478 spikes=972 neighbors=24 remaining=24
    [cosine] seed 523: unit=350 spikes=949 neighbors=22 remaining=23
    [cosine] seed 524: unit=2 spikes=901 neighbors=28 remaining=22
    [cosine] seed 525: unit=298 spikes=898 neighbors=30 remaining=21
    [cosine] seed 526: unit=480 spikes=771 neighbors=19 remaining=20
    [cosine] seed 527: unit=128 spikes=729 neighbors=41 remaining=19
    [cosine] seed 528: unit=539 spikes=715 neighbors=19 remaining=18
    [cosine] seed 529: unit=302 spikes=661 neighbors=30 remaining=17
    [cosine] seed 530: unit=368 spikes=655 neighbors=20 remaining=16
    [cosine] seed 531: unit=481 spikes=654 neighbors=19 remaining=15
    [cosine] seed 532: unit=349 spikes=622 neighbors=22 remaining=14
    [cosine] seed 533: unit=207 spikes=612 neighbors=52 remaining=13
    [cosine] seed 534: unit=453 spikes=591 neighbors=25 remaining=12
    [cosine] seed 535: unit=140 spikes=569 neighbors=51 remaining=11
    [cosine] seed 536: unit=313 spikes=554 neighbors=26 remaining=10
    [cosine] seed 537: unit=118 spikes=547 neighbors=28 remaining=9
    [cosine] seed 538: unit=36 spikes=543 neighbors=33 remaining=8
Found 1 merge groups
Flagging 0 redundant units for removal
Applying 1 merge groups, 0 redundant removals
Extracting waveforms:   0%|          | 0/545 [00:00<?, ?it/s]Extracting waveforms:   0%|          | 1/545 [01:01<9:21:23, 61.92s/it]Extracting waveforms:   0%|          | 2/545 [01:48<8:01:08, 53.16s/it]Extracting waveforms:   1%|          | 3/545 [02:13<6:01:39, 40.04s/it]Extracting waveforms:   1%|          | 4/545 [02:43<5:25:38, 36.12s/it]Extracting waveforms:   1%|          | 5/545 [03:11<4:58:33, 33.17s/it]Extracting waveforms:   1%|          | 6/545 [04:09<6:14:28, 41.69s/it]Extracting waveforms:   1%|▏         | 7/545 [05:21<7:42:49, 51.62s/it]Extracting waveforms:   1%|▏         | 8/545 [06:24<8:12:54, 55.07s/it]Extracting waveforms:   2%|▏         | 9/545 [07:32<8:50:08, 59.34s/it]Extracting waveforms:   2%|▏         | 10/545 [08:26<8:32:42, 57.50s/it]Extracting waveforms:   2%|▏         | 11/545 [09:25<8:35:42, 57.95s/it]Extracting waveforms:   2%|▏         | 12/545 [10:22<8:33:09, 57.77s/it]Extracting waveforms:   2%|▏         | 13/545 [11:10<8:04:38, 54.66s/it]Extracting waveforms:   3%|▎         | 14/545 [12:12<8:24:47, 57.04s/it]Extracting waveforms:   3%|▎         | 15/545 [13:23<8:59:56, 61.12s/it]Extracting waveforms:   3%|▎         | 16/545 [14:27<9:05:55, 61.92s/it]Extracting waveforms:   3%|▎         | 17/545 [15:26<8:59:33, 61.31s/it]Extracting waveforms:   3%|▎         | 18/545 [16:27<8:56:21, 61.07s/it]Extracting waveforms:   3%|▎         | 19/545 [17:29<8:56:46, 61.23s/it]Extracting waveforms:   4%|▎         | 20/545 [18:21<8:32:19, 58.55s/it]Extracting waveforms:   4%|▍         | 21/545 [19:16<8:22:50, 57.58s/it]Extracting waveforms:   4%|▍         | 22/545 [20:09<8:10:21, 56.26s/it]Extracting waveforms:   4%|▍         | 23/545 [21:00<7:56:10, 54.73s/it]Extracting waveforms:   4%|▍         | 24/545 [21:54<7:51:46, 54.33s/it]Extracting waveforms:   5%|▍         | 25/545 [22:50<7:56:16, 54.96s/it]Extracting waveforms:   5%|▍         | 26/545 [23:37<7:33:46, 52.46s/it]Extracting waveforms:   5%|▍         | 27/545 [24:27<7:26:45, 51.75s/it]Extracting waveforms:   5%|▌         | 28/545 [25:16<7:18:26, 50.88s/it]Extracting waveforms:   5%|▌         | 29/545 [26:03<7:08:30, 49.83s/it]Extracting waveforms:   6%|▌         | 30/545 [26:41<6:37:12, 46.28s/it]Extracting waveforms:   6%|▌         | 31/545 [27:24<6:27:58, 45.29s/it]Extracting waveforms:   6%|▌         | 32/545 [28:06<6:18:36, 44.28s/it]Extracting waveforms:   6%|▌         | 33/545 [28:42<5:55:26, 41.65s/it]Extracting waveforms:   6%|▌         | 34/545 [29:30<6:12:33, 43.74s/it]Extracting waveforms:   6%|▋         | 35/545 [30:06<5:50:53, 41.28s/it]Extracting waveforms:   7%|▋         | 36/545 [30:43<5:40:18, 40.12s/it]Extracting waveforms:   7%|▋         | 37/545 [31:26<5:45:28, 40.80s/it]Extracting waveforms:   7%|▋         | 38/545 [32:05<5:42:21, 40.51s/it]Extracting waveforms:   7%|▋         | 39/545 [32:47<5:43:18, 40.71s/it]Extracting waveforms:   7%|▋         | 40/545 [33:27<5:42:27, 40.69s/it]Extracting waveforms:   8%|▊         | 41/545 [34:04<5:32:16, 39.56s/it]Extracting waveforms:   8%|▊         | 42/545 [34:42<5:26:17, 38.92s/it]Extracting waveforms:   8%|▊         | 43/545 [35:19<5:20:48, 38.34s/it]Extracting waveforms:   8%|▊         | 44/545 [35:51<5:06:27, 36.70s/it]Extracting waveforms:   8%|▊         | 45/545 [36:05<4:09:05, 29.89s/it]Extracting waveforms:   8%|▊         | 46/545 [36:32<3:59:35, 28.81s/it]Extracting waveforms:   9%|▊         | 47/545 [37:11<4:24:19, 31.85s/it]Extracting waveforms:   9%|▉         | 48/545 [37:48<4:36:08, 33.34s/it]Extracting waveforms:   9%|▉         | 49/545 [38:28<4:53:37, 35.52s/it]Extracting waveforms:   9%|▉         | 50/545 [38:55<4:30:36, 32.80s/it]Extracting waveforms:   9%|▉         | 51/545 [39:32<4:40:49, 34.11s/it]Extracting waveforms:  10%|▉         | 52/545 [40:04<4:36:42, 33.68s/it]Extracting waveforms:  10%|▉         | 53/545 [40:50<5:04:29, 37.13s/it]Extracting waveforms:  10%|▉         | 54/545 [41:30<5:12:49, 38.23s/it]Extracting waveforms:  10%|█         | 55/545 [42:03<4:59:10, 36.63s/it]Extracting waveforms:  10%|█         | 56/545 [42:41<5:02:10, 37.08s/it]Extracting waveforms:  10%|█         | 57/545 [43:15<4:51:59, 35.90s/it]Extracting waveforms:  11%|█         | 58/545 [43:54<4:59:38, 36.92s/it]Extracting waveforms:  11%|█         | 59/545 [44:28<4:51:54, 36.04s/it]Extracting waveforms:  11%|█         | 60/545 [45:03<4:48:53, 35.74s/it]Extracting waveforms:  11%|█         | 61/545 [45:39<4:48:22, 35.75s/it]Extracting waveforms:  11%|█▏        | 62/545 [46:12<4:40:56, 34.90s/it]Extracting waveforms:  12%|█▏        | 63/545 [46:42<4:30:22, 33.66s/it]Extracting waveforms:  12%|█▏        | 64/545 [47:14<4:25:32, 33.12s/it]Extracting waveforms:  12%|█▏        | 65/545 [47:44<4:17:59, 32.25s/it]Extracting waveforms:  12%|█▏        | 66/545 [48:11<4:03:39, 30.52s/it]Extracting waveforms:  12%|█▏        | 67/545 [48:44<4:08:22, 31.18s/it]Extracting waveforms:  12%|█▏        | 68/545 [49:12<4:01:40, 30.40s/it]Extracting waveforms:  13%|█▎        | 69/545 [49:27<3:23:43, 25.68s/it]Extracting waveforms:  13%|█▎        | 70/545 [49:35<2:40:29, 20.27s/it]Extracting waveforms:  13%|█▎        | 71/545 [50:02<2:57:12, 22.43s/it]Extracting waveforms:  13%|█▎        | 72/545 [50:30<3:10:09, 24.12s/it]Extracting waveforms:  13%|█▎        | 73/545 [51:00<3:24:29, 26.00s/it]Extracting waveforms:  14%|█▎        | 74/545 [51:28<3:28:34, 26.57s/it]Extracting waveforms:  14%|█▍        | 75/545 [51:56<3:30:36, 26.89s/it]Extracting waveforms:  14%|█▍        | 76/545 [52:20<3:24:10, 26.12s/it]Extracting waveforms:  14%|█▍        | 77/545 [52:46<3:23:33, 26.10s/it]Extracting waveforms:  14%|█▍        | 78/545 [53:15<3:28:24, 26.78s/it]Extracting waveforms:  14%|█▍        | 79/545 [53:41<3:26:17, 26.56s/it]Extracting waveforms:  15%|█▍        | 80/545 [54:07<3:25:47, 26.55s/it]Extracting waveforms:  15%|█▍        | 81/545 [54:30<3:15:16, 25.25s/it]Extracting waveforms:  15%|█▌        | 82/545 [54:53<3:11:32, 24.82s/it]Extracting waveforms:  15%|█▌        | 83/545 [55:23<3:22:50, 26.34s/it]Extracting waveforms:  15%|█▌        | 84/545 [55:49<3:21:26, 26.22s/it]Extracting waveforms:  16%|█▌        | 85/545 [56:13<3:16:42, 25.66s/it]Extracting waveforms:  16%|█▌        | 86/545 [56:33<3:01:54, 23.78s/it]Extracting waveforms:  16%|█▌        | 87/545 [56:55<2:57:09, 23.21s/it]Extracting waveforms:  16%|█▌        | 88/545 [57:21<3:04:46, 24.26s/it]Extracting waveforms:  16%|█▋        | 89/545 [57:42<2:55:19, 23.07s/it]Extracting waveforms:  17%|█▋        | 90/545 [58:08<3:01:31, 23.94s/it]Extracting waveforms:  17%|█▋        | 91/545 [58:34<3:05:54, 24.57s/it]Extracting waveforms:  17%|█▋        | 92/545 [59:01<3:11:40, 25.39s/it]Extracting waveforms:  17%|█▋        | 93/545 [59:29<3:17:02, 26.16s/it]Extracting waveforms:  17%|█▋        | 94/545 [59:57<3:21:31, 26.81s/it]Extracting waveforms:  17%|█▋        | 95/545 [1:00:24<3:20:47, 26.77s/it]Extracting waveforms:  18%|█▊        | 96/545 [1:00:47<3:11:43, 25.62s/it]Extracting waveforms:  18%|█▊        | 97/545 [1:01:15<3:17:43, 26.48s/it]Extracting waveforms:  18%|█▊        | 98/545 [1:01:42<3:16:23, 26.36s/it]Extracting waveforms:  18%|█▊        | 99/545 [1:02:05<3:09:41, 25.52s/it]Extracting waveforms:  18%|█▊        | 100/545 [1:02:30<3:07:37, 25.30s/it]Extracting waveforms:  19%|█▊        | 101/545 [1:03:01<3:19:48, 27.00s/it]Extracting waveforms:  19%|█▊        | 102/545 [1:03:25<3:13:28, 26.20s/it]Extracting waveforms:  19%|█▉        | 103/545 [1:03:50<3:10:45, 25.89s/it]Extracting waveforms:  19%|█▉        | 104/545 [1:04:16<3:10:30, 25.92s/it]Extracting waveforms:  19%|█▉        | 105/545 [1:04:37<2:58:30, 24.34s/it]Extracting waveforms:  19%|█▉        | 106/545 [1:05:02<3:00:03, 24.61s/it]Extracting waveforms:  20%|█▉        | 107/545 [1:05:30<3:07:11, 25.64s/it]Extracting waveforms:  20%|█▉        | 108/545 [1:05:58<3:11:47, 26.33s/it]Extracting waveforms:  20%|██        | 109/545 [1:06:21<3:03:59, 25.32s/it]Extracting waveforms:  20%|██        | 110/545 [1:06:47<3:04:37, 25.46s/it]Extracting waveforms:  20%|██        | 111/545 [1:07:14<3:07:35, 25.93s/it]Extracting waveforms:  21%|██        | 112/545 [1:07:43<3:13:59, 26.88s/it]Extracting waveforms:  21%|██        | 113/545 [1:08:10<3:12:35, 26.75s/it]Extracting waveforms:  21%|██        | 114/545 [1:08:34<3:08:07, 26.19s/it]Extracting waveforms:  21%|██        | 115/545 [1:08:55<2:56:34, 24.64s/it]Extracting waveforms:  21%|██▏       | 116/545 [1:09:16<2:47:30, 23.43s/it]Extracting waveforms:  21%|██▏       | 117/545 [1:09:30<2:25:58, 20.46s/it]Extracting waveforms:  22%|██▏       | 118/545 [1:09:52<2:28:41, 20.89s/it]Extracting waveforms:  22%|██▏       | 119/545 [1:10:18<2:39:53, 22.52s/it]Extracting waveforms:  22%|██▏       | 120/545 [1:10:42<2:43:28, 23.08s/it]Extracting waveforms:  22%|██▏       | 121/545 [1:11:07<2:46:39, 23.58s/it]Extracting waveforms:  22%|██▏       | 122/545 [1:11:30<2:44:45, 23.37s/it]Extracting waveforms:  23%|██▎       | 123/545 [1:11:56<2:49:46, 24.14s/it]Extracting waveforms:  23%|██▎       | 124/545 [1:12:22<2:53:31, 24.73s/it]Extracting waveforms:  23%|██▎       | 125/545 [1:12:45<2:50:22, 24.34s/it]Extracting waveforms:  23%|██▎       | 126/545 [1:13:12<2:55:31, 25.13s/it]Extracting waveforms:  23%|██▎       | 127/545 [1:13:36<2:53:02, 24.84s/it]Extracting waveforms:  23%|██▎       | 128/545 [1:13:57<2:43:00, 23.45s/it]Extracting waveforms:  24%|██▎       | 129/545 [1:14:18<2:39:08, 22.95s/it]Extracting waveforms:  24%|██▍       | 130/545 [1:14:36<2:28:12, 21.43s/it]Extracting waveforms:  24%|██▍       | 131/545 [1:14:53<2:18:20, 20.05s/it]Extracting waveforms:  24%|██▍       | 132/545 [1:15:19<2:29:55, 21.78s/it]Extracting waveforms:  24%|██▍       | 133/545 [1:15:36<2:19:30, 20.32s/it]Extracting waveforms:  25%|██▍       | 134/545 [1:15:56<2:17:43, 20.11s/it]Extracting waveforms:  25%|██▍       | 135/545 [1:15:59<1:42:49, 15.05s/it]Extracting waveforms:  25%|██▍       | 136/545 [1:16:18<1:51:28, 16.35s/it]Extracting waveforms:  25%|██▌       | 137/545 [1:16:23<1:28:13, 12.97s/it]Extracting waveforms:  25%|██▌       | 138/545 [1:16:46<1:47:35, 15.86s/it]Extracting waveforms:  26%|██▌       | 139/545 [1:16:51<1:25:19, 12.61s/it]Extracting waveforms:  26%|██▌       | 140/545 [1:17:06<1:30:16, 13.37s/it]Extracting waveforms:  26%|██▌       | 141/545 [1:17:21<1:33:19, 13.86s/it]Extracting waveforms:  26%|██▌       | 142/545 [1:17:40<1:42:40, 15.29s/it]Extracting waveforms:  26%|██▌       | 143/545 [1:17:54<1:41:15, 15.11s/it]Extracting waveforms:  26%|██▋       | 144/545 [1:18:17<1:55:53, 17.34s/it]Extracting waveforms:  27%|██▋       | 145/545 [1:18:40<2:07:09, 19.07s/it]Extracting waveforms:  27%|██▋       | 146/545 [1:19:08<2:25:32, 21.88s/it]Extracting waveforms:  27%|██▋       | 147/545 [1:19:29<2:21:34, 21.34s/it]Extracting waveforms:  27%|██▋       | 148/545 [1:19:58<2:37:10, 23.75s/it]Extracting waveforms:  27%|██▋       | 149/545 [1:20:14<2:21:27, 21.43s/it]Extracting waveforms:  28%|██▊       | 150/545 [1:20:29<2:08:22, 19.50s/it]Extracting waveforms:  28%|██▊       | 151/545 [1:20:48<2:07:59, 19.49s/it]Extracting waveforms:  28%|██▊       | 152/545 [1:21:07<2:06:32, 19.32s/it]Extracting waveforms:  28%|██▊       | 153/545 [1:21:25<2:02:36, 18.77s/it]Extracting waveforms:  28%|██▊       | 154/545 [1:21:40<1:55:34, 17.74s/it]Extracting waveforms:  28%|██▊       | 155/545 [1:21:57<1:53:16, 17.43s/it]Extracting waveforms:  29%|██▊       | 156/545 [1:22:12<1:47:46, 16.62s/it]Extracting waveforms:  29%|██▉       | 157/545 [1:22:37<2:05:18, 19.38s/it]Extracting waveforms:  29%|██▉       | 158/545 [1:22:52<1:56:36, 18.08s/it]Extracting waveforms:  29%|██▉       | 159/545 [1:23:16<2:07:18, 19.79s/it]Extracting waveforms:  29%|██▉       | 160/545 [1:23:38<2:10:53, 20.40s/it]Extracting waveforms:  30%|██▉       | 161/545 [1:23:54<2:01:32, 18.99s/it]Extracting waveforms:  30%|██▉       | 162/545 [1:24:17<2:08:39, 20.16s/it]Extracting waveforms:  30%|██▉       | 163/545 [1:24:30<1:54:56, 18.05s/it]Extracting waveforms:  30%|███       | 164/545 [1:24:44<1:47:21, 16.91s/it]Extracting waveforms:  30%|███       | 165/545 [1:24:59<1:44:01, 16.43s/it]Extracting waveforms:  30%|███       | 166/545 [1:25:13<1:38:14, 15.55s/it]Extracting waveforms:  31%|███       | 167/545 [1:25:25<1:31:31, 14.53s/it]Extracting waveforms:  31%|███       | 168/545 [1:25:37<1:27:23, 13.91s/it]Extracting waveforms:  31%|███       | 169/545 [1:26:01<1:46:01, 16.92s/it]Extracting waveforms:  31%|███       | 170/545 [1:26:25<1:57:56, 18.87s/it]Extracting waveforms:  31%|███▏      | 171/545 [1:26:42<1:55:28, 18.52s/it]Extracting waveforms:  32%|███▏      | 172/545 [1:26:58<1:48:54, 17.52s/it]Extracting waveforms:  32%|███▏      | 173/545 [1:27:27<2:11:15, 21.17s/it]Extracting waveforms:  32%|███▏      | 174/545 [1:27:43<2:01:19, 19.62s/it]Extracting waveforms:  32%|███▏      | 175/545 [1:28:09<2:12:01, 21.41s/it]Extracting waveforms:  32%|███▏      | 176/545 [1:28:27<2:06:10, 20.52s/it]Extracting waveforms:  32%|███▏      | 177/545 [1:28:49<2:07:38, 20.81s/it]Extracting waveforms:  33%|███▎      | 178/545 [1:29:13<2:13:25, 21.81s/it]Extracting waveforms:  33%|███▎      | 179/545 [1:29:38<2:18:23, 22.69s/it]Extracting waveforms:  33%|███▎      | 180/545 [1:29:53<2:03:46, 20.35s/it]Extracting waveforms:  33%|███▎      | 181/545 [1:30:06<1:50:33, 18.22s/it]Extracting waveforms:  33%|███▎      | 182/545 [1:30:22<1:47:14, 17.73s/it]Extracting waveforms:  34%|███▎      | 183/545 [1:30:38<1:43:21, 17.13s/it]Extracting waveforms:  34%|███▍      | 184/545 [1:30:51<1:35:43, 15.91s/it]Extracting waveforms:  34%|███▍      | 185/545 [1:31:03<1:28:14, 14.71s/it]Extracting waveforms:  34%|███▍      | 186/545 [1:31:27<1:44:35, 17.48s/it]Extracting waveforms:  34%|███▍      | 187/545 [1:31:49<1:52:03, 18.78s/it]Extracting waveforms:  34%|███▍      | 188/545 [1:32:13<2:01:03, 20.35s/it]Extracting waveforms:  35%|███▍      | 189/545 [1:32:29<1:52:32, 18.97s/it]Extracting waveforms:  35%|███▍      | 190/545 [1:32:39<1:37:37, 16.50s/it]Extracting waveforms:  35%|███▌      | 191/545 [1:32:55<1:36:27, 16.35s/it]Extracting waveforms:  35%|███▌      | 192/545 [1:33:11<1:35:45, 16.28s/it]Extracting waveforms:  35%|███▌      | 193/545 [1:33:29<1:37:47, 16.67s/it]Extracting waveforms:  36%|███▌      | 194/545 [1:33:50<1:44:38, 17.89s/it]Extracting waveforms:  36%|███▌      | 195/545 [1:34:12<1:52:05, 19.22s/it]Extracting waveforms:  36%|███▌      | 196/545 [1:34:32<1:53:42, 19.55s/it]Extracting waveforms:  36%|███▌      | 197/545 [1:34:53<1:55:26, 19.90s/it]Extracting waveforms:  36%|███▋      | 198/545 [1:35:07<1:44:50, 18.13s/it]Extracting waveforms:  37%|███▋      | 199/545 [1:35:26<1:45:20, 18.27s/it]Extracting waveforms:  37%|███▋      | 200/545 [1:35:57<2:07:34, 22.19s/it]Extracting waveforms:  37%|███▋      | 201/545 [1:36:21<2:09:33, 22.60s/it]Extracting waveforms:  37%|███▋      | 202/545 [1:36:51<2:22:19, 24.90s/it]Extracting waveforms:  37%|███▋      | 203/545 [1:37:22<2:31:45, 26.62s/it]Extracting waveforms:  37%|███▋      | 204/545 [1:37:43<2:21:38, 24.92s/it]Extracting waveforms:  38%|███▊      | 205/545 [1:37:58<2:04:21, 21.95s/it]Extracting waveforms:  38%|███▊      | 206/545 [1:38:13<1:52:43, 19.95s/it]Extracting waveforms:  38%|███▊      | 207/545 [1:38:27<1:42:44, 18.24s/it]Extracting waveforms:  38%|███▊      | 208/545 [1:38:38<1:29:31, 15.94s/it]Extracting waveforms:  38%|███▊      | 209/545 [1:38:52<1:26:46, 15.50s/it]Extracting waveforms:  39%|███▊      | 210/545 [1:39:06<1:23:54, 15.03s/it]Extracting waveforms:  39%|███▊      | 211/545 [1:39:22<1:26:01, 15.45s/it]Extracting waveforms:  39%|███▉      | 212/545 [1:39:46<1:39:28, 17.92s/it]Extracting waveforms:  39%|███▉      | 213/545 [1:40:08<1:45:58, 19.15s/it]Extracting waveforms:  39%|███▉      | 214/545 [1:40:31<1:51:52, 20.28s/it]Extracting waveforms:  39%|███▉      | 215/545 [1:40:48<1:46:03, 19.28s/it]Extracting waveforms:  40%|███▉      | 216/545 [1:41:03<1:39:21, 18.12s/it]Extracting waveforms:  40%|███▉      | 217/545 [1:41:17<1:31:59, 16.83s/it]Extracting waveforms:  40%|████      | 218/545 [1:41:36<1:35:04, 17.44s/it]Extracting waveforms:  40%|████      | 219/545 [1:41:54<1:34:47, 17.45s/it]Extracting waveforms:  40%|████      | 220/545 [1:42:09<1:31:09, 16.83s/it]Extracting waveforms:  41%|████      | 221/545 [1:42:16<1:15:35, 14.00s/it]Extracting waveforms:  41%|████      | 222/545 [1:42:28<1:11:08, 13.22s/it]Extracting waveforms:  41%|████      | 223/545 [1:42:52<1:28:59, 16.58s/it]Extracting waveforms:  41%|████      | 224/545 [1:43:08<1:27:00, 16.26s/it]Extracting waveforms:  41%|████▏     | 225/545 [1:43:22<1:23:57, 15.74s/it]Extracting waveforms:  41%|████▏     | 226/545 [1:43:27<1:05:47, 12.37s/it]Extracting waveforms:  42%|████▏     | 227/545 [1:43:48<1:19:38, 15.03s/it]Extracting waveforms:  42%|████▏     | 228/545 [1:44:07<1:24:55, 16.08s/it]Extracting waveforms:  42%|████▏     | 229/545 [1:44:25<1:27:52, 16.68s/it]Extracting waveforms:  42%|████▏     | 230/545 [1:44:49<1:40:28, 19.14s/it]Extracting waveforms:  42%|████▏     | 231/545 [1:45:00<1:26:31, 16.53s/it]Extracting waveforms:  43%|████▎     | 232/545 [1:45:22<1:34:52, 18.19s/it]Extracting waveforms:  43%|████▎     | 233/545 [1:45:35<1:26:11, 16.57s/it]Extracting waveforms:  43%|████▎     | 234/545 [1:45:54<1:29:19, 17.23s/it]Extracting waveforms:  43%|████▎     | 235/545 [1:46:14<1:33:34, 18.11s/it]Extracting waveforms:  43%|████▎     | 236/545 [1:46:43<1:50:27, 21.45s/it]Extracting waveforms:  43%|████▎     | 237/545 [1:47:05<1:50:28, 21.52s/it]Extracting waveforms:  44%|████▎     | 238/545 [1:47:24<1:46:35, 20.83s/it]Extracting waveforms:  44%|████▍     | 239/545 [1:47:50<1:54:10, 22.39s/it]Extracting waveforms:  44%|████▍     | 240/545 [1:48:12<1:52:58, 22.22s/it]Extracting waveforms:  44%|████▍     | 241/545 [1:48:33<1:51:36, 22.03s/it]Extracting waveforms:  44%|████▍     | 242/545 [1:48:56<1:51:34, 22.09s/it]Extracting waveforms:  45%|████▍     | 243/545 [1:49:20<1:54:42, 22.79s/it]Extracting waveforms:  45%|████▍     | 244/545 [1:49:39<1:48:28, 21.62s/it]Extracting waveforms:  45%|████▍     | 245/545 [1:50:01<1:48:58, 21.80s/it]Extracting waveforms:  45%|████▌     | 246/545 [1:50:27<1:54:04, 22.89s/it]Extracting waveforms:  45%|████▌     | 247/545 [1:50:48<1:51:20, 22.42s/it]Extracting waveforms:  46%|████▌     | 248/545 [1:51:03<1:40:00, 20.20s/it]Extracting waveforms:  46%|████▌     | 249/545 [1:51:28<1:47:24, 21.77s/it]Extracting waveforms:  46%|████▌     | 250/545 [1:51:54<1:52:55, 22.97s/it]Extracting waveforms:  46%|████▌     | 251/545 [1:52:20<1:56:33, 23.79s/it]Extracting waveforms:  46%|████▌     | 252/545 [1:52:40<1:51:08, 22.76s/it]Extracting waveforms:  46%|████▋     | 253/545 [1:52:54<1:37:27, 20.03s/it]Extracting waveforms:  47%|████▋     | 254/545 [1:53:10<1:31:17, 18.82s/it]Extracting waveforms:  47%|████▋     | 255/545 [1:53:31<1:33:45, 19.40s/it]Extracting waveforms:  47%|████▋     | 256/545 [1:53:56<1:41:42, 21.11s/it]Extracting waveforms:  47%|████▋     | 257/545 [1:54:19<1:45:05, 21.89s/it]Extracting waveforms:  47%|████▋     | 258/545 [1:54:41<1:44:04, 21.76s/it]Extracting waveforms:  48%|████▊     | 259/545 [1:55:03<1:43:57, 21.81s/it]Extracting waveforms:  48%|████▊     | 260/545 [1:55:30<1:51:25, 23.46s/it]Extracting waveforms:  48%|████▊     | 261/545 [1:55:49<1:45:11, 22.22s/it]Extracting waveforms:  48%|████▊     | 262/545 [1:56:17<1:52:33, 23.86s/it]Extracting waveforms:  48%|████▊     | 263/545 [1:56:37<1:46:39, 22.69s/it]Extracting waveforms:  48%|████▊     | 264/545 [1:57:00<1:47:07, 22.87s/it]Extracting waveforms:  49%|████▊     | 265/545 [1:57:22<1:44:52, 22.47s/it]Extracting waveforms:  49%|████▉     | 266/545 [1:57:42<1:40:42, 21.66s/it]Extracting waveforms:  49%|████▉     | 267/545 [1:58:10<1:49:44, 23.69s/it]Extracting waveforms:  49%|████▉     | 268/545 [1:58:35<1:51:41, 24.19s/it]Extracting waveforms:  49%|████▉     | 269/545 [1:59:00<1:52:06, 24.37s/it]Extracting waveforms:  50%|████▉     | 270/545 [1:59:20<1:45:38, 23.05s/it]Extracting waveforms:  50%|████▉     | 271/545 [1:59:37<1:37:00, 21.24s/it]Extracting waveforms:  50%|████▉     | 272/545 [2:00:01<1:39:47, 21.93s/it]Extracting waveforms:  50%|█████     | 273/545 [2:00:25<1:42:28, 22.60s/it]Extracting waveforms:  50%|█████     | 274/545 [2:00:47<1:41:22, 22.45s/it]Extracting waveforms:  50%|█████     | 275/545 [2:01:08<1:38:54, 21.98s/it]Extracting waveforms:  51%|█████     | 276/545 [2:01:26<1:33:47, 20.92s/it]Extracting waveforms:  51%|█████     | 277/545 [2:01:49<1:36:18, 21.56s/it]Extracting waveforms:  51%|█████     | 278/545 [2:02:13<1:39:04, 22.27s/it]Extracting waveforms:  51%|█████     | 279/545 [2:02:34<1:37:14, 21.93s/it]Extracting waveforms:  51%|█████▏    | 280/545 [2:02:53<1:32:15, 20.89s/it]Extracting waveforms:  52%|█████▏    | 281/545 [2:03:17<1:36:02, 21.83s/it]Extracting waveforms:  52%|█████▏    | 282/545 [2:03:36<1:31:40, 20.91s/it]Extracting waveforms:  52%|█████▏    | 283/545 [2:03:59<1:34:23, 21.62s/it]Extracting waveforms:  52%|█████▏    | 284/545 [2:04:20<1:33:44, 21.55s/it]Extracting waveforms:  52%|█████▏    | 285/545 [2:04:42<1:33:34, 21.60s/it]Extracting waveforms:  52%|█████▏    | 286/545 [2:05:05<1:35:26, 22.11s/it]Extracting waveforms:  53%|█████▎    | 287/545 [2:05:28<1:36:00, 22.33s/it]Extracting waveforms:  53%|█████▎    | 288/545 [2:05:51<1:35:47, 22.37s/it]Extracting waveforms:  53%|█████▎    | 289/545 [2:06:15<1:38:32, 23.09s/it]Extracting waveforms:  53%|█████▎    | 290/545 [2:06:38<1:37:40, 22.98s/it]Extracting waveforms:  53%|█████▎    | 291/545 [2:07:02<1:38:17, 23.22s/it]Extracting waveforms:  54%|█████▎    | 292/545 [2:07:23<1:34:47, 22.48s/it]Extracting waveforms:  54%|█████▍    | 293/545 [2:07:45<1:34:09, 22.42s/it]Extracting waveforms:  54%|█████▍    | 294/545 [2:08:09<1:35:58, 22.94s/it]Extracting waveforms:  54%|█████▍    | 295/545 [2:08:31<1:33:53, 22.53s/it]Extracting waveforms:  54%|█████▍    | 296/545 [2:08:55<1:35:11, 22.94s/it]Extracting waveforms:  54%|█████▍    | 297/545 [2:09:08<1:23:32, 20.21s/it]Extracting waveforms:  55%|█████▍    | 298/545 [2:09:32<1:27:17, 21.20s/it]Extracting waveforms:  55%|█████▍    | 299/545 [2:09:55<1:29:40, 21.87s/it]Extracting waveforms:  55%|█████▌    | 300/545 [2:10:15<1:26:23, 21.16s/it]Extracting waveforms:  55%|█████▌    | 301/545 [2:10:34<1:23:58, 20.65s/it]Extracting waveforms:  55%|█████▌    | 302/545 [2:10:56<1:25:23, 21.09s/it]Extracting waveforms:  56%|█████▌    | 303/545 [2:11:18<1:25:25, 21.18s/it]Extracting waveforms:  56%|█████▌    | 304/545 [2:11:36<1:21:23, 20.26s/it]Extracting waveforms:  56%|█████▌    | 305/545 [2:11:56<1:20:51, 20.21s/it]Extracting waveforms:  56%|█████▌    | 306/545 [2:12:18<1:22:37, 20.74s/it]Extracting waveforms:  56%|█████▋    | 307/545 [2:12:32<1:14:44, 18.84s/it]Extracting waveforms:  57%|█████▋    | 308/545 [2:12:53<1:16:47, 19.44s/it]Extracting waveforms:  57%|█████▋    | 309/545 [2:13:15<1:19:14, 20.15s/it]Extracting waveforms:  57%|█████▋    | 310/545 [2:13:34<1:17:28, 19.78s/it]Extracting waveforms:  57%|█████▋    | 311/545 [2:13:57<1:20:36, 20.67s/it]Extracting waveforms:  57%|█████▋    | 312/545 [2:14:08<1:09:32, 17.91s/it]Extracting waveforms:  57%|█████▋    | 313/545 [2:14:32<1:16:11, 19.71s/it]Extracting waveforms:  58%|█████▊    | 314/545 [2:14:55<1:19:01, 20.53s/it]Extracting waveforms:  58%|█████▊    | 315/545 [2:15:18<1:22:34, 21.54s/it]Extracting waveforms:  58%|█████▊    | 316/545 [2:15:40<1:22:37, 21.65s/it]Extracting waveforms:  58%|█████▊    | 317/545 [2:16:03<1:23:56, 22.09s/it]Extracting waveforms:  58%|█████▊    | 318/545 [2:16:26<1:23:59, 22.20s/it]Extracting waveforms:  59%|█████▊    | 319/545 [2:16:45<1:20:09, 21.28s/it]Extracting waveforms:  59%|█████▊    | 320/545 [2:17:08<1:21:22, 21.70s/it]Extracting waveforms:  59%|█████▉    | 321/545 [2:17:29<1:20:18, 21.51s/it]Extracting waveforms:  59%|█████▉    | 322/545 [2:17:50<1:19:58, 21.52s/it]Extracting waveforms:  59%|█████▉    | 323/545 [2:18:12<1:19:18, 21.44s/it]Extracting waveforms:  59%|█████▉    | 324/545 [2:18:34<1:19:53, 21.69s/it]Extracting waveforms:  60%|█████▉    | 325/545 [2:18:56<1:20:25, 21.93s/it]Extracting waveforms:  60%|█████▉    | 326/545 [2:19:19<1:20:22, 22.02s/it]Extracting waveforms:  60%|██████    | 327/545 [2:19:21<58:38, 16.14s/it]  Extracting waveforms:  60%|██████    | 328/545 [2:19:41<1:02:04, 17.16s/it]Extracting waveforms:  60%|██████    | 329/545 [2:20:01<1:05:36, 18.23s/it]Extracting waveforms:  61%|██████    | 330/545 [2:20:19<1:04:43, 18.06s/it]Extracting waveforms:  61%|██████    | 331/545 [2:20:39<1:06:33, 18.66s/it]Extracting waveforms:  61%|██████    | 332/545 [2:21:02<1:10:23, 19.83s/it]Extracting waveforms:  61%|██████    | 333/545 [2:21:22<1:10:53, 20.06s/it]Extracting waveforms:  61%|██████▏   | 334/545 [2:21:46<1:14:15, 21.12s/it]Extracting waveforms:  61%|██████▏   | 335/545 [2:22:06<1:13:01, 20.86s/it]Extracting waveforms:  62%|██████▏   | 336/545 [2:22:27<1:12:41, 20.87s/it]Extracting waveforms:  62%|██████▏   | 337/545 [2:22:47<1:11:25, 20.60s/it]Extracting waveforms:  62%|██████▏   | 338/545 [2:23:06<1:09:34, 20.17s/it]Extracting waveforms:  62%|██████▏   | 339/545 [2:23:28<1:10:59, 20.68s/it]Extracting waveforms:  62%|██████▏   | 340/545 [2:23:48<1:10:09, 20.53s/it]Extracting waveforms:  63%|██████▎   | 341/545 [2:24:12<1:12:47, 21.41s/it]Extracting waveforms:  63%|██████▎   | 342/545 [2:24:34<1:13:40, 21.77s/it]Extracting waveforms:  63%|██████▎   | 343/545 [2:24:57<1:14:17, 22.07s/it]Extracting waveforms:  63%|██████▎   | 344/545 [2:25:19<1:14:08, 22.13s/it]Extracting waveforms:  63%|██████▎   | 345/545 [2:25:42<1:14:02, 22.21s/it]Extracting waveforms:  63%|██████▎   | 346/545 [2:26:02<1:12:17, 21.80s/it]Extracting waveforms:  64%|██████▎   | 347/545 [2:26:24<1:11:44, 21.74s/it]Extracting waveforms:  64%|██████▍   | 348/545 [2:26:29<55:18, 16.84s/it]  Extracting waveforms:  64%|██████▍   | 349/545 [2:26:51<59:33, 18.23s/it]Extracting waveforms:  64%|██████▍   | 350/545 [2:27:09<59:24, 18.28s/it]Extracting waveforms:  64%|██████▍   | 351/545 [2:27:32<1:03:03, 19.50s/it]Extracting waveforms:  65%|██████▍   | 352/545 [2:27:51<1:02:14, 19.35s/it]Extracting waveforms:  65%|██████▍   | 353/545 [2:28:15<1:06:19, 20.73s/it]Extracting waveforms:  65%|██████▍   | 354/545 [2:28:36<1:06:41, 20.95s/it]Extracting waveforms:  65%|██████▌   | 355/545 [2:28:58<1:07:39, 21.36s/it]Extracting waveforms:  65%|██████▌   | 356/545 [2:29:15<1:02:48, 19.94s/it]Extracting waveforms:  66%|██████▌   | 357/545 [2:29:36<1:03:24, 20.24s/it]Extracting waveforms:  66%|██████▌   | 358/545 [2:29:59<1:05:56, 21.16s/it]Extracting waveforms:  66%|██████▌   | 359/545 [2:30:21<1:05:39, 21.18s/it]Extracting waveforms:  66%|██████▌   | 360/545 [2:30:43<1:06:50, 21.68s/it]Extracting waveforms:  66%|██████▌   | 361/545 [2:31:04<1:05:38, 21.40s/it]Extracting waveforms:  66%|██████▋   | 362/545 [2:31:25<1:04:37, 21.19s/it]Extracting waveforms:  67%|██████▋   | 363/545 [2:31:50<1:07:45, 22.34s/it]Extracting waveforms:  67%|██████▋   | 364/545 [2:32:11<1:06:22, 22.00s/it]Extracting waveforms:  67%|██████▋   | 365/545 [2:32:33<1:05:58, 21.99s/it]Extracting waveforms:  67%|██████▋   | 366/545 [2:32:57<1:07:00, 22.46s/it]Extracting waveforms:  67%|██████▋   | 367/545 [2:33:01<50:27, 17.01s/it]  Extracting waveforms:  68%|██████▊   | 368/545 [2:33:23<55:05, 18.67s/it]Extracting waveforms:  68%|██████▊   | 369/545 [2:33:45<57:08, 19.48s/it]Extracting waveforms:  68%|██████▊   | 370/545 [2:34:03<55:18, 18.96s/it]Extracting waveforms:  68%|██████▊   | 371/545 [2:34:22<55:36, 19.18s/it]Extracting waveforms:  68%|██████▊   | 372/545 [2:34:46<59:06, 20.50s/it]Extracting waveforms:  68%|██████▊   | 373/545 [2:35:05<57:43, 20.13s/it]Extracting waveforms:  69%|██████▊   | 374/545 [2:35:23<55:27, 19.46s/it]Extracting waveforms:  69%|██████▉   | 375/545 [2:35:44<56:26, 19.92s/it]Extracting waveforms:  69%|██████▉   | 376/545 [2:36:04<56:33, 20.08s/it]Extracting waveforms:  69%|██████▉   | 377/545 [2:36:27<58:40, 20.95s/it]Extracting waveforms:  69%|██████▉   | 378/545 [2:36:45<55:32, 19.96s/it]Extracting waveforms:  70%|██████▉   | 379/545 [2:37:06<55:59, 20.24s/it]Extracting waveforms:  70%|██████▉   | 380/545 [2:37:27<56:02, 20.38s/it]Extracting waveforms:  70%|██████▉   | 381/545 [2:37:45<54:17, 19.87s/it]Extracting waveforms:  70%|███████   | 382/545 [2:38:07<55:31, 20.44s/it]Extracting waveforms:  70%|███████   | 383/545 [2:38:23<51:27, 19.06s/it]Extracting waveforms:  70%|███████   | 384/545 [2:38:45<53:11, 19.82s/it]Extracting waveforms:  71%|███████   | 385/545 [2:39:04<52:54, 19.84s/it]Extracting waveforms:  71%|███████   | 386/545 [2:39:24<52:41, 19.88s/it]Extracting waveforms:  71%|███████   | 387/545 [2:39:43<51:39, 19.62s/it]Extracting waveforms:  71%|███████   | 388/545 [2:39:47<39:06, 14.95s/it]Extracting waveforms:  71%|███████▏  | 389/545 [2:40:02<38:35, 14.84s/it]Extracting waveforms:  72%|███████▏  | 390/545 [2:40:12<34:50, 13.49s/it]Extracting waveforms:  72%|███████▏  | 391/545 [2:40:26<34:31, 13.45s/it]Extracting waveforms:  72%|███████▏  | 392/545 [2:40:41<35:35, 13.96s/it]Extracting waveforms:  72%|███████▏  | 393/545 [2:41:05<42:50, 16.91s/it]Extracting waveforms:  72%|███████▏  | 394/545 [2:41:26<46:03, 18.30s/it]Extracting waveforms:  72%|███████▏  | 395/545 [2:41:50<49:34, 19.83s/it]Extracting waveforms:  73%|███████▎  | 396/545 [2:42:12<50:59, 20.54s/it]Extracting waveforms:  73%|███████▎  | 397/545 [2:42:34<51:32, 20.89s/it]Extracting waveforms:  73%|███████▎  | 398/545 [2:42:57<53:03, 21.66s/it]Extracting waveforms:  73%|███████▎  | 399/545 [2:43:08<45:14, 18.59s/it]Extracting waveforms:  73%|███████▎  | 400/545 [2:43:26<44:23, 18.37s/it]Extracting waveforms:  74%|███████▎  | 401/545 [2:43:48<46:23, 19.33s/it]Extracting waveforms:  74%|███████▍  | 402/545 [2:44:06<45:22, 19.04s/it]Extracting waveforms:  74%|███████▍  | 403/545 [2:44:31<49:16, 20.82s/it]Extracting waveforms:  74%|███████▍  | 404/545 [2:44:46<44:54, 19.11s/it]Extracting waveforms:  74%|███████▍  | 405/545 [2:45:11<48:30, 20.79s/it]Extracting waveforms:  74%|███████▍  | 406/545 [2:45:31<47:29, 20.50s/it]Extracting waveforms:  75%|███████▍  | 407/545 [2:45:50<46:19, 20.14s/it]Extracting waveforms:  75%|███████▍  | 408/545 [2:46:08<44:11, 19.35s/it]Extracting waveforms:  75%|███████▌  | 409/545 [2:46:31<46:46, 20.64s/it]Extracting waveforms:  75%|███████▌  | 410/545 [2:46:53<46:56, 20.86s/it]Extracting waveforms:  75%|███████▌  | 411/545 [2:47:16<48:06, 21.54s/it]Extracting waveforms:  76%|███████▌  | 412/545 [2:47:37<47:11, 21.29s/it]Extracting waveforms:  76%|███████▌  | 413/545 [2:48:02<49:23, 22.45s/it]Extracting waveforms:  76%|███████▌  | 414/545 [2:48:20<46:07, 21.12s/it]Extracting waveforms:  76%|███████▌  | 415/545 [2:48:40<44:54, 20.73s/it]Extracting waveforms:  76%|███████▋  | 416/545 [2:48:53<40:06, 18.65s/it]Extracting waveforms:  77%|███████▋  | 417/545 [2:49:17<43:00, 20.16s/it]Extracting waveforms:  77%|███████▋  | 418/545 [2:49:38<43:12, 20.41s/it]Extracting waveforms:  77%|███████▋  | 419/545 [2:50:00<43:54, 20.91s/it]Extracting waveforms:  77%|███████▋  | 420/545 [2:50:21<43:50, 21.05s/it]Extracting waveforms:  77%|███████▋  | 421/545 [2:50:40<42:04, 20.36s/it]Extracting waveforms:  77%|███████▋  | 422/545 [2:51:03<43:01, 20.99s/it]Extracting waveforms:  78%|███████▊  | 423/545 [2:51:29<45:43, 22.49s/it]Extracting waveforms:  78%|███████▊  | 424/545 [2:51:52<45:47, 22.71s/it]Extracting waveforms:  78%|███████▊  | 425/545 [2:52:17<46:35, 23.30s/it]Extracting waveforms:  78%|███████▊  | 426/545 [2:52:40<46:19, 23.36s/it]Extracting waveforms:  78%|███████▊  | 427/545 [2:53:05<46:49, 23.81s/it]Extracting waveforms:  79%|███████▊  | 428/545 [2:53:25<44:32, 22.85s/it]Extracting waveforms:  79%|███████▊  | 429/545 [2:53:46<43:05, 22.29s/it]Extracting waveforms:  79%|███████▉  | 430/545 [2:54:08<42:14, 22.04s/it]Extracting waveforms:  79%|███████▉  | 431/545 [2:54:32<43:03, 22.66s/it]Extracting waveforms:  79%|███████▉  | 432/545 [2:54:53<41:34, 22.07s/it]Extracting waveforms:  79%|███████▉  | 433/545 [2:55:17<42:25, 22.72s/it]Extracting waveforms:  80%|███████▉  | 434/545 [2:55:36<40:04, 21.66s/it]Extracting waveforms:  80%|███████▉  | 435/545 [2:56:00<40:49, 22.27s/it]Extracting waveforms:  80%|████████  | 436/545 [2:56:21<39:57, 22.00s/it]Extracting waveforms:  80%|████████  | 437/545 [2:56:43<39:36, 22.01s/it]Extracting waveforms:  80%|████████  | 438/545 [2:57:03<37:54, 21.26s/it]Extracting waveforms:  81%|████████  | 439/545 [2:57:22<36:39, 20.75s/it]Extracting waveforms:  81%|████████  | 440/545 [2:57:47<38:30, 22.00s/it]Extracting waveforms:  81%|████████  | 441/545 [2:57:53<29:42, 17.14s/it]Extracting waveforms:  81%|████████  | 442/545 [2:58:17<32:42, 19.05s/it]Extracting waveforms:  81%|████████▏ | 443/545 [2:58:39<34:06, 20.06s/it]Extracting waveforms:  81%|████████▏ | 444/545 [2:59:02<35:09, 20.88s/it]Extracting waveforms:  82%|████████▏ | 445/545 [2:59:18<32:36, 19.57s/it]Extracting waveforms:  82%|████████▏ | 446/545 [2:59:37<31:47, 19.26s/it]Extracting waveforms:  82%|████████▏ | 447/545 [2:59:59<33:07, 20.28s/it]Extracting waveforms:  82%|████████▏ | 448/545 [3:00:21<33:29, 20.72s/it]Extracting waveforms:  82%|████████▏ | 449/545 [3:00:43<33:50, 21.15s/it]Extracting waveforms:  83%|████████▎ | 450/545 [3:00:52<27:44, 17.53s/it]Extracting waveforms:  83%|████████▎ | 451/545 [3:01:06<25:26, 16.24s/it]Extracting waveforms:  83%|████████▎ | 452/545 [3:01:32<29:40, 19.15s/it]Extracting waveforms:  83%|████████▎ | 453/545 [3:01:49<28:26, 18.55s/it]Extracting waveforms:  83%|████████▎ | 454/545 [3:02:06<27:25, 18.08s/it]Extracting waveforms:  83%|████████▎ | 455/545 [3:02:31<30:23, 20.26s/it]Extracting waveforms:  84%|████████▎ | 456/545 [3:02:51<29:55, 20.18s/it]Extracting waveforms:  84%|████████▍ | 457/545 [3:03:22<34:30, 23.53s/it]Extracting waveforms:  84%|████████▍ | 458/545 [3:04:03<41:37, 28.70s/it]Extracting waveforms:  84%|████████▍ | 459/545 [3:05:17<1:00:43, 42.36s/it]Extracting waveforms:  84%|████████▍ | 460/545 [3:05:46<54:07, 38.21s/it]  Extracting waveforms:  85%|████████▍ | 461/545 [3:06:14<49:09, 35.11s/it]Extracting waveforms:  85%|████████▍ | 462/545 [3:06:42<45:29, 32.88s/it]Extracting waveforms:  85%|████████▍ | 463/545 [3:06:59<38:48, 28.39s/it]Extracting waveforms:  85%|████████▌ | 464/545 [3:07:13<32:07, 23.79s/it]Extracting waveforms:  85%|████████▌ | 465/545 [3:07:33<30:28, 22.85s/it]Extracting waveforms:  86%|████████▌ | 466/545 [3:07:54<29:18, 22.26s/it]Extracting waveforms:  86%|████████▌ | 467/545 [3:08:14<27:56, 21.50s/it]Extracting waveforms:  86%|████████▌ | 468/545 [3:08:33<26:44, 20.83s/it]Extracting waveforms:  86%|████████▌ | 469/545 [3:08:59<28:27, 22.47s/it]Extracting waveforms:  86%|████████▌ | 470/545 [3:09:20<27:21, 21.89s/it]Extracting waveforms:  86%|████████▋ | 471/545 [3:09:37<25:23, 20.59s/it]Extracting waveforms:  87%|████████▋ | 472/545 [3:10:02<26:24, 21.71s/it]Extracting waveforms:  87%|████████▋ | 473/545 [3:10:17<23:42, 19.76s/it]Extracting waveforms:  87%|████████▋ | 474/545 [3:10:35<22:46, 19.25s/it]Extracting waveforms:  87%|████████▋ | 475/545 [3:10:57<23:33, 20.20s/it]Extracting waveforms:  87%|████████▋ | 476/545 [3:11:15<22:17, 19.38s/it]Extracting waveforms:  88%|████████▊ | 477/545 [3:11:43<24:48, 21.89s/it]Extracting waveforms:  88%|████████▊ | 478/545 [3:12:13<27:15, 24.41s/it]Extracting waveforms:  88%|████████▊ | 479/545 [3:12:37<26:48, 24.38s/it]Extracting waveforms:  88%|████████▊ | 480/545 [3:12:56<24:28, 22.59s/it]Extracting waveforms:  88%|████████▊ | 481/545 [3:13:16<23:29, 22.02s/it]Extracting waveforms:  88%|████████▊ | 482/545 [3:13:35<22:11, 21.14s/it]Extracting waveforms:  89%|████████▊ | 483/545 [3:14:00<22:45, 22.02s/it]Extracting waveforms:  89%|████████▉ | 484/545 [3:14:20<21:57, 21.60s/it]Extracting waveforms:  89%|████████▉ | 485/545 [3:14:38<20:33, 20.56s/it]Extracting waveforms:  89%|████████▉ | 486/545 [3:15:05<22:02, 22.41s/it]Extracting waveforms:  89%|████████▉ | 487/545 [3:15:25<21:00, 21.74s/it]Extracting waveforms:  90%|████████▉ | 488/545 [3:15:48<21:03, 22.17s/it]Extracting waveforms:  90%|████████▉ | 489/545 [3:16:07<19:48, 21.23s/it]Extracting waveforms:  90%|████████▉ | 490/545 [3:16:33<20:33, 22.42s/it]Extracting waveforms:  90%|█████████ | 491/545 [3:16:52<19:27, 21.61s/it]Extracting waveforms:  90%|█████████ | 492/545 [3:17:12<18:37, 21.08s/it]Extracting waveforms:  90%|█████████ | 493/545 [3:17:28<16:58, 19.58s/it]Extracting waveforms:  91%|█████████ | 494/545 [3:17:50<17:15, 20.30s/it]Extracting waveforms:  91%|█████████ | 495/545 [3:18:07<16:01, 19.24s/it]Extracting waveforms:  91%|█████████ | 496/545 [3:18:35<17:54, 21.92s/it]Extracting waveforms:  91%|█████████ | 497/545 [3:19:05<19:19, 24.15s/it]Extracting waveforms:  91%|█████████▏| 498/545 [3:19:34<20:14, 25.83s/it]Extracting waveforms:  92%|█████████▏| 499/545 [3:19:59<19:38, 25.63s/it]Extracting waveforms:  92%|█████████▏| 500/545 [3:20:23<18:48, 25.07s/it]Extracting waveforms:  92%|█████████▏| 501/545 [3:20:36<15:40, 21.37s/it]Extracting waveforms:  92%|█████████▏| 502/545 [3:20:58<15:27, 21.58s/it]Extracting waveforms:  92%|█████████▏| 503/545 [3:21:24<16:01, 22.88s/it]Extracting waveforms:  92%|█████████▏| 504/545 [3:21:47<15:38, 22.89s/it]Extracting waveforms:  93%|█████████▎| 505/545 [3:22:17<16:47, 25.18s/it]Extracting waveforms:  93%|█████████▎| 506/545 [3:22:49<17:42, 27.25s/it]Extracting waveforms:  93%|█████████▎| 507/545 [3:23:22<18:10, 28.71s/it]Extracting waveforms:  93%|█████████▎| 508/545 [3:23:48<17:21, 28.14s/it]Extracting waveforms:  93%|█████████▎| 509/545 [3:24:14<16:24, 27.35s/it]Extracting waveforms:  94%|█████████▎| 510/545 [3:24:40<15:41, 26.91s/it]Extracting waveforms:  94%|█████████▍| 511/545 [3:25:08<15:33, 27.46s/it]Extracting waveforms:  94%|█████████▍| 512/545 [3:25:34<14:44, 26.79s/it]Extracting waveforms:  94%|█████████▍| 513/545 [3:26:02<14:33, 27.30s/it]Extracting waveforms:  94%|█████████▍| 514/545 [3:26:25<13:27, 26.06s/it]Extracting waveforms:  94%|█████████▍| 515/545 [3:26:53<13:16, 26.54s/it]Extracting waveforms:  95%|█████████▍| 516/545 [3:27:19<12:44, 26.35s/it]Extracting waveforms:  95%|█████████▍| 517/545 [3:27:46<12:25, 26.62s/it]Extracting waveforms:  95%|█████████▌| 518/545 [3:28:10<11:36, 25.78s/it]Extracting waveforms:  95%|█████████▌| 519/545 [3:28:39<11:37, 26.83s/it]Extracting waveforms:  95%|█████████▌| 520/545 [3:29:13<11:59, 28.77s/it]Extracting waveforms:  96%|█████████▌| 521/545 [3:29:42<11:36, 29.03s/it]Extracting waveforms:  96%|█████████▌| 522/545 [3:30:06<10:33, 27.54s/it]Extracting waveforms:  96%|█████████▌| 523/545 [3:30:32<09:51, 26.88s/it]Extracting waveforms:  96%|█████████▌| 524/545 [3:30:59<09:26, 26.98s/it]Extracting waveforms:  96%|█████████▋| 525/545 [3:31:28<09:13, 27.65s/it]Extracting waveforms:  97%|█████████▋| 526/545 [3:31:54<08:37, 27.23s/it]Extracting waveforms:  97%|█████████▋| 527/545 [3:32:19<07:59, 26.62s/it]Extracting waveforms:  97%|█████████▋| 528/545 [3:32:43<07:15, 25.59s/it]Extracting waveforms:  97%|█████████▋| 529/545 [3:33:05<06:32, 24.53s/it]Extracting waveforms:  97%|█████████▋| 530/545 [3:33:29<06:08, 24.55s/it]Extracting waveforms:  97%|█████████▋| 531/545 [3:33:47<05:12, 22.34s/it]Extracting waveforms:  98%|█████████▊| 532/545 [3:34:11<04:58, 22.98s/it]Extracting waveforms:  98%|█████████▊| 533/545 [3:34:33<04:31, 22.62s/it]Extracting waveforms:  98%|█████████▊| 534/545 [3:35:03<04:32, 24.78s/it]Extracting waveforms:  98%|█████████▊| 535/545 [3:35:30<04:15, 25.53s/it]Extracting waveforms:  98%|█████████▊| 536/545 [3:35:56<03:50, 25.59s/it]Extracting waveforms:  99%|█████████▊| 537/545 [3:36:20<03:21, 25.22s/it]Extracting waveforms:  99%|█████████▊| 538/545 [3:36:41<02:46, 23.83s/it]Extracting waveforms:  99%|█████████▉| 539/545 [3:37:09<02:30, 25.13s/it]Extracting waveforms:  99%|█████████▉| 540/545 [3:37:31<02:01, 24.28s/it]Extracting waveforms:  99%|█████████▉| 541/545 [3:37:56<01:37, 24.36s/it]Extracting waveforms:  99%|█████████▉| 542/545 [3:38:22<01:14, 24.99s/it]Extracting waveforms: 100%|█████████▉| 543/545 [3:38:51<00:52, 26.28s/it]Extracting waveforms: 100%|█████████▉| 544/545 [3:39:16<00:25, 25.77s/it]Extracting waveforms: 100%|██████████| 545/545 [3:39:40<00:00, 25.31s/it]Extracting waveforms: 100%|██████████| 545/545 [3:39:40<00:00, 24.18s/it]
  0%|          | 0/545 [00:00<?, ?it/s]  0%|          | 1/545 [00:01<15:39,  1.73s/it]  0%|          | 2/545 [00:04<21:15,  2.35s/it]  1%|          | 3/545 [00:05<14:53,  1.65s/it]  1%|          | 4/545 [00:06<11:34,  1.28s/it]  1%|          | 5/545 [00:06<09:39,  1.07s/it]  1%|          | 6/545 [00:07<08:57,  1.00it/s]  1%|▏         | 7/545 [00:09<11:25,  1.27s/it]  1%|▏         | 8/545 [00:10<11:35,  1.30s/it]  2%|▏         | 9/545 [00:12<13:03,  1.46s/it]  2%|▏         | 10/545 [00:13<10:50,  1.22s/it]  2%|▏         | 11/545 [00:14<10:22,  1.17s/it]  2%|▏         | 12/545 [00:15<09:18,  1.05s/it]  2%|▏         | 13/545 [00:16<09:02,  1.02s/it]  3%|▎         | 14/545 [00:17<09:13,  1.04s/it]  3%|▎         | 15/545 [00:18<09:59,  1.13s/it]  3%|▎         | 16/545 [00:20<11:40,  1.32s/it]  3%|▎         | 17/545 [00:20<09:54,  1.13s/it]  3%|▎         | 18/545 [00:22<10:00,  1.14s/it]  3%|▎         | 19/545 [00:23<10:21,  1.18s/it]  4%|▎         | 20/545 [00:25<12:00,  1.37s/it]  4%|▍         | 21/545 [00:26<11:09,  1.28s/it]  4%|▍         | 22/545 [00:27<10:04,  1.16s/it]  4%|▍         | 23/545 [00:28<10:08,  1.17s/it]  4%|▍         | 24/545 [00:29<10:05,  1.16s/it]  5%|▍         | 25/545 [00:30<10:28,  1.21s/it]  5%|▍         | 26/545 [00:31<09:32,  1.10s/it]  5%|▍         | 27/545 [00:32<09:35,  1.11s/it]  5%|▌         | 28/545 [00:34<10:42,  1.24s/it]  5%|▌         | 29/545 [00:36<13:52,  1.61s/it]  6%|▌         | 30/545 [00:37<11:21,  1.32s/it]  6%|▌         | 31/545 [00:38<10:49,  1.26s/it]  6%|▌         | 32/545 [00:39<09:31,  1.11s/it]  6%|▌         | 33/545 [00:40<08:33,  1.00s/it]  6%|▌         | 34/545 [00:41<08:42,  1.02s/it]  6%|▋         | 35/545 [00:41<07:51,  1.08it/s]  7%|▋         | 36/545 [00:42<07:10,  1.18it/s]  7%|▋         | 37/545 [00:43<06:44,  1.26it/s]  7%|▋         | 38/545 [00:43<06:38,  1.27it/s]  7%|▋         | 39/545 [00:44<07:07,  1.18it/s]  7%|▋         | 40/545 [00:45<07:09,  1.17it/s]  8%|▊         | 41/545 [00:46<07:06,  1.18it/s]  8%|▊         | 42/545 [00:47<07:49,  1.07it/s]  8%|▊         | 43/545 [00:48<08:08,  1.03it/s]  8%|▊         | 44/545 [00:49<07:59,  1.05it/s]  8%|▊         | 45/545 [00:50<07:26,  1.12it/s]  8%|▊         | 46/545 [00:51<06:55,  1.20it/s]  9%|▊         | 47/545 [00:52<07:19,  1.13it/s]  9%|▉         | 48/545 [00:53<07:40,  1.08it/s]  9%|▉         | 49/545 [00:55<10:31,  1.27s/it]  9%|▉         | 50/545 [00:55<08:51,  1.07s/it]  9%|▉         | 51/545 [00:56<08:03,  1.02it/s] 10%|▉         | 52/545 [00:57<07:45,  1.06it/s] 10%|▉         | 53/545 [00:58<08:10,  1.00it/s] 10%|▉         | 54/545 [00:59<08:31,  1.04s/it] 10%|█         | 55/545 [01:01<09:48,  1.20s/it] 10%|█         | 56/545 [01:02<09:01,  1.11s/it] 10%|█         | 57/545 [01:03<08:32,  1.05s/it] 11%|█         | 58/545 [01:04<08:13,  1.01s/it] 11%|█         | 59/545 [01:05<07:57,  1.02it/s] 11%|█         | 60/545 [01:06<08:49,  1.09s/it] 11%|█         | 61/545 [01:07<08:12,  1.02s/it] 11%|█▏        | 62/545 [01:08<08:03,  1.00s/it] 12%|█▏        | 63/545 [01:09<08:53,  1.11s/it] 12%|█▏        | 64/545 [01:10<08:12,  1.02s/it] 12%|█▏        | 65/545 [01:11<08:06,  1.01s/it] 12%|█▏        | 66/545 [01:12<07:30,  1.06it/s] 12%|█▏        | 67/545 [01:13<07:31,  1.06it/s] 12%|█▏        | 68/545 [01:13<07:16,  1.09it/s] 13%|█▎        | 69/545 [01:14<06:54,  1.15it/s] 13%|█▎        | 70/545 [01:15<07:07,  1.11it/s] 13%|█▎        | 71/545 [01:16<07:15,  1.09it/s] 13%|█▎        | 72/545 [01:17<07:01,  1.12it/s] 13%|█▎        | 73/545 [01:18<06:54,  1.14it/s] 14%|█▎        | 74/545 [01:18<06:28,  1.21it/s] 14%|█▍        | 75/545 [01:19<06:37,  1.18it/s] 14%|█▍        | 76/545 [01:21<07:16,  1.07it/s] 14%|█▍        | 77/545 [01:22<07:33,  1.03it/s] 14%|█▍        | 78/545 [01:23<08:35,  1.10s/it] 14%|█▍        | 79/545 [01:24<07:36,  1.02it/s] 15%|█▍        | 80/545 [01:24<06:58,  1.11it/s] 15%|█▍        | 81/545 [01:25<07:22,  1.05it/s] 15%|█▌        | 82/545 [01:26<07:16,  1.06it/s] 15%|█▌        | 83/545 [01:28<08:42,  1.13s/it] 15%|█▌        | 84/545 [01:29<08:19,  1.08s/it] 16%|█▌        | 85/545 [01:30<08:31,  1.11s/it] 16%|█▌        | 86/545 [01:31<08:17,  1.08s/it] 16%|█▌        | 87/545 [01:32<07:35,  1.01it/s] 16%|█▌        | 88/545 [01:33<07:13,  1.05it/s] 16%|█▋        | 89/545 [01:34<06:46,  1.12it/s] 17%|█▋        | 90/545 [01:34<06:21,  1.19it/s] 17%|█▋        | 91/545 [01:35<07:11,  1.05it/s] 17%|█▋        | 92/545 [01:36<07:24,  1.02it/s] 17%|█▋        | 93/545 [01:37<06:55,  1.09it/s] 17%|█▋        | 94/545 [01:39<07:43,  1.03s/it] 17%|█▋        | 95/545 [01:39<07:27,  1.01it/s] 18%|█▊        | 96/545 [01:40<07:21,  1.02it/s] 18%|█▊        | 97/545 [01:41<07:16,  1.03it/s] 18%|█▊        | 98/545 [01:43<08:21,  1.12s/it] 18%|█▊        | 99/545 [01:44<08:02,  1.08s/it] 18%|█▊        | 100/545 [01:45<08:11,  1.10s/it] 19%|█▊        | 101/545 [01:46<08:08,  1.10s/it] 19%|█▊        | 102/545 [01:47<08:04,  1.09s/it] 19%|█▉        | 103/545 [01:48<07:27,  1.01s/it] 19%|█▉        | 104/545 [01:49<07:44,  1.05s/it] 19%|█▉        | 105/545 [01:50<08:18,  1.13s/it] 19%|█▉        | 106/545 [01:51<07:36,  1.04s/it] 20%|█▉        | 107/545 [01:52<08:00,  1.10s/it] 20%|█▉        | 108/545 [01:54<08:22,  1.15s/it] 20%|██        | 109/545 [01:55<08:16,  1.14s/it] 20%|██        | 110/545 [01:56<08:56,  1.23s/it] 20%|██        | 111/545 [01:57<08:25,  1.16s/it] 21%|██        | 112/545 [01:59<08:40,  1.20s/it] 21%|██        | 113/545 [02:00<09:50,  1.37s/it] 21%|██        | 114/545 [02:01<08:27,  1.18s/it] 21%|██        | 115/545 [02:02<07:16,  1.01s/it] 21%|██▏       | 116/545 [02:03<06:44,  1.06it/s] 21%|██▏       | 117/545 [02:03<06:08,  1.16it/s] 22%|██▏       | 118/545 [02:04<06:19,  1.13it/s] 22%|██▏       | 119/545 [02:05<05:58,  1.19it/s] 22%|██▏       | 120/545 [02:06<05:53,  1.20it/s] 22%|██▏       | 121/545 [02:07<06:20,  1.12it/s] 22%|██▏       | 122/545 [02:08<06:41,  1.05it/s] 23%|██▎       | 123/545 [02:09<07:11,  1.02s/it] 23%|██▎       | 124/545 [02:10<07:16,  1.04s/it] 23%|██▎       | 125/545 [02:11<06:50,  1.02it/s] 23%|██▎       | 126/545 [02:12<06:13,  1.12it/s] 23%|██▎       | 127/545 [02:12<05:47,  1.20it/s] 23%|██▎       | 128/545 [02:13<06:03,  1.15it/s] 24%|██▎       | 129/545 [02:14<06:21,  1.09it/s] 24%|██▍       | 130/545 [02:15<06:00,  1.15it/s] 24%|██▍       | 131/545 [02:16<05:53,  1.17it/s] 24%|██▍       | 132/545 [02:17<05:32,  1.24it/s] 24%|██▍       | 133/545 [02:18<06:27,  1.06it/s] 25%|██▍       | 134/545 [02:19<07:43,  1.13s/it] 25%|██▍       | 135/545 [02:20<06:54,  1.01s/it] 25%|██▍       | 136/545 [02:21<06:49,  1.00s/it] 25%|██▌       | 137/545 [02:22<06:07,  1.11it/s] 25%|██▌       | 138/545 [02:23<05:51,  1.16it/s] 26%|██▌       | 139/545 [02:23<05:31,  1.23it/s] 26%|██▌       | 140/545 [02:24<05:47,  1.17it/s] 26%|██▌       | 141/545 [02:25<05:38,  1.19it/s] 26%|██▌       | 142/545 [02:26<05:49,  1.15it/s] 26%|██▌       | 143/545 [02:27<05:57,  1.13it/s] 26%|██▋       | 144/545 [02:28<06:41,  1.00s/it] 27%|██▋       | 145/545 [02:30<07:32,  1.13s/it] 27%|██▋       | 146/545 [02:31<07:33,  1.14s/it] 27%|██▋       | 147/545 [02:32<06:52,  1.04s/it] 27%|██▋       | 148/545 [02:32<06:33,  1.01it/s] 27%|██▋       | 149/545 [02:33<06:13,  1.06it/s] 28%|██▊       | 150/545 [02:34<06:15,  1.05it/s] 28%|██▊       | 151/545 [02:35<05:53,  1.12it/s] 28%|██▊       | 152/545 [02:36<05:37,  1.16it/s] 28%|██▊       | 153/545 [02:37<06:04,  1.08it/s] 28%|██▊       | 154/545 [02:38<05:51,  1.11it/s] 28%|██▊       | 155/545 [02:39<05:52,  1.11it/s] 29%|██▊       | 156/545 [02:40<06:14,  1.04it/s] 29%|██▉       | 157/545 [02:41<06:05,  1.06it/s] 29%|██▉       | 158/545 [02:41<05:49,  1.11it/s] 29%|██▉       | 159/545 [02:43<06:49,  1.06s/it] 29%|██▉       | 160/545 [02:44<07:01,  1.10s/it] 30%|██▉       | 161/545 [02:45<07:04,  1.10s/it] 30%|██▉       | 162/545 [02:46<06:22,  1.00it/s] 30%|██▉       | 163/545 [02:47<06:01,  1.06it/s] 30%|███       | 164/545 [02:47<05:39,  1.12it/s] 30%|███       | 165/545 [02:48<05:15,  1.21it/s] 30%|███       | 166/545 [02:49<05:36,  1.13it/s] 31%|███       | 167/545 [02:50<05:35,  1.13it/s] 31%|███       | 168/545 [02:51<05:21,  1.17it/s] 31%|███       | 169/545 [02:52<05:34,  1.12it/s] 31%|███       | 170/545 [02:53<06:04,  1.03it/s] 31%|███▏      | 171/545 [02:54<07:06,  1.14s/it] 32%|███▏      | 172/545 [02:55<06:28,  1.04s/it] 32%|███▏      | 173/545 [02:56<05:58,  1.04it/s] 32%|███▏      | 174/545 [02:57<05:30,  1.12it/s] 32%|███▏      | 175/545 [02:58<05:28,  1.13it/s] 32%|███▏      | 176/545 [02:59<05:46,  1.07it/s] 32%|███▏      | 177/545 [03:00<06:28,  1.06s/it] 33%|███▎      | 178/545 [03:01<06:36,  1.08s/it] 33%|███▎      | 179/545 [03:02<06:11,  1.02s/it] 33%|███▎      | 180/545 [03:03<06:19,  1.04s/it] 33%|███▎      | 181/545 [03:04<05:43,  1.06it/s] 33%|███▎      | 182/545 [03:05<06:03,  1.00s/it] 34%|███▎      | 183/545 [03:06<05:51,  1.03it/s] 34%|███▍      | 184/545 [03:07<05:39,  1.06it/s] 34%|███▍      | 185/545 [03:08<05:32,  1.08it/s] 34%|███▍      | 186/545 [03:09<06:07,  1.02s/it] 34%|███▍      | 187/545 [03:10<06:55,  1.16s/it] 34%|███▍      | 188/545 [03:11<06:11,  1.04s/it] 35%|███▍      | 189/545 [03:12<05:40,  1.05it/s] 35%|███▍      | 190/545 [03:13<05:13,  1.13it/s] 35%|███▌      | 191/545 [03:13<04:52,  1.21it/s] 35%|███▌      | 192/545 [03:14<04:40,  1.26it/s] 35%|███▌      | 193/545 [03:15<05:02,  1.16it/s] 36%|███▌      | 194/545 [03:16<05:10,  1.13it/s] 36%|███▌      | 195/545 [03:18<06:15,  1.07s/it] 36%|███▌      | 196/545 [03:19<06:20,  1.09s/it] 36%|███▌      | 197/545 [03:20<06:22,  1.10s/it] 36%|███▋      | 198/545 [03:21<06:05,  1.05s/it] 37%|███▋      | 199/545 [03:21<05:26,  1.06it/s] 37%|███▋      | 200/545 [03:22<05:07,  1.12it/s] 37%|███▋      | 201/545 [03:23<04:48,  1.19it/s] 37%|███▋      | 202/545 [03:24<04:31,  1.26it/s] 37%|███▋      | 203/545 [03:25<04:51,  1.17it/s] 37%|███▋      | 204/545 [03:25<04:44,  1.20it/s] 38%|███▊      | 205/545 [03:26<04:29,  1.26it/s] 38%|███▊      | 206/545 [03:27<04:33,  1.24it/s] 38%|███▊      | 207/545 [03:28<04:26,  1.27it/s] 38%|███▊      | 208/545 [03:28<04:32,  1.24it/s] 38%|███▊      | 209/545 [03:30<05:01,  1.12it/s] 39%|███▊      | 210/545 [03:30<04:49,  1.16it/s] 39%|███▊      | 211/545 [03:32<05:55,  1.07s/it] 39%|███▉      | 212/545 [03:33<05:54,  1.07s/it] 39%|███▉      | 213/545 [03:34<06:19,  1.14s/it] 39%|███▉      | 214/545 [03:35<05:43,  1.04s/it] 39%|███▉      | 215/545 [03:36<05:29,  1.00it/s] 40%|███▉      | 216/545 [03:37<04:57,  1.11it/s] 40%|███▉      | 217/545 [03:38<04:48,  1.14it/s] 40%|████      | 218/545 [03:38<04:35,  1.19it/s] 40%|████      | 219/545 [03:39<04:34,  1.19it/s] 40%|████      | 220/545 [03:40<04:46,  1.13it/s] 41%|████      | 221/545 [03:41<04:22,  1.23it/s] 41%|████      | 222/545 [03:42<04:31,  1.19it/s] 41%|████      | 223/545 [03:43<05:06,  1.05it/s] 41%|████      | 224/545 [03:44<04:46,  1.12it/s] 41%|████▏     | 225/545 [03:45<05:04,  1.05it/s] 41%|████▏     | 226/545 [03:45<04:35,  1.16it/s] 42%|████▏     | 227/545 [03:46<04:16,  1.24it/s] 42%|████▏     | 228/545 [03:47<04:09,  1.27it/s] 42%|████▏     | 229/545 [03:47<04:00,  1.32it/s] 42%|████▏     | 230/545 [03:49<04:38,  1.13it/s] 42%|████▏     | 231/545 [03:50<04:37,  1.13it/s] 43%|████▎     | 232/545 [03:51<04:46,  1.09it/s] 43%|████▎     | 233/545 [03:51<04:35,  1.13it/s] 43%|████▎     | 234/545 [03:52<04:14,  1.22it/s] 43%|████▎     | 235/545 [03:53<04:40,  1.10it/s] 43%|████▎     | 236/545 [03:55<05:32,  1.08s/it] 43%|████▎     | 237/545 [03:56<05:51,  1.14s/it] 44%|████▎     | 238/545 [03:57<05:24,  1.06s/it] 44%|████▍     | 239/545 [03:58<05:34,  1.09s/it] 44%|████▍     | 240/545 [03:59<05:27,  1.07s/it] 44%|████▍     | 241/545 [04:00<05:14,  1.04s/it] 44%|████▍     | 242/545 [04:01<05:34,  1.10s/it] 45%|████▍     | 243/545 [04:02<05:11,  1.03s/it] 45%|████▍     | 244/545 [04:03<04:46,  1.05it/s] 45%|████▍     | 245/545 [04:04<04:33,  1.10it/s] 45%|████▌     | 246/545 [04:04<04:32,  1.10it/s] 45%|████▌     | 247/545 [04:05<04:34,  1.09it/s] 46%|████▌     | 248/545 [04:06<04:43,  1.05it/s] 46%|████▌     | 249/545 [04:07<04:46,  1.03it/s] 46%|████▌     | 250/545 [04:09<05:03,  1.03s/it] 46%|████▌     | 251/545 [04:10<05:20,  1.09s/it] 46%|████▌     | 252/545 [04:11<04:47,  1.02it/s] 46%|████▋     | 253/545 [04:11<04:38,  1.05it/s] 47%|████▋     | 254/545 [04:12<04:19,  1.12it/s] 47%|████▋     | 255/545 [04:13<04:12,  1.15it/s] 47%|████▋     | 256/545 [04:14<04:39,  1.03it/s] 47%|████▋     | 257/545 [04:15<04:33,  1.05it/s] 47%|████▋     | 258/545 [04:16<04:41,  1.02it/s] 48%|████▊     | 259/545 [04:17<04:44,  1.01it/s] 48%|████▊     | 260/545 [04:18<04:50,  1.02s/it] 48%|████▊     | 261/545 [04:20<05:39,  1.20s/it] 48%|████▊     | 262/545 [04:21<05:01,  1.07s/it] 48%|████▊     | 263/545 [04:21<04:34,  1.03it/s] 48%|████▊     | 264/545 [04:22<04:20,  1.08it/s] 49%|████▊     | 265/545 [04:24<05:00,  1.07s/it] 49%|████▉     | 266/545 [04:25<04:55,  1.06s/it] 49%|████▉     | 267/545 [04:26<04:46,  1.03s/it] 49%|████▉     | 268/545 [04:27<04:47,  1.04s/it] 49%|████▉     | 269/545 [04:28<04:39,  1.01s/it] 50%|████▉     | 270/545 [04:29<04:41,  1.02s/it] 50%|████▉     | 271/545 [04:30<04:24,  1.04it/s] 50%|████▉     | 272/545 [04:30<04:17,  1.06it/s] 50%|█████     | 273/545 [04:31<04:11,  1.08it/s] 50%|█████     | 274/545 [04:32<04:03,  1.11it/s] 50%|█████     | 275/545 [04:33<03:46,  1.19it/s] 51%|█████     | 276/545 [04:34<04:03,  1.10it/s] 51%|█████     | 277/545 [04:35<03:50,  1.16it/s] 51%|█████     | 278/545 [04:36<03:51,  1.15it/s] 51%|█████     | 279/545 [04:36<03:49,  1.16it/s] 51%|█████▏    | 280/545 [04:37<03:49,  1.16it/s] 52%|█████▏    | 281/545 [04:38<03:56,  1.12it/s] 52%|█████▏    | 282/545 [04:39<04:08,  1.06it/s] 52%|█████▏    | 283/545 [04:40<04:05,  1.07it/s] 52%|█████▏    | 284/545 [04:41<04:12,  1.03it/s] 52%|█████▏    | 285/545 [04:43<04:32,  1.05s/it] 52%|█████▏    | 286/545 [04:43<04:16,  1.01it/s] 53%|█████▎    | 287/545 [04:44<04:15,  1.01it/s] 53%|█████▎    | 288/545 [04:45<04:09,  1.03it/s] 53%|█████▎    | 289/545 [04:46<04:06,  1.04it/s] 53%|█████▎    | 290/545 [04:48<04:44,  1.11s/it] 53%|█████▎    | 291/545 [04:49<04:23,  1.04s/it] 54%|█████▎    | 292/545 [04:50<04:31,  1.07s/it] 54%|█████▍    | 293/545 [04:51<04:32,  1.08s/it] 54%|█████▍    | 294/545 [04:52<04:17,  1.03s/it] 54%|█████▍    | 295/545 [04:53<04:07,  1.01it/s] 54%|█████▍    | 296/545 [04:53<03:55,  1.06it/s] 54%|█████▍    | 297/545 [04:54<03:35,  1.15it/s] 55%|█████▍    | 298/545 [04:55<03:51,  1.07it/s] 55%|█████▍    | 299/545 [04:56<03:52,  1.06it/s] 55%|█████▌    | 300/545 [04:57<03:30,  1.17it/s] 55%|█████▌    | 301/545 [04:57<03:12,  1.27it/s] 55%|█████▌    | 302/545 [04:58<03:05,  1.31it/s] 56%|█████▌    | 303/545 [04:59<03:09,  1.28it/s] 56%|█████▌    | 304/545 [05:00<03:45,  1.07it/s] 56%|█████▌    | 305/545 [05:01<03:43,  1.08it/s] 56%|█████▌    | 306/545 [05:02<03:52,  1.03it/s] 56%|█████▋    | 307/545 [05:03<03:36,  1.10it/s] 57%|█████▋    | 308/545 [05:04<03:24,  1.16it/s] 57%|█████▋    | 309/545 [05:05<03:35,  1.10it/s] 57%|█████▋    | 310/545 [05:06<04:02,  1.03s/it] 57%|█████▋    | 311/545 [05:07<04:11,  1.07s/it] 57%|█████▋    | 312/545 [05:08<03:36,  1.07it/s] 57%|█████▋    | 313/545 [05:09<03:30,  1.10it/s] 58%|█████▊    | 314/545 [05:10<03:36,  1.07it/s] 58%|█████▊    | 315/545 [05:11<04:14,  1.11s/it] 58%|█████▊    | 316/545 [05:12<04:10,  1.10s/it] 58%|█████▊    | 317/545 [05:13<04:06,  1.08s/it] 58%|█████▊    | 318/545 [05:15<04:18,  1.14s/it] 59%|█████▊    | 319/545 [05:15<03:44,  1.01it/s] 59%|█████▊    | 320/545 [05:16<03:43,  1.01it/s] 59%|█████▉    | 321/545 [05:17<03:28,  1.07it/s] 59%|█████▉    | 322/545 [05:18<03:23,  1.10it/s] 59%|█████▉    | 323/545 [05:19<03:27,  1.07it/s] 59%|█████▉    | 324/545 [05:20<04:00,  1.09s/it] 60%|█████▉    | 325/545 [05:21<03:56,  1.08s/it] 60%|█████▉    | 326/545 [05:22<03:46,  1.03s/it] 60%|██████    | 327/545 [05:23<03:28,  1.04it/s] 60%|██████    | 328/545 [05:24<03:15,  1.11it/s] 60%|██████    | 329/545 [05:25<03:03,  1.18it/s] 61%|██████    | 330/545 [05:25<02:55,  1.23it/s] 61%|██████    | 331/545 [05:26<03:06,  1.14it/s] 61%|██████    | 332/545 [05:27<03:13,  1.10it/s] 61%|██████    | 333/545 [05:28<03:23,  1.04it/s] 61%|██████▏   | 334/545 [05:29<03:23,  1.04it/s] 61%|██████▏   | 335/545 [05:30<03:05,  1.13it/s] 62%|██████▏   | 336/545 [05:31<03:28,  1.00it/s] 62%|██████▏   | 337/545 [05:32<03:14,  1.07it/s] 62%|██████▏   | 338/545 [05:33<03:00,  1.15it/s] 62%|██████▏   | 339/545 [05:34<02:47,  1.23it/s] 62%|██████▏   | 340/545 [05:34<02:37,  1.30it/s] 63%|██████▎   | 341/545 [05:35<02:37,  1.30it/s] 63%|██████▎   | 342/545 [05:36<02:59,  1.13it/s] 63%|██████▎   | 343/545 [05:37<03:19,  1.01it/s] 63%|██████▎   | 344/545 [05:38<03:19,  1.01it/s] 63%|██████▎   | 345/545 [05:39<03:19,  1.00it/s] 63%|██████▎   | 346/545 [05:40<03:20,  1.01s/it] 64%|██████▎   | 347/545 [05:42<03:46,  1.14s/it] 64%|██████▍   | 348/545 [05:43<03:17,  1.00s/it] 64%|██████▍   | 349/545 [05:43<02:59,  1.09it/s] 64%|██████▍   | 350/545 [05:44<02:51,  1.14it/s] 64%|██████▍   | 351/545 [05:45<02:45,  1.18it/s] 65%|██████▍   | 352/545 [05:46<03:04,  1.05it/s] 65%|██████▍   | 353/545 [05:47<02:59,  1.07it/s] 65%|██████▍   | 354/545 [05:48<02:45,  1.16it/s] 65%|██████▌   | 355/545 [05:48<02:40,  1.19it/s] 65%|██████▌   | 356/545 [05:49<02:38,  1.19it/s] 66%|██████▌   | 357/545 [05:50<02:52,  1.09it/s] 66%|██████▌   | 358/545 [05:52<03:03,  1.02it/s] 66%|██████▌   | 359/545 [05:52<02:59,  1.04it/s] 66%|██████▌   | 360/545 [05:54<03:21,  1.09s/it] 66%|██████▌   | 361/545 [05:55<03:36,  1.18s/it] 66%|██████▋   | 362/545 [05:56<03:20,  1.09s/it] 67%|██████▋   | 363/545 [05:57<03:15,  1.07s/it] 67%|██████▋   | 364/545 [05:58<02:59,  1.01it/s] 67%|██████▋   | 365/545 [05:59<03:20,  1.11s/it] 67%|██████▋   | 366/545 [06:01<03:46,  1.27s/it] 67%|██████▋   | 367/545 [06:02<03:13,  1.09s/it] 68%|██████▊   | 368/545 [06:03<03:10,  1.08s/it] 68%|██████▊   | 369/545 [06:03<02:53,  1.01it/s] 68%|██████▊   | 370/545 [06:04<02:46,  1.05it/s] 68%|██████▊   | 371/545 [06:05<02:38,  1.10it/s] 68%|██████▊   | 372/545 [06:06<02:39,  1.09it/s] 68%|██████▊   | 373/545 [06:08<03:03,  1.07s/it] 69%|██████▊   | 374/545 [06:08<02:53,  1.01s/it] 69%|██████▉   | 375/545 [06:09<02:51,  1.01s/it] 69%|██████▉   | 376/545 [06:10<02:47,  1.01it/s] 69%|██████▉   | 377/545 [06:11<02:52,  1.03s/it] 69%|██████▉   | 378/545 [06:12<02:50,  1.02s/it] 70%|██████▉   | 379/545 [06:14<03:22,  1.22s/it] 70%|██████▉   | 380/545 [06:15<03:17,  1.20s/it] 70%|██████▉   | 381/545 [06:16<02:56,  1.07s/it] 70%|███████   | 382/545 [06:17<02:38,  1.03it/s] 70%|███████   | 383/545 [06:18<02:25,  1.11it/s] 70%|███████   | 384/545 [06:19<02:28,  1.08it/s] 71%|███████   | 385/545 [06:19<02:25,  1.10it/s] 71%|███████   | 386/545 [06:20<02:23,  1.11it/s] 71%|███████   | 387/545 [06:22<02:41,  1.02s/it] 71%|███████   | 388/545 [06:22<02:23,  1.09it/s] 71%|███████▏  | 389/545 [06:23<02:24,  1.08it/s] 72%|███████▏  | 390/545 [06:24<02:12,  1.17it/s] 72%|███████▏  | 391/545 [06:25<02:07,  1.20it/s] 72%|███████▏  | 392/545 [06:26<02:08,  1.19it/s] 72%|███████▏  | 393/545 [06:26<02:12,  1.15it/s] 72%|███████▏  | 394/545 [06:27<02:13,  1.13it/s] 72%|███████▏  | 395/545 [06:28<02:22,  1.05it/s] 73%|███████▎  | 396/545 [06:30<02:28,  1.01it/s] 73%|███████▎  | 397/545 [06:31<02:50,  1.15s/it] 73%|███████▎  | 398/545 [06:32<02:41,  1.10s/it] 73%|███████▎  | 399/545 [06:33<02:25,  1.00it/s] 73%|███████▎  | 400/545 [06:34<02:39,  1.10s/it] 74%|███████▎  | 401/545 [06:35<02:23,  1.00it/s] 74%|███████▍  | 402/545 [06:36<02:22,  1.00it/s] 74%|███████▍  | 403/545 [06:37<02:24,  1.02s/it] 74%|███████▍  | 404/545 [06:38<02:15,  1.04it/s] 74%|███████▍  | 405/545 [06:39<02:23,  1.02s/it] 74%|███████▍  | 406/545 [06:40<02:15,  1.03it/s] 75%|███████▍  | 407/545 [06:41<02:08,  1.07it/s] 75%|███████▍  | 408/545 [06:42<02:08,  1.07it/s] 75%|███████▌  | 409/545 [06:42<02:01,  1.12it/s] 75%|███████▌  | 410/545 [06:43<01:57,  1.15it/s] 75%|███████▌  | 411/545 [06:44<02:11,  1.02it/s] 76%|███████▌  | 412/545 [06:45<02:07,  1.04it/s] 76%|███████▌  | 413/545 [06:46<02:05,  1.05it/s] 76%|███████▌  | 414/545 [06:47<02:01,  1.08it/s] 76%|███████▌  | 415/545 [06:49<02:18,  1.06s/it] 76%|███████▋  | 416/545 [06:50<02:25,  1.13s/it] 77%|███████▋  | 417/545 [06:51<02:17,  1.07s/it] 77%|███████▋  | 418/545 [06:52<02:14,  1.06s/it] 77%|███████▋  | 419/545 [06:53<02:22,  1.13s/it] 77%|███████▋  | 420/545 [06:54<02:14,  1.07s/it] 77%|███████▋  | 421/545 [06:55<02:14,  1.09s/it] 77%|███████▋  | 422/545 [06:56<02:05,  1.02s/it] 78%|███████▊  | 423/545 [06:57<01:55,  1.06it/s] 78%|███████▊  | 424/545 [06:58<01:54,  1.06it/s] 78%|███████▊  | 425/545 [06:59<01:51,  1.07it/s] 78%|███████▊  | 426/545 [07:00<01:51,  1.07it/s] 78%|███████▊  | 427/545 [07:01<01:53,  1.04it/s] 79%|███████▊  | 428/545 [07:02<01:52,  1.04it/s] 79%|███████▊  | 429/545 [07:03<01:59,  1.03s/it] 79%|███████▉  | 430/545 [07:04<01:56,  1.01s/it] 79%|███████▉  | 431/545 [07:05<01:53,  1.00it/s] 79%|███████▉  | 432/545 [07:06<01:59,  1.06s/it] 79%|███████▉  | 433/545 [07:07<01:49,  1.02it/s] 80%|███████▉  | 434/545 [07:07<01:41,  1.10it/s] 80%|███████▉  | 435/545 [07:08<01:38,  1.12it/s] 80%|████████  | 436/545 [07:09<01:39,  1.10it/s] 80%|████████  | 437/545 [07:10<01:33,  1.15it/s] 80%|████████  | 438/545 [07:11<01:35,  1.11it/s] 81%|████████  | 439/545 [07:12<01:28,  1.19it/s] 81%|████████  | 440/545 [07:13<01:33,  1.12it/s] 81%|████████  | 441/545 [07:13<01:26,  1.20it/s] 81%|████████  | 442/545 [07:14<01:27,  1.18it/s] 81%|████████▏ | 443/545 [07:15<01:27,  1.17it/s] 81%|████████▏ | 444/545 [07:16<01:36,  1.05it/s] 82%|████████▏ | 445/545 [07:17<01:30,  1.10it/s] 82%|████████▏ | 446/545 [07:18<01:24,  1.18it/s] 82%|████████▏ | 447/545 [07:19<01:25,  1.15it/s] 82%|████████▏ | 448/545 [07:20<01:33,  1.04it/s] 82%|████████▏ | 449/545 [07:21<01:41,  1.05s/it] 83%|████████▎ | 450/545 [07:22<01:28,  1.08it/s] 83%|████████▎ | 451/545 [07:23<01:22,  1.14it/s] 83%|████████▎ | 452/545 [07:23<01:17,  1.21it/s] 83%|████████▎ | 453/545 [07:24<01:15,  1.22it/s] 83%|████████▎ | 454/545 [07:25<01:12,  1.26it/s] 83%|████████▎ | 455/545 [07:26<01:18,  1.14it/s] 84%|████████▎ | 456/545 [07:27<01:16,  1.16it/s] 84%|████████▍ | 457/545 [07:28<01:13,  1.19it/s] 84%|████████▍ | 458/545 [07:28<01:12,  1.20it/s] 84%|████████▍ | 459/545 [07:29<01:10,  1.23it/s] 84%|████████▍ | 460/545 [07:30<01:09,  1.23it/s] 85%|████████▍ | 461/545 [07:31<01:17,  1.09it/s] 85%|████████▍ | 462/545 [07:32<01:14,  1.11it/s] 85%|████████▍ | 463/545 [07:33<01:07,  1.21it/s] 85%|████████▌ | 464/545 [07:33<01:01,  1.31it/s] 85%|████████▌ | 465/545 [07:34<00:59,  1.34it/s] 86%|████████▌ | 466/545 [07:35<01:11,  1.10it/s] 86%|████████▌ | 467/545 [07:36<01:08,  1.14it/s] 86%|████████▌ | 468/545 [07:37<01:09,  1.10it/s] 86%|████████▌ | 469/545 [07:38<01:05,  1.16it/s] 86%|████████▌ | 470/545 [07:39<01:03,  1.19it/s] 86%|████████▋ | 471/545 [07:40<01:12,  1.02it/s] 87%|████████▋ | 472/545 [07:41<01:09,  1.06it/s] 87%|████████▋ | 473/545 [07:41<01:03,  1.14it/s] 87%|████████▋ | 474/545 [07:42<00:58,  1.21it/s] 87%|████████▋ | 475/545 [07:43<00:59,  1.18it/s] 87%|████████▋ | 476/545 [07:44<00:57,  1.20it/s] 88%|████████▊ | 477/545 [07:45<00:57,  1.18it/s] 88%|████████▊ | 478/545 [07:46<00:59,  1.12it/s] 88%|████████▊ | 479/545 [07:46<00:54,  1.22it/s] 88%|████████▊ | 480/545 [07:47<00:50,  1.28it/s] 88%|████████▊ | 481/545 [07:48<00:48,  1.33it/s] 88%|████████▊ | 482/545 [07:49<00:49,  1.27it/s] 89%|████████▊ | 483/545 [07:50<00:54,  1.15it/s] 89%|████████▉ | 484/545 [07:50<00:51,  1.19it/s] 89%|████████▉ | 485/545 [07:51<00:52,  1.15it/s] 89%|████████▉ | 486/545 [07:52<00:50,  1.17it/s] 89%|████████▉ | 487/545 [07:53<00:49,  1.16it/s] 90%|████████▉ | 488/545 [07:54<00:54,  1.05it/s] 90%|████████▉ | 489/545 [07:55<00:53,  1.05it/s] 90%|████████▉ | 490/545 [07:56<00:55,  1.02s/it] 90%|█████████ | 491/545 [07:57<00:51,  1.05it/s] 90%|█████████ | 492/545 [07:58<00:46,  1.15it/s] 90%|█████████ | 493/545 [07:59<00:43,  1.19it/s] 91%|█████████ | 494/545 [08:00<00:46,  1.10it/s] 91%|█████████ | 495/545 [08:01<00:45,  1.09it/s] 91%|█████████ | 496/545 [08:02<00:43,  1.11it/s] 91%|█████████ | 497/545 [08:03<00:48,  1.01s/it] 91%|█████████▏| 498/545 [08:03<00:43,  1.09it/s] 92%|█████████▏| 499/545 [08:05<00:48,  1.05s/it] 92%|█████████▏| 500/545 [08:06<00:45,  1.02s/it] 92%|█████████▏| 501/545 [08:06<00:40,  1.09it/s] 92%|█████████▏| 502/545 [08:07<00:38,  1.13it/s] 92%|█████████▏| 503/545 [08:08<00:40,  1.04it/s] 92%|█████████▏| 504/545 [08:09<00:40,  1.00it/s] 93%|█████████▎| 505/545 [08:11<00:43,  1.09s/it] 93%|█████████▎| 506/545 [08:12<00:41,  1.05s/it] 93%|█████████▎| 507/545 [08:14<00:48,  1.27s/it] 93%|█████████▎| 508/545 [08:14<00:42,  1.15s/it] 93%|█████████▎| 509/545 [08:15<00:37,  1.04s/it] 94%|█████████▎| 510/545 [08:16<00:36,  1.06s/it] 94%|█████████▍| 511/545 [08:18<00:41,  1.23s/it] 94%|█████████▍| 512/545 [08:19<00:38,  1.16s/it] 94%|█████████▍| 513/545 [08:20<00:38,  1.19s/it] 94%|█████████▍| 514/545 [08:21<00:34,  1.11s/it] 94%|█████████▍| 515/545 [08:23<00:39,  1.32s/it] 95%|█████████▍| 516/545 [08:24<00:33,  1.15s/it] 95%|█████████▍| 517/545 [08:25<00:29,  1.06s/it] 95%|█████████▌| 518/545 [08:26<00:30,  1.13s/it] 95%|█████████▌| 519/545 [08:27<00:27,  1.07s/it] 95%|█████████▌| 520/545 [08:28<00:27,  1.08s/it] 96%|█████████▌| 521/545 [08:29<00:24,  1.01s/it] 96%|█████████▌| 522/545 [08:30<00:24,  1.07s/it] 96%|█████████▌| 523/545 [08:31<00:22,  1.04s/it] 96%|█████████▌| 524/545 [08:32<00:20,  1.02it/s] 96%|█████████▋| 525/545 [08:33<00:21,  1.06s/it] 97%|█████████▋| 526/545 [08:34<00:19,  1.01s/it] 97%|█████████▋| 527/545 [08:35<00:16,  1.10it/s] 97%|█████████▋| 528/545 [08:36<00:16,  1.01it/s] 97%|█████████▋| 529/545 [08:37<00:15,  1.00it/s] 97%|█████████▋| 530/545 [08:37<00:13,  1.08it/s] 97%|█████████▋| 531/545 [08:38<00:12,  1.09it/s] 98%|█████████▊| 532/545 [08:39<00:10,  1.20it/s] 98%|█████████▊| 533/545 [08:40<00:09,  1.20it/s] 98%|█████████▊| 534/545 [08:41<00:08,  1.26it/s] 98%|█████████▊| 535/545 [08:41<00:07,  1.28it/s] 98%|█████████▊| 536/545 [08:42<00:07,  1.19it/s] 99%|█████████▊| 537/545 [08:43<00:06,  1.26it/s] 99%|█████████▊| 538/545 [08:44<00:05,  1.33it/s] 99%|█████████▉| 539/545 [08:44<00:04,  1.32it/s] 99%|█████████▉| 540/545 [08:46<00:04,  1.11it/s] 99%|█████████▉| 541/545 [08:47<00:03,  1.06it/s] 99%|█████████▉| 542/545 [08:47<00:02,  1.15it/s]100%|█████████▉| 543/545 [08:48<00:01,  1.14it/s]100%|█████████▉| 544/545 [08:49<00:00,  1.17it/s]100%|██████████| 545/545 [08:50<00:00,  1.14it/s]100%|██████████| 545/545 [08:50<00:00,  1.03it/s]
Calculating RVL tensor:   0%|          | 0/545 [00:00<?, ?it/s]Calculating RVL tensor:   1%|          | 4/545 [00:00<00:15, 34.21it/s]Calculating RVL tensor:   1%|▏         | 8/545 [00:00<00:20, 26.71it/s]Calculating RVL tensor:   2%|▏         | 11/545 [00:00<00:25, 20.66it/s]Calculating RVL tensor:   3%|▎         | 15/545 [00:00<00:25, 21.10it/s]Calculating RVL tensor:   3%|▎         | 18/545 [00:00<00:22, 23.14it/s]Calculating RVL tensor:   4%|▍         | 21/545 [00:01<00:33, 15.82it/s]Calculating RVL tensor:   5%|▍         | 25/545 [00:01<00:27, 19.26it/s]Calculating RVL tensor:   5%|▌         | 28/545 [00:01<00:24, 20.73it/s]Calculating RVL tensor:   6%|▌         | 31/545 [00:01<00:37, 13.54it/s]Calculating RVL tensor:   6%|▌         | 34/545 [00:01<00:32, 15.78it/s]Calculating RVL tensor:   7%|▋         | 38/545 [00:01<00:25, 20.03it/s]Calculating RVL tensor:   8%|▊         | 42/545 [00:02<00:22, 22.65it/s]Calculating RVL tensor:   8%|▊         | 45/545 [00:02<00:22, 22.06it/s]Calculating RVL tensor:   9%|▉         | 49/545 [00:02<00:21, 23.16it/s]Calculating RVL tensor:  10%|▉         | 53/545 [00:02<00:18, 26.17it/s]Calculating RVL tensor:  10%|█         | 56/545 [00:02<00:20, 23.44it/s]Calculating RVL tensor:  11%|█         | 59/545 [00:02<00:20, 23.81it/s]Calculating RVL tensor:  11%|█▏        | 62/545 [00:02<00:21, 22.16it/s]Calculating RVL tensor:  12%|█▏        | 65/545 [00:03<00:21, 22.09it/s]Calculating RVL tensor:  12%|█▏        | 68/545 [00:03<00:20, 23.35it/s]Calculating RVL tensor:  13%|█▎        | 73/545 [00:03<00:16, 28.75it/s]Calculating RVL tensor:  14%|█▍        | 76/545 [00:03<00:17, 26.39it/s]Calculating RVL tensor:  14%|█▍        | 79/545 [00:03<00:19, 23.85it/s]Calculating RVL tensor:  15%|█▌        | 83/545 [00:03<00:18, 24.43it/s]Calculating RVL tensor:  16%|█▌        | 86/545 [00:03<00:18, 25.46it/s]Calculating RVL tensor:  17%|█▋        | 90/545 [00:03<00:15, 28.90it/s]Calculating RVL tensor:  17%|█▋        | 94/545 [00:04<00:17, 26.50it/s]Calculating RVL tensor:  18%|█▊        | 97/545 [00:04<00:17, 25.91it/s]Calculating RVL tensor:  18%|█▊        | 100/545 [00:04<00:28, 15.85it/s]Calculating RVL tensor:  19%|█▉        | 103/545 [00:04<00:24, 17.90it/s]Calculating RVL tensor:  19%|█▉        | 106/545 [00:04<00:24, 18.06it/s]Calculating RVL tensor:  20%|██        | 109/545 [00:05<00:23, 18.44it/s]Calculating RVL tensor:  21%|██        | 112/545 [00:05<00:23, 18.79it/s]Calculating RVL tensor:  21%|██        | 115/545 [00:05<00:23, 18.05it/s]Calculating RVL tensor:  22%|██▏       | 120/545 [00:05<00:17, 23.85it/s]Calculating RVL tensor:  23%|██▎       | 123/545 [00:05<00:18, 22.21it/s]Calculating RVL tensor:  23%|██▎       | 126/545 [00:05<00:17, 23.52it/s]Calculating RVL tensor:  24%|██▎       | 129/545 [00:05<00:17, 24.07it/s]Calculating RVL tensor:  24%|██▍       | 132/545 [00:06<00:17, 23.15it/s]Calculating RVL tensor:  25%|██▍       | 135/545 [00:06<00:23, 17.49it/s]Calculating RVL tensor:  26%|██▌       | 140/545 [00:06<00:17, 22.92it/s]Calculating RVL tensor:  26%|██▌       | 143/545 [00:06<00:18, 21.58it/s]Calculating RVL tensor:  27%|██▋       | 146/545 [00:06<00:20, 19.53it/s]Calculating RVL tensor:  28%|██▊       | 151/545 [00:06<00:15, 24.65it/s]Calculating RVL tensor:  28%|██▊       | 155/545 [00:07<00:14, 26.71it/s]Calculating RVL tensor:  29%|██▉       | 158/545 [00:07<00:15, 24.87it/s]Calculating RVL tensor:  30%|██▉       | 161/545 [00:07<00:16, 23.34it/s]Calculating RVL tensor:  30%|███       | 166/545 [00:07<00:13, 27.69it/s]Calculating RVL tensor:  31%|███       | 169/545 [00:07<00:14, 25.51it/s]Calculating RVL tensor:  32%|███▏      | 172/545 [00:07<00:16, 22.61it/s]Calculating RVL tensor:  32%|███▏      | 176/545 [00:07<00:14, 26.17it/s]Calculating RVL tensor:  33%|███▎      | 179/545 [00:08<00:13, 26.28it/s]Calculating RVL tensor:  33%|███▎      | 182/545 [00:08<00:14, 24.48it/s]Calculating RVL tensor:  34%|███▍      | 185/545 [00:08<00:14, 25.12it/s]Calculating RVL tensor:  34%|███▍      | 188/545 [00:08<00:15, 22.41it/s]Calculating RVL tensor:  36%|███▌      | 194/545 [00:08<00:11, 29.33it/s]Calculating RVL tensor:  36%|███▋      | 198/545 [00:08<00:12, 27.64it/s]Calculating RVL tensor:  37%|███▋      | 203/545 [00:08<00:10, 32.00it/s]Calculating RVL tensor:  38%|███▊      | 208/545 [00:08<00:09, 35.94it/s]Calculating RVL tensor:  39%|███▉      | 212/545 [00:09<00:12, 27.18it/s]Calculating RVL tensor:  40%|███▉      | 216/545 [00:09<00:12, 25.88it/s]Calculating RVL tensor:  41%|████      | 222/545 [00:09<00:10, 30.77it/s]Calculating RVL tensor:  41%|████▏     | 226/545 [00:09<00:11, 28.85it/s]Calculating RVL tensor:  42%|████▏     | 231/545 [00:09<00:10, 30.68it/s]Calculating RVL tensor:  43%|████▎     | 235/545 [00:09<00:10, 28.79it/s]Calculating RVL tensor:  44%|████▍     | 239/545 [00:10<00:12, 23.60it/s]Calculating RVL tensor:  45%|████▍     | 243/545 [00:10<00:11, 25.54it/s]Calculating RVL tensor:  46%|████▌     | 248/545 [00:10<00:10, 28.63it/s]Calculating RVL tensor:  46%|████▌     | 252/545 [00:10<00:10, 26.67it/s]Calculating RVL tensor:  47%|████▋     | 257/545 [00:10<00:10, 28.46it/s]Calculating RVL tensor:  48%|████▊     | 260/545 [00:11<00:13, 21.64it/s]Calculating RVL tensor:  48%|████▊     | 263/545 [00:11<00:12, 22.48it/s]Calculating RVL tensor:  49%|████▉     | 267/545 [00:11<00:10, 25.78it/s]Calculating RVL tensor:  50%|████▉     | 270/545 [00:11<00:10, 25.58it/s]Calculating RVL tensor:  50%|█████     | 274/545 [00:11<00:09, 28.37it/s]Calculating RVL tensor:  51%|█████     | 279/545 [00:11<00:08, 32.06it/s]Calculating RVL tensor:  52%|█████▏    | 284/545 [00:11<00:07, 34.37it/s]Calculating RVL tensor:  53%|█████▎    | 288/545 [00:11<00:07, 32.83it/s]Calculating RVL tensor:  54%|█████▎    | 292/545 [00:12<00:08, 30.10it/s]Calculating RVL tensor:  54%|█████▍    | 296/545 [00:12<00:07, 31.37it/s]Calculating RVL tensor:  55%|█████▌    | 301/545 [00:12<00:06, 34.89it/s]Calculating RVL tensor:  56%|█████▌    | 305/545 [00:12<00:06, 34.80it/s]Calculating RVL tensor:  57%|█████▋    | 309/545 [00:12<00:06, 34.55it/s]Calculating RVL tensor:  57%|█████▋    | 313/545 [00:12<00:06, 33.80it/s]Calculating RVL tensor:  58%|█████▊    | 317/545 [00:12<00:07, 30.95it/s]Calculating RVL tensor:  59%|█████▉    | 321/545 [00:12<00:06, 32.39it/s]Calculating RVL tensor:  60%|█████▉    | 325/545 [00:13<00:07, 30.37it/s]Calculating RVL tensor:  61%|██████    | 330/545 [00:13<00:06, 33.92it/s]Calculating RVL tensor:  61%|██████▏   | 334/545 [00:13<00:06, 30.82it/s]Calculating RVL tensor:  62%|██████▏   | 340/545 [00:13<00:05, 37.00it/s]Calculating RVL tensor:  63%|██████▎   | 344/545 [00:13<00:06, 31.71it/s]Calculating RVL tensor:  64%|██████▍   | 348/545 [00:13<00:06, 30.73it/s]Calculating RVL tensor:  65%|██████▍   | 353/545 [00:13<00:05, 33.58it/s]Calculating RVL tensor:  66%|██████▌   | 357/545 [00:13<00:05, 34.87it/s]Calculating RVL tensor:  66%|██████▌   | 361/545 [00:14<00:06, 27.70it/s]Calculating RVL tensor:  67%|██████▋   | 365/545 [00:14<00:07, 24.71it/s]Calculating RVL tensor:  68%|██████▊   | 368/545 [00:14<00:07, 23.84it/s]Calculating RVL tensor:  68%|██████▊   | 372/545 [00:14<00:06, 27.16it/s]Calculating RVL tensor:  69%|██████▉   | 375/545 [00:14<00:06, 25.02it/s]Calculating RVL tensor:  70%|██████▉   | 379/545 [00:15<00:07, 21.63it/s]Calculating RVL tensor:  70%|███████   | 384/545 [00:15<00:06, 26.74it/s]Calculating RVL tensor:  71%|███████   | 388/545 [00:15<00:05, 27.35it/s]Calculating RVL tensor:  72%|███████▏  | 393/545 [00:15<00:04, 32.30it/s]Calculating RVL tensor:  73%|███████▎  | 397/545 [00:15<00:05, 27.07it/s]Calculating RVL tensor:  74%|███████▎  | 401/545 [00:15<00:05, 26.72it/s]Calculating RVL tensor:  74%|███████▍  | 405/545 [00:15<00:04, 29.04it/s]Calculating RVL tensor:  75%|███████▌  | 410/545 [00:15<00:04, 33.09it/s]Calculating RVL tensor:  76%|███████▌  | 414/545 [00:16<00:03, 34.67it/s]Calculating RVL tensor:  77%|███████▋  | 418/545 [00:16<00:05, 23.11it/s]Calculating RVL tensor:  78%|███████▊  | 423/545 [00:16<00:04, 27.92it/s]Calculating RVL tensor:  79%|███████▊  | 429/545 [00:16<00:03, 33.19it/s]Calculating RVL tensor:  80%|███████▉  | 434/545 [00:16<00:03, 36.77it/s]Calculating RVL tensor:  81%|████████  | 440/545 [00:16<00:02, 40.25it/s]Calculating RVL tensor:  82%|████████▏ | 445/545 [00:16<00:02, 42.15it/s]Calculating RVL tensor:  83%|████████▎ | 450/545 [00:17<00:02, 42.06it/s]Calculating RVL tensor:  83%|████████▎ | 455/545 [00:17<00:02, 41.66it/s]Calculating RVL tensor:  85%|████████▍ | 461/545 [00:17<00:01, 45.26it/s]Calculating RVL tensor:  86%|████████▌ | 466/545 [00:17<00:02, 37.22it/s]Calculating RVL tensor:  86%|████████▋ | 471/545 [00:17<00:02, 29.79it/s]Calculating RVL tensor:  87%|████████▋ | 475/545 [00:17<00:02, 30.54it/s]Calculating RVL tensor:  88%|████████▊ | 480/545 [00:17<00:01, 33.46it/s]Calculating RVL tensor:  89%|████████▉ | 484/545 [00:18<00:01, 31.40it/s]Calculating RVL tensor:  90%|████████▉ | 488/545 [00:18<00:01, 28.64it/s]Calculating RVL tensor:  90%|█████████ | 492/545 [00:18<00:01, 28.76it/s]Calculating RVL tensor:  91%|█████████ | 496/545 [00:18<00:01, 30.66it/s]Calculating RVL tensor:  92%|█████████▏| 500/545 [00:18<00:01, 30.66it/s]Calculating RVL tensor:  92%|█████████▏| 504/545 [00:18<00:01, 31.92it/s]Calculating RVL tensor:  93%|█████████▎| 508/545 [00:19<00:01, 23.48it/s]Calculating RVL tensor:  94%|█████████▍| 511/545 [00:19<00:01, 21.64it/s]Calculating RVL tensor:  94%|█████████▍| 514/545 [00:19<00:01, 22.79it/s]Calculating RVL tensor:  95%|█████████▍| 517/545 [00:19<00:01, 23.21it/s]Calculating RVL tensor:  95%|█████████▌| 520/545 [00:19<00:01, 23.48it/s]Calculating RVL tensor:  96%|█████████▌| 523/545 [00:19<00:00, 24.00it/s]Calculating RVL tensor:  97%|█████████▋| 526/545 [00:19<00:00, 25.16it/s]Calculating RVL tensor:  97%|█████████▋| 529/545 [00:19<00:00, 22.57it/s]Calculating RVL tensor:  98%|█████████▊| 536/545 [00:20<00:00, 33.00it/s]Calculating RVL tensor:  99%|█████████▉| 540/545 [00:20<00:00, 32.36it/s]Calculating RVL tensor: 100%|██████████| 545/545 [00:20<00:00, 34.93it/s]Calculating RVL tensor: 100%|██████████| 545/545 [00:20<00:00, 26.77it/s]
Plotting refractory QC:   0%|          | 0/545 [00:00<?, ?it/s]Plotting refractory QC:   0%|          | 1/545 [00:00<07:25,  1.22it/s]Plotting refractory QC:   0%|          | 2/545 [00:01<06:13,  1.45it/s]Plotting refractory QC:   1%|          | 3/545 [00:02<06:04,  1.49it/s]Plotting refractory QC:   1%|          | 4/545 [00:02<05:28,  1.65it/s]Plotting refractory QC:   1%|          | 5/545 [00:03<05:21,  1.68it/s]Plotting refractory QC:   1%|          | 6/545 [00:03<05:17,  1.70it/s]Plotting refractory QC:   1%|▏         | 7/545 [00:04<05:16,  1.70it/s]Plotting refractory QC:   1%|▏         | 8/545 [00:05<06:01,  1.49it/s]Plotting refractory QC:   2%|▏         | 9/545 [00:05<05:42,  1.56it/s]Plotting refractory QC:   2%|▏         | 10/545 [00:06<05:33,  1.61it/s]Plotting refractory QC:   2%|▏         | 11/545 [00:06<05:22,  1.65it/s]Plotting refractory QC:   2%|▏         | 12/545 [00:07<05:05,  1.74it/s]Plotting refractory QC:   2%|▏         | 13/545 [00:07<04:47,  1.85it/s]Plotting refractory QC:   3%|▎         | 14/545 [00:08<04:51,  1.82it/s]Plotting refractory QC:   3%|▎         | 15/545 [00:08<04:41,  1.88it/s]Plotting refractory QC:   3%|▎         | 16/545 [00:09<05:43,  1.54it/s]Plotting refractory QC:   3%|▎         | 17/545 [00:10<05:28,  1.61it/s]Plotting refractory QC:   3%|▎         | 18/545 [00:10<05:21,  1.64it/s]Plotting refractory QC:   3%|▎         | 19/545 [00:11<05:28,  1.60it/s]Plotting refractory QC:   4%|▎         | 20/545 [00:12<05:10,  1.69it/s]Plotting refractory QC:   4%|▍         | 21/545 [00:12<05:08,  1.70it/s]Plotting refractory QC:   4%|▍         | 22/545 [00:13<05:08,  1.70it/s]Plotting refractory QC:   4%|▍         | 23/545 [00:14<05:57,  1.46it/s]Plotting refractory QC:   4%|▍         | 24/545 [00:14<05:25,  1.60it/s]Plotting refractory QC:   5%|▍         | 25/545 [00:15<05:16,  1.64it/s]Plotting refractory QC:   5%|▍         | 26/545 [00:15<05:03,  1.71it/s]Plotting refractory QC:   5%|▍         | 27/545 [00:16<04:56,  1.74it/s]Plotting refractory QC:   5%|▌         | 28/545 [00:16<04:53,  1.76it/s]Plotting refractory QC:   5%|▌         | 29/545 [00:17<05:13,  1.65it/s]Plotting refractory QC:   6%|▌         | 30/545 [00:18<05:13,  1.64it/s]Plotting refractory QC:   6%|▌         | 31/545 [00:19<05:53,  1.45it/s]Plotting refractory QC:   6%|▌         | 32/545 [00:19<05:35,  1.53it/s]Plotting refractory QC:   6%|▌         | 33/545 [00:20<05:13,  1.64it/s]Plotting refractory QC:   6%|▌         | 34/545 [00:20<04:53,  1.74it/s]Plotting refractory QC:   6%|▋         | 35/545 [00:21<04:40,  1.82it/s]Plotting refractory QC:   7%|▋         | 36/545 [00:21<04:42,  1.80it/s]Plotting refractory QC:   7%|▋         | 37/545 [00:22<04:38,  1.82it/s]Plotting refractory QC:   7%|▋         | 38/545 [00:22<04:36,  1.83it/s]Plotting refractory QC:   7%|▋         | 39/545 [00:23<05:25,  1.56it/s]Plotting refractory QC:   7%|▋         | 40/545 [00:24<05:11,  1.62it/s]Plotting refractory QC:   8%|▊         | 41/545 [00:24<04:51,  1.73it/s]Plotting refractory QC:   8%|▊         | 42/545 [00:25<04:37,  1.81it/s]Plotting refractory QC:   8%|▊         | 43/545 [00:25<04:42,  1.77it/s]Plotting refractory QC:   8%|▊         | 44/545 [00:26<04:37,  1.80it/s]Plotting refractory QC:   8%|▊         | 45/545 [00:26<04:52,  1.71it/s]Plotting refractory QC:   8%|▊         | 46/545 [00:27<04:56,  1.68it/s]Plotting refractory QC:   9%|▊         | 47/545 [00:28<05:42,  1.46it/s]Plotting refractory QC:   9%|▉         | 48/545 [00:29<05:36,  1.48it/s]Plotting refractory QC:   9%|▉         | 49/545 [00:29<05:20,  1.55it/s]Plotting refractory QC:   9%|▉         | 50/545 [00:30<05:05,  1.62it/s]Plotting refractory QC:   9%|▉         | 51/545 [00:30<04:54,  1.68it/s]Plotting refractory QC:  10%|▉         | 52/545 [00:31<04:48,  1.71it/s]Plotting refractory QC:  10%|▉         | 53/545 [00:31<04:46,  1.72it/s]Plotting refractory QC:  10%|▉         | 54/545 [00:32<05:37,  1.46it/s]Plotting refractory QC:  10%|█         | 55/545 [00:33<05:32,  1.48it/s]Plotting refractory QC:  10%|█         | 56/545 [00:34<05:17,  1.54it/s]Plotting refractory QC:  10%|█         | 57/545 [00:34<05:02,  1.62it/s]Plotting refractory QC:  11%|█         | 58/545 [00:35<04:45,  1.71it/s]Plotting refractory QC:  11%|█         | 59/545 [00:35<04:38,  1.74it/s]Plotting refractory QC:  11%|█         | 60/545 [00:36<04:31,  1.79it/s]Plotting refractory QC:  11%|█         | 61/545 [00:37<05:19,  1.52it/s]Plotting refractory QC:  11%|█▏        | 62/545 [00:37<05:01,  1.60it/s]Plotting refractory QC:  12%|█▏        | 63/545 [00:38<04:48,  1.67it/s]Plotting refractory QC:  12%|█▏        | 64/545 [00:38<04:42,  1.70it/s]Plotting refractory QC:  12%|█▏        | 65/545 [00:39<04:36,  1.73it/s]Plotting refractory QC:  12%|█▏        | 66/545 [00:39<04:45,  1.68it/s]Plotting refractory QC:  12%|█▏        | 67/545 [00:40<04:38,  1.72it/s]Plotting refractory QC:  12%|█▏        | 68/545 [00:41<04:29,  1.77it/s]Plotting refractory QC:  13%|█▎        | 69/545 [00:41<05:20,  1.49it/s]Plotting refractory QC:  13%|█▎        | 70/545 [00:42<05:05,  1.55it/s]Plotting refractory QC:  13%|█▎        | 71/545 [00:43<04:57,  1.59it/s]Plotting refractory QC:  13%|█▎        | 72/545 [00:43<04:49,  1.64it/s]Plotting refractory QC:  13%|█▎        | 73/545 [00:44<04:52,  1.62it/s]Plotting refractory QC:  14%|█▎        | 74/545 [00:44<04:47,  1.64it/s]Plotting refractory QC:  14%|█▍        | 75/545 [00:45<04:45,  1.64it/s]Plotting refractory QC:  14%|█▍        | 76/545 [00:46<04:48,  1.62it/s]Plotting refractory QC:  14%|█▍        | 77/545 [00:47<05:52,  1.33it/s]Plotting refractory QC:  14%|█▍        | 78/545 [00:47<05:22,  1.45it/s]Plotting refractory QC:  14%|█▍        | 79/545 [00:48<04:58,  1.56it/s]Plotting refractory QC:  15%|█▍        | 80/545 [00:48<04:36,  1.68it/s]Plotting refractory QC:  15%|█▍        | 81/545 [00:49<04:23,  1.76it/s]Plotting refractory QC:  15%|█▌        | 82/545 [00:49<04:26,  1.74it/s]Plotting refractory QC:  15%|█▌        | 83/545 [00:50<04:19,  1.78it/s]Plotting refractory QC:  15%|█▌        | 84/545 [00:51<04:17,  1.79it/s]Plotting refractory QC:  16%|█▌        | 85/545 [00:51<05:11,  1.47it/s]Plotting refractory QC:  16%|█▌        | 86/545 [00:52<04:53,  1.56it/s]Plotting refractory QC:  16%|█▌        | 87/545 [00:53<04:47,  1.59it/s]Plotting refractory QC:  16%|█▌        | 88/545 [00:53<04:26,  1.72it/s]Plotting refractory QC:  16%|█▋        | 89/545 [00:54<04:31,  1.68it/s]Plotting refractory QC:  17%|█▋        | 90/545 [00:54<04:21,  1.74it/s]Plotting refractory QC:  17%|█▋        | 91/545 [00:55<04:13,  1.79it/s]Plotting refractory QC:  17%|█▋        | 92/545 [00:55<04:15,  1.77it/s]Plotting refractory QC:  17%|█▋        | 93/545 [00:56<04:58,  1.51it/s]Plotting refractory QC:  17%|█▋        | 94/545 [00:57<04:49,  1.56it/s]Plotting refractory QC:  17%|█▋        | 95/545 [00:57<04:32,  1.65it/s]Plotting refractory QC:  18%|█▊        | 96/545 [00:58<04:20,  1.72it/s]Plotting refractory QC:  18%|█▊        | 97/545 [00:58<04:07,  1.81it/s]Plotting refractory QC:  18%|█▊        | 98/545 [00:59<04:06,  1.82it/s]Plotting refractory QC:  18%|█▊        | 99/545 [00:59<04:00,  1.86it/s]Plotting refractory QC:  18%|█▊        | 100/545 [01:00<04:00,  1.85it/s]Plotting refractory QC:  19%|█▊        | 101/545 [01:01<04:52,  1.52it/s]Plotting refractory QC:  19%|█▊        | 102/545 [01:01<04:28,  1.65it/s]Plotting refractory QC:  19%|█▉        | 103/545 [01:02<04:22,  1.68it/s]Plotting refractory QC:  19%|█▉        | 104/545 [01:02<04:11,  1.75it/s]Plotting refractory QC:  19%|█▉        | 105/545 [01:03<04:08,  1.77it/s]Plotting refractory QC:  19%|█▉        | 106/545 [01:04<04:07,  1.77it/s]Plotting refractory QC:  20%|█▉        | 107/545 [01:04<04:15,  1.71it/s]Plotting refractory QC:  20%|█▉        | 108/545 [01:05<04:13,  1.72it/s]Plotting refractory QC:  20%|██        | 109/545 [01:06<04:55,  1.48it/s]Plotting refractory QC:  20%|██        | 110/545 [01:06<05:09,  1.41it/s]Plotting refractory QC:  20%|██        | 111/545 [01:07<04:42,  1.54it/s]Plotting refractory QC:  21%|██        | 112/545 [01:08<04:37,  1.56it/s]Plotting refractory QC:  21%|██        | 113/545 [01:08<04:21,  1.65it/s]Plotting refractory QC:  21%|██        | 114/545 [01:09<04:05,  1.75it/s]Plotting refractory QC:  21%|██        | 115/545 [01:09<04:18,  1.66it/s]Plotting refractory QC:  21%|██▏       | 116/545 [01:10<05:06,  1.40it/s]Plotting refractory QC:  21%|██▏       | 117/545 [01:11<04:49,  1.48it/s]Plotting refractory QC:  22%|██▏       | 118/545 [01:11<04:29,  1.58it/s]Plotting refractory QC:  22%|██▏       | 119/545 [01:12<04:05,  1.74it/s]Plotting refractory QC:  22%|██▏       | 120/545 [01:12<04:07,  1.72it/s]Plotting refractory QC:  22%|██▏       | 121/545 [01:13<04:02,  1.75it/s]Plotting refractory QC:  22%|██▏       | 122/545 [01:14<04:05,  1.73it/s]Plotting refractory QC:  23%|██▎       | 123/545 [01:14<03:58,  1.77it/s]Plotting refractory QC:  23%|██▎       | 124/545 [01:15<04:54,  1.43it/s]Plotting refractory QC:  23%|██▎       | 125/545 [01:16<04:40,  1.50it/s]Plotting refractory QC:  23%|██▎       | 126/545 [01:16<04:23,  1.59it/s]Plotting refractory QC:  23%|██▎       | 127/545 [01:17<04:10,  1.67it/s]Plotting refractory QC:  23%|██▎       | 128/545 [01:17<04:05,  1.70it/s]Plotting refractory QC:  24%|██▎       | 129/545 [01:18<04:01,  1.72it/s]Plotting refractory QC:  24%|██▍       | 130/545 [01:18<03:57,  1.75it/s]Plotting refractory QC:  24%|██▍       | 131/545 [01:19<04:21,  1.58it/s]Plotting refractory QC:  24%|██▍       | 132/545 [01:20<04:04,  1.69it/s]Plotting refractory QC:  24%|██▍       | 133/545 [01:20<04:05,  1.68it/s]Plotting refractory QC:  25%|██▍       | 134/545 [01:21<04:05,  1.67it/s]Plotting refractory QC:  25%|██▍       | 135/545 [01:21<03:58,  1.72it/s]Plotting refractory QC:  25%|██▍       | 136/545 [01:22<03:51,  1.76it/s]Plotting refractory QC:  25%|██▌       | 137/545 [01:23<03:47,  1.80it/s]Plotting refractory QC:  25%|██▌       | 138/545 [01:23<03:38,  1.86it/s]Plotting refractory QC:  26%|██▌       | 139/545 [01:24<04:28,  1.51it/s]Plotting refractory QC:  26%|██▌       | 140/545 [01:25<04:16,  1.58it/s]Plotting refractory QC:  26%|██▌       | 141/545 [01:25<04:10,  1.61it/s]Plotting refractory QC:  26%|██▌       | 142/545 [01:26<04:07,  1.63it/s]Plotting refractory QC:  26%|██▌       | 143/545 [01:26<04:13,  1.59it/s]Plotting refractory QC:  26%|██▋       | 144/545 [01:27<04:04,  1.64it/s]Plotting refractory QC:  27%|██▋       | 145/545 [01:27<03:52,  1.72it/s]Plotting refractory QC:  27%|██▋       | 146/545 [01:28<04:35,  1.45it/s]Plotting refractory QC:  27%|██▋       | 147/545 [01:29<04:17,  1.54it/s]Plotting refractory QC:  27%|██▋       | 148/545 [01:30<04:03,  1.63it/s]Plotting refractory QC:  27%|██▋       | 149/545 [01:30<03:49,  1.72it/s]Plotting refractory QC:  28%|██▊       | 150/545 [01:31<03:51,  1.71it/s]Plotting refractory QC:  28%|██▊       | 151/545 [01:31<03:50,  1.71it/s]Plotting refractory QC:  28%|██▊       | 152/545 [01:32<03:39,  1.79it/s]Plotting refractory QC:  28%|██▊       | 153/545 [01:32<03:36,  1.81it/s]Plotting refractory QC:  28%|██▊       | 154/545 [01:33<04:14,  1.54it/s]Plotting refractory QC:  28%|██▊       | 155/545 [01:34<04:01,  1.62it/s]Plotting refractory QC:  29%|██▊       | 156/545 [01:34<03:53,  1.67it/s]Plotting refractory QC:  29%|██▉       | 157/545 [01:35<03:42,  1.74it/s]Plotting refractory QC:  29%|██▉       | 158/545 [01:35<03:40,  1.76it/s]Plotting refractory QC:  29%|██▉       | 159/545 [01:36<03:31,  1.82it/s]Plotting refractory QC:  29%|██▉       | 160/545 [01:36<03:25,  1.87it/s]Plotting refractory QC:  30%|██▉       | 161/545 [01:37<03:29,  1.84it/s]Plotting refractory QC:  30%|██▉       | 162/545 [01:38<04:14,  1.51it/s]Plotting refractory QC:  30%|██▉       | 163/545 [01:38<03:57,  1.61it/s]Plotting refractory QC:  30%|███       | 164/545 [01:39<03:44,  1.69it/s]Plotting refractory QC:  30%|███       | 165/545 [01:39<03:49,  1.66it/s]Plotting refractory QC:  30%|███       | 166/545 [01:40<03:43,  1.70it/s]Plotting refractory QC:  31%|███       | 167/545 [01:41<03:34,  1.76it/s]Plotting refractory QC:  31%|███       | 168/545 [01:41<03:41,  1.70it/s]Plotting refractory QC:  31%|███       | 169/545 [01:42<03:51,  1.62it/s]Plotting refractory QC:  31%|███       | 170/545 [01:43<04:18,  1.45it/s]Plotting refractory QC:  31%|███▏      | 171/545 [01:43<03:57,  1.58it/s]Plotting refractory QC:  32%|███▏      | 172/545 [01:44<03:47,  1.64it/s]Plotting refractory QC:  32%|███▏      | 173/545 [01:44<03:38,  1.70it/s]Plotting refractory QC:  32%|███▏      | 174/545 [01:45<03:39,  1.69it/s]Plotting refractory QC:  32%|███▏      | 175/545 [01:45<03:30,  1.75it/s]Plotting refractory QC:  32%|███▏      | 176/545 [01:46<03:20,  1.84it/s]Plotting refractory QC:  32%|███▏      | 177/545 [01:46<03:16,  1.87it/s]Plotting refractory QC:  33%|███▎      | 178/545 [01:47<03:57,  1.55it/s]Plotting refractory QC:  33%|███▎      | 179/545 [01:48<03:50,  1.59it/s]Plotting refractory QC:  33%|███▎      | 180/545 [01:48<03:37,  1.68it/s]Plotting refractory QC:  33%|███▎      | 181/545 [01:49<03:26,  1.76it/s]Plotting refractory QC:  33%|███▎      | 182/545 [01:49<03:14,  1.86it/s]Plotting refractory QC:  34%|███▎      | 183/545 [01:50<03:06,  1.94it/s]Plotting refractory QC:  34%|███▍      | 184/545 [01:50<03:08,  1.91it/s]Plotting refractory QC:  34%|███▍      | 185/545 [01:51<03:46,  1.59it/s]Plotting refractory QC:  34%|███▍      | 186/545 [01:52<03:53,  1.54it/s]Plotting refractory QC:  34%|███▍      | 187/545 [01:53<03:42,  1.61it/s]Plotting refractory QC:  34%|███▍      | 188/545 [01:53<03:32,  1.68it/s]Plotting refractory QC:  35%|███▍      | 189/545 [01:54<03:24,  1.74it/s]Plotting refractory QC:  35%|███▍      | 190/545 [01:54<03:22,  1.75it/s]Plotting refractory QC:  35%|███▌      | 191/545 [01:55<03:18,  1.79it/s]Plotting refractory QC:  35%|███▌      | 192/545 [01:55<03:20,  1.76it/s]Plotting refractory QC:  35%|███▌      | 193/545 [01:56<04:02,  1.45it/s]Plotting refractory QC:  36%|███▌      | 194/545 [01:57<03:47,  1.54it/s]Plotting refractory QC:  36%|███▌      | 195/545 [01:58<03:55,  1.49it/s]Plotting refractory QC:  36%|███▌      | 196/545 [01:58<03:41,  1.58it/s]Plotting refractory QC:  36%|███▌      | 197/545 [01:59<03:36,  1.61it/s]Plotting refractory QC:  36%|███▋      | 198/545 [01:59<03:26,  1.68it/s]Plotting refractory QC:  37%|███▋      | 199/545 [02:00<03:16,  1.76it/s]Plotting refractory QC:  37%|███▋      | 200/545 [02:01<03:47,  1.52it/s]Plotting refractory QC:  37%|███▋      | 201/545 [02:01<03:38,  1.57it/s]Plotting refractory QC:  37%|███▋      | 202/545 [02:02<03:35,  1.59it/s]Plotting refractory QC:  37%|███▋      | 203/545 [02:02<03:23,  1.68it/s]Plotting refractory QC:  37%|███▋      | 204/545 [02:03<03:13,  1.76it/s]Plotting refractory QC:  38%|███▊      | 205/545 [02:03<03:08,  1.81it/s]Plotting refractory QC:  38%|███▊      | 206/545 [02:04<03:03,  1.85it/s]Plotting refractory QC:  38%|███▊      | 207/545 [02:04<03:00,  1.87it/s]Plotting refractory QC:  38%|███▊      | 208/545 [02:05<03:34,  1.57it/s]Plotting refractory QC:  38%|███▊      | 209/545 [02:06<03:24,  1.65it/s]Plotting refractory QC:  39%|███▊      | 210/545 [02:06<03:15,  1.72it/s]Plotting refractory QC:  39%|███▊      | 211/545 [02:07<03:14,  1.72it/s]Plotting refractory QC:  39%|███▉      | 212/545 [02:07<03:16,  1.70it/s]Plotting refractory QC:  39%|███▉      | 213/545 [02:08<03:09,  1.75it/s]Plotting refractory QC:  39%|███▉      | 214/545 [02:09<03:07,  1.77it/s]Plotting refractory QC:  39%|███▉      | 215/545 [02:09<03:43,  1.48it/s]Plotting refractory QC:  40%|███▉      | 216/545 [02:10<03:39,  1.50it/s]Plotting refractory QC:  40%|███▉      | 217/545 [02:11<03:31,  1.55it/s]Plotting refractory QC:  40%|████      | 218/545 [02:11<03:32,  1.54it/s]Plotting refractory QC:  40%|████      | 219/545 [02:12<03:18,  1.64it/s]Plotting refractory QC:  40%|████      | 220/545 [02:12<03:13,  1.68it/s]Plotting refractory QC:  41%|████      | 221/545 [02:13<03:18,  1.64it/s]Plotting refractory QC:  41%|████      | 222/545 [02:14<03:14,  1.66it/s]Plotting refractory QC:  41%|████      | 223/545 [02:15<03:50,  1.40it/s]Plotting refractory QC:  41%|████      | 224/545 [02:15<03:33,  1.51it/s]Plotting refractory QC:  41%|████▏     | 225/545 [02:16<03:20,  1.59it/s]Plotting refractory QC:  41%|████▏     | 226/545 [02:16<03:17,  1.61it/s]Plotting refractory QC:  42%|████▏     | 227/545 [02:17<03:08,  1.69it/s]Plotting refractory QC:  42%|████▏     | 228/545 [02:17<03:01,  1.74it/s]Plotting refractory QC:  42%|████▏     | 229/545 [02:18<02:55,  1.80it/s]Plotting refractory QC:  42%|████▏     | 230/545 [02:19<03:28,  1.51it/s]Plotting refractory QC:  42%|████▏     | 231/545 [02:19<03:19,  1.58it/s]Plotting refractory QC:  43%|████▎     | 232/545 [02:20<03:03,  1.70it/s]Plotting refractory QC:  43%|████▎     | 233/545 [02:20<03:00,  1.73it/s]Plotting refractory QC:  43%|████▎     | 234/545 [02:21<03:04,  1.69it/s]Plotting refractory QC:  43%|████▎     | 235/545 [02:22<03:13,  1.60it/s]Plotting refractory QC:  43%|████▎     | 236/545 [02:22<03:03,  1.68it/s]Plotting refractory QC:  43%|████▎     | 237/545 [02:23<03:00,  1.71it/s]Plotting refractory QC:  44%|████▎     | 238/545 [02:24<03:29,  1.46it/s]Plotting refractory QC:  44%|████▍     | 239/545 [02:24<03:22,  1.51it/s]Plotting refractory QC:  44%|████▍     | 240/545 [02:25<03:13,  1.58it/s]Plotting refractory QC:  44%|████▍     | 241/545 [02:25<03:02,  1.66it/s]Plotting refractory QC:  44%|████▍     | 242/545 [02:26<03:02,  1.66it/s]Plotting refractory QC:  45%|████▍     | 243/545 [02:27<02:58,  1.69it/s]Plotting refractory QC:  45%|████▍     | 244/545 [02:27<02:58,  1.69it/s]Plotting refractory QC:  45%|████▍     | 245/545 [02:28<03:28,  1.44it/s]Plotting refractory QC:  45%|████▌     | 246/545 [02:29<03:13,  1.55it/s]Plotting refractory QC:  45%|████▌     | 247/545 [02:29<03:01,  1.64it/s]Plotting refractory QC:  46%|████▌     | 248/545 [02:30<02:51,  1.73it/s]Plotting refractory QC:  46%|████▌     | 249/545 [02:30<02:48,  1.76it/s]Plotting refractory QC:  46%|████▌     | 250/545 [02:31<02:42,  1.82it/s]Plotting refractory QC:  46%|████▌     | 251/545 [02:31<02:49,  1.74it/s]Plotting refractory QC:  46%|████▌     | 252/545 [02:32<02:43,  1.79it/s]Plotting refractory QC:  46%|████▋     | 253/545 [02:33<03:18,  1.47it/s]Plotting refractory QC:  47%|████▋     | 254/545 [02:33<03:06,  1.56it/s]Plotting refractory QC:  47%|████▋     | 255/545 [02:34<02:56,  1.64it/s]Plotting refractory QC:  47%|████▋     | 256/545 [02:34<02:45,  1.75it/s]Plotting refractory QC:  47%|████▋     | 257/545 [02:35<02:45,  1.74it/s]Plotting refractory QC:  47%|████▋     | 258/545 [02:36<02:41,  1.78it/s]Plotting refractory QC:  48%|████▊     | 259/545 [02:36<02:44,  1.74it/s]Plotting refractory QC:  48%|████▊     | 260/545 [02:37<02:49,  1.68it/s]Plotting refractory QC:  48%|████▊     | 261/545 [02:38<03:22,  1.40it/s]Plotting refractory QC:  48%|████▊     | 262/545 [02:38<03:04,  1.53it/s]Plotting refractory QC:  48%|████▊     | 263/545 [02:39<02:52,  1.64it/s]Plotting refractory QC:  48%|████▊     | 264/545 [02:39<02:51,  1.64it/s]Plotting refractory QC:  49%|████▊     | 265/545 [02:40<02:52,  1.63it/s]Plotting refractory QC:  49%|████▉     | 266/545 [02:41<02:48,  1.66it/s]Plotting refractory QC:  49%|████▉     | 267/545 [02:41<02:39,  1.74it/s]Plotting refractory QC:  49%|████▉     | 268/545 [02:42<02:36,  1.76it/s]Plotting refractory QC:  49%|████▉     | 269/545 [02:43<03:01,  1.52it/s]Plotting refractory QC:  50%|████▉     | 270/545 [02:43<02:49,  1.62it/s]Plotting refractory QC:  50%|████▉     | 271/545 [02:44<02:41,  1.70it/s]Plotting refractory QC:  50%|████▉     | 272/545 [02:44<02:36,  1.74it/s]Plotting refractory QC:  50%|█████     | 273/545 [02:45<02:31,  1.79it/s]Plotting refractory QC:  50%|█████     | 274/545 [02:45<02:28,  1.83it/s]Plotting refractory QC:  50%|█████     | 275/545 [02:46<02:31,  1.78it/s]Plotting refractory QC:  51%|█████     | 276/545 [02:46<02:27,  1.82it/s]Plotting refractory QC:  51%|█████     | 277/545 [02:47<02:58,  1.50it/s]Plotting refractory QC:  51%|█████     | 278/545 [02:48<02:45,  1.62it/s]Plotting refractory QC:  51%|█████     | 279/545 [02:48<02:36,  1.70it/s]Plotting refractory QC:  51%|█████▏    | 280/545 [02:49<02:34,  1.71it/s]Plotting refractory QC:  52%|█████▏    | 281/545 [02:49<02:35,  1.70it/s]Plotting refractory QC:  52%|█████▏    | 282/545 [02:50<02:30,  1.74it/s]Plotting refractory QC:  52%|█████▏    | 283/545 [02:51<02:30,  1.74it/s]Plotting refractory QC:  52%|█████▏    | 284/545 [02:51<02:27,  1.76it/s]Plotting refractory QC:  52%|█████▏    | 285/545 [02:52<02:51,  1.51it/s]Plotting refractory QC:  52%|█████▏    | 286/545 [02:53<02:44,  1.58it/s]Plotting refractory QC:  53%|█████▎    | 287/545 [02:53<02:31,  1.71it/s]Plotting refractory QC:  53%|█████▎    | 288/545 [02:54<02:30,  1.71it/s]Plotting refractory QC:  53%|█████▎    | 289/545 [02:54<02:24,  1.78it/s]Plotting refractory QC:  53%|█████▎    | 290/545 [02:55<02:17,  1.85it/s]Plotting refractory QC:  53%|█████▎    | 291/545 [02:55<02:13,  1.91it/s]Plotting refractory QC:  54%|█████▎    | 292/545 [02:56<02:37,  1.61it/s]Plotting refractory QC:  54%|█████▍    | 293/545 [02:57<02:34,  1.63it/s]Plotting refractory QC:  54%|█████▍    | 294/545 [02:57<02:28,  1.69it/s]Plotting refractory QC:  54%|█████▍    | 295/545 [02:58<02:22,  1.75it/s]Plotting refractory QC:  54%|█████▍    | 296/545 [02:58<02:22,  1.75it/s]Plotting refractory QC:  54%|█████▍    | 297/545 [02:59<02:23,  1.73it/s]Plotting refractory QC:  55%|█████▍    | 298/545 [02:59<02:16,  1.81it/s]Plotting refractory QC:  55%|█████▍    | 299/545 [03:00<02:12,  1.85it/s]Plotting refractory QC:  55%|█████▌    | 300/545 [03:01<02:43,  1.50it/s]Plotting refractory QC:  55%|█████▌    | 301/545 [03:01<02:34,  1.58it/s]Plotting refractory QC:  55%|█████▌    | 302/545 [03:02<02:24,  1.68it/s]Plotting refractory QC:  56%|█████▌    | 303/545 [03:02<02:20,  1.72it/s]Plotting refractory QC:  56%|█████▌    | 304/545 [03:03<02:18,  1.74it/s]Plotting refractory QC:  56%|█████▌    | 305/545 [03:04<02:20,  1.71it/s]Plotting refractory QC:  56%|█████▌    | 306/545 [03:04<02:20,  1.70it/s]Plotting refractory QC:  56%|█████▋    | 307/545 [03:05<02:15,  1.75it/s]Plotting refractory QC:  57%|█████▋    | 308/545 [03:06<02:38,  1.49it/s]Plotting refractory QC:  57%|█████▋    | 309/545 [03:06<02:28,  1.59it/s]Plotting refractory QC:  57%|█████▋    | 310/545 [03:07<02:22,  1.65it/s]Plotting refractory QC:  57%|█████▋    | 311/545 [03:07<02:23,  1.64it/s]Plotting refractory QC:  57%|█████▋    | 312/545 [03:08<02:14,  1.73it/s]Plotting refractory QC:  57%|█████▋    | 313/545 [03:08<02:12,  1.75it/s]Plotting refractory QC:  58%|█████▊    | 314/545 [03:09<02:06,  1.83it/s]Plotting refractory QC:  58%|█████▊    | 315/545 [03:09<02:11,  1.75it/s]Plotting refractory QC:  58%|█████▊    | 316/545 [03:10<02:40,  1.43it/s]Plotting refractory QC:  58%|█████▊    | 317/545 [03:11<02:29,  1.53it/s]Plotting refractory QC:  58%|█████▊    | 318/545 [03:12<02:25,  1.56it/s]Plotting refractory QC:  59%|█████▊    | 319/545 [03:12<02:18,  1.64it/s]Plotting refractory QC:  59%|█████▊    | 320/545 [03:13<02:09,  1.74it/s]Plotting refractory QC:  59%|█████▉    | 321/545 [03:13<02:06,  1.77it/s]Plotting refractory QC:  59%|█████▉    | 322/545 [03:14<02:02,  1.82it/s]Plotting refractory QC:  59%|█████▉    | 323/545 [03:14<02:00,  1.85it/s]Plotting refractory QC:  59%|█████▉    | 324/545 [03:15<02:25,  1.51it/s]Plotting refractory QC:  60%|█████▉    | 325/545 [03:16<02:16,  1.61it/s]Plotting refractory QC:  60%|█████▉    | 326/545 [03:16<02:10,  1.68it/s]Plotting refractory QC:  60%|██████    | 327/545 [03:17<02:06,  1.72it/s]Plotting refractory QC:  60%|██████    | 328/545 [03:17<02:06,  1.72it/s]Plotting refractory QC:  60%|██████    | 329/545 [03:18<02:08,  1.68it/s]Plotting refractory QC:  61%|██████    | 330/545 [03:19<02:04,  1.72it/s]Plotting refractory QC:  61%|██████    | 331/545 [03:19<02:24,  1.48it/s]Plotting refractory QC:  61%|██████    | 332/545 [03:20<02:14,  1.58it/s]Plotting refractory QC:  61%|██████    | 333/545 [03:20<02:07,  1.67it/s]Plotting refractory QC:  61%|██████▏   | 334/545 [03:21<02:04,  1.69it/s]Plotting refractory QC:  61%|██████▏   | 335/545 [03:22<01:59,  1.75it/s]Plotting refractory QC:  62%|██████▏   | 336/545 [03:22<01:58,  1.77it/s]Plotting refractory QC:  62%|██████▏   | 337/545 [03:23<01:54,  1.81it/s]Plotting refractory QC:  62%|██████▏   | 338/545 [03:23<01:54,  1.81it/s]Plotting refractory QC:  62%|██████▏   | 339/545 [03:24<02:16,  1.51it/s]Plotting refractory QC:  62%|██████▏   | 340/545 [03:25<02:11,  1.56it/s]Plotting refractory QC:  63%|██████▎   | 341/545 [03:25<02:08,  1.59it/s]Plotting refractory QC:  63%|██████▎   | 342/545 [03:26<02:01,  1.67it/s]Plotting refractory QC:  63%|██████▎   | 343/545 [03:26<01:57,  1.73it/s]Plotting refractory QC:  63%|██████▎   | 344/545 [03:27<01:53,  1.78it/s]Plotting refractory QC:  63%|██████▎   | 345/545 [03:27<01:49,  1.82it/s]Plotting refractory QC:  63%|██████▎   | 346/545 [03:28<01:47,  1.85it/s]Plotting refractory QC:  64%|██████▎   | 347/545 [03:29<02:12,  1.50it/s]Plotting refractory QC:  64%|██████▍   | 348/545 [03:29<02:06,  1.56it/s]Plotting refractory QC:  64%|██████▍   | 349/545 [03:30<02:02,  1.60it/s]Plotting refractory QC:  64%|██████▍   | 350/545 [03:31<01:54,  1.70it/s]Plotting refractory QC:  64%|██████▍   | 351/545 [03:31<01:50,  1.75it/s]Plotting refractory QC:  65%|██████▍   | 352/545 [03:32<01:49,  1.76it/s]Plotting refractory QC:  65%|██████▍   | 353/545 [03:32<01:50,  1.74it/s]Plotting refractory QC:  65%|██████▍   | 354/545 [03:33<01:48,  1.76it/s]Plotting refractory QC:  65%|██████▌   | 355/545 [03:34<02:05,  1.51it/s]Plotting refractory QC:  65%|██████▌   | 356/545 [03:34<01:58,  1.59it/s]Plotting refractory QC:  66%|██████▌   | 357/545 [03:35<01:54,  1.65it/s]Plotting refractory QC:  66%|██████▌   | 358/545 [03:35<01:52,  1.66it/s]Plotting refractory QC:  66%|██████▌   | 359/545 [03:36<01:49,  1.70it/s]Plotting refractory QC:  66%|██████▌   | 360/545 [03:36<01:45,  1.76it/s]Plotting refractory QC:  66%|██████▌   | 361/545 [03:37<01:40,  1.82it/s]Plotting refractory QC:  66%|██████▋   | 362/545 [03:37<01:37,  1.88it/s]Plotting refractory QC:  67%|██████▋   | 363/545 [03:38<01:53,  1.61it/s]Plotting refractory QC:  67%|██████▋   | 364/545 [03:39<01:46,  1.69it/s]Plotting refractory QC:  67%|██████▋   | 365/545 [03:39<01:46,  1.69it/s]Plotting refractory QC:  67%|██████▋   | 366/545 [03:40<01:42,  1.74it/s]Plotting refractory QC:  67%|██████▋   | 367/545 [03:41<01:41,  1.75it/s]Plotting refractory QC:  68%|██████▊   | 368/545 [03:41<01:41,  1.74it/s]Plotting refractory QC:  68%|██████▊   | 369/545 [03:42<01:37,  1.80it/s]Plotting refractory QC:  68%|██████▊   | 370/545 [03:42<01:36,  1.81it/s]Plotting refractory QC:  68%|██████▊   | 371/545 [03:43<01:58,  1.47it/s]Plotting refractory QC:  68%|██████▊   | 372/545 [03:44<01:52,  1.54it/s]Plotting refractory QC:  68%|██████▊   | 373/545 [03:44<01:47,  1.60it/s]Plotting refractory QC:  69%|██████▊   | 374/545 [03:45<01:41,  1.68it/s]Plotting refractory QC:  69%|██████▉   | 375/545 [03:45<01:40,  1.69it/s]Plotting refractory QC:  69%|██████▉   | 376/545 [03:46<01:36,  1.75it/s]Plotting refractory QC:  69%|██████▉   | 377/545 [03:47<01:42,  1.65it/s]Plotting refractory QC:  69%|██████▉   | 378/545 [03:47<01:37,  1.71it/s]Plotting refractory QC:  70%|██████▉   | 379/545 [03:48<01:53,  1.46it/s]Plotting refractory QC:  70%|██████▉   | 380/545 [03:49<01:49,  1.51it/s]Plotting refractory QC:  70%|██████▉   | 381/545 [03:49<01:39,  1.65it/s]Plotting refractory QC:  70%|███████   | 382/545 [03:50<01:33,  1.74it/s]Plotting refractory QC:  70%|███████   | 383/545 [03:50<01:37,  1.66it/s]Plotting refractory QC:  70%|███████   | 384/545 [03:51<01:31,  1.76it/s]Plotting refractory QC:  71%|███████   | 385/545 [03:51<01:29,  1.79it/s]Plotting refractory QC:  71%|███████   | 386/545 [03:52<01:29,  1.78it/s]Plotting refractory QC:  71%|███████   | 387/545 [03:53<01:45,  1.50it/s]Plotting refractory QC:  71%|███████   | 388/545 [03:53<01:37,  1.60it/s]Plotting refractory QC:  71%|███████▏  | 389/545 [03:54<01:36,  1.61it/s]Plotting refractory QC:  72%|███████▏  | 390/545 [03:54<01:32,  1.68it/s]Plotting refractory QC:  72%|███████▏  | 391/545 [03:55<01:28,  1.75it/s]Plotting refractory QC:  72%|███████▏  | 392/545 [03:55<01:24,  1.82it/s]Plotting refractory QC:  72%|███████▏  | 393/545 [03:56<01:25,  1.77it/s]Plotting refractory QC:  72%|███████▏  | 394/545 [03:57<01:43,  1.46it/s]Plotting refractory QC:  72%|███████▏  | 395/545 [03:58<01:35,  1.57it/s]Plotting refractory QC:  73%|███████▎  | 396/545 [03:58<01:36,  1.54it/s]Plotting refractory QC:  73%|███████▎  | 397/545 [03:59<01:34,  1.57it/s]Plotting refractory QC:  73%|███████▎  | 398/545 [03:59<01:28,  1.66it/s]Plotting refractory QC:  73%|███████▎  | 399/545 [04:00<01:28,  1.64it/s]Plotting refractory QC:  73%|███████▎  | 400/545 [04:01<01:26,  1.67it/s]Plotting refractory QC:  74%|███████▎  | 401/545 [04:01<01:23,  1.72it/s]Plotting refractory QC:  74%|███████▍  | 402/545 [04:02<01:35,  1.49it/s]Plotting refractory QC:  74%|███████▍  | 403/545 [04:03<01:31,  1.55it/s]Plotting refractory QC:  74%|███████▍  | 404/545 [04:03<01:31,  1.55it/s]Plotting refractory QC:  74%|███████▍  | 405/545 [04:04<01:26,  1.62it/s]Plotting refractory QC:  74%|███████▍  | 406/545 [04:04<01:23,  1.66it/s]Plotting refractory QC:  75%|███████▍  | 407/545 [04:05<01:19,  1.73it/s]Plotting refractory QC:  75%|███████▍  | 408/545 [04:05<01:16,  1.78it/s]Plotting refractory QC:  75%|███████▌  | 409/545 [04:06<01:13,  1.85it/s]Plotting refractory QC:  75%|███████▌  | 410/545 [04:07<01:31,  1.48it/s]Plotting refractory QC:  75%|███████▌  | 411/545 [04:07<01:26,  1.55it/s]Plotting refractory QC:  76%|███████▌  | 412/545 [04:08<01:22,  1.61it/s]Plotting refractory QC:  76%|███████▌  | 413/545 [04:09<01:17,  1.70it/s]Plotting refractory QC:  76%|███████▌  | 414/545 [04:09<01:17,  1.68it/s]Plotting refractory QC:  76%|███████▌  | 415/545 [04:10<01:19,  1.65it/s]Plotting refractory QC:  76%|███████▋  | 416/545 [04:10<01:15,  1.70it/s]Plotting refractory QC:  77%|███████▋  | 417/545 [04:11<01:12,  1.77it/s]Plotting refractory QC:  77%|███████▋  | 418/545 [04:12<01:25,  1.49it/s]Plotting refractory QC:  77%|███████▋  | 419/545 [04:12<01:20,  1.56it/s]Plotting refractory QC:  77%|███████▋  | 420/545 [04:13<01:18,  1.60it/s]Plotting refractory QC:  77%|███████▋  | 421/545 [04:14<01:17,  1.61it/s]Plotting refractory QC:  77%|███████▋  | 422/545 [04:14<01:13,  1.68it/s]Plotting refractory QC:  78%|███████▊  | 423/545 [04:15<01:14,  1.64it/s]Plotting refractory QC:  78%|███████▊  | 424/545 [04:15<01:15,  1.60it/s]Plotting refractory QC:  78%|███████▊  | 425/545 [04:16<01:10,  1.71it/s]Plotting refractory QC:  78%|███████▊  | 426/545 [04:17<01:19,  1.50it/s]Plotting refractory QC:  78%|███████▊  | 427/545 [04:17<01:10,  1.66it/s]Plotting refractory QC:  79%|███████▊  | 428/545 [04:18<01:05,  1.78it/s]Plotting refractory QC:  79%|███████▊  | 429/545 [04:18<01:03,  1.82it/s]Plotting refractory QC:  79%|███████▉  | 430/545 [04:19<01:05,  1.77it/s]Plotting refractory QC:  79%|███████▉  | 431/545 [04:19<01:02,  1.83it/s]Plotting refractory QC:  79%|███████▉  | 432/545 [04:20<01:02,  1.82it/s]Plotting refractory QC:  79%|███████▉  | 433/545 [04:20<01:01,  1.83it/s]Plotting refractory QC:  80%|███████▉  | 434/545 [04:21<01:01,  1.79it/s]Plotting refractory QC:  80%|███████▉  | 435/545 [04:22<01:13,  1.49it/s]Plotting refractory QC:  80%|████████  | 436/545 [04:22<01:08,  1.60it/s]Plotting refractory QC:  80%|████████  | 437/545 [04:23<01:03,  1.69it/s]Plotting refractory QC:  80%|████████  | 438/545 [04:24<01:04,  1.66it/s]Plotting refractory QC:  81%|████████  | 439/545 [04:24<01:00,  1.76it/s]Plotting refractory QC:  81%|████████  | 440/545 [04:25<00:56,  1.84it/s]Plotting refractory QC:  81%|████████  | 441/545 [04:25<00:55,  1.88it/s]Plotting refractory QC:  81%|████████  | 442/545 [04:26<01:05,  1.58it/s]Plotting refractory QC:  81%|████████▏ | 443/545 [04:26<01:02,  1.64it/s]Plotting refractory QC:  81%|████████▏ | 444/545 [04:27<00:59,  1.69it/s]Plotting refractory QC:  82%|████████▏ | 445/545 [04:28<00:57,  1.73it/s]Plotting refractory QC:  82%|████████▏ | 446/545 [04:28<00:56,  1.74it/s]Plotting refractory QC:  82%|████████▏ | 447/545 [04:29<00:55,  1.75it/s]Plotting refractory QC:  82%|████████▏ | 448/545 [04:29<00:54,  1.79it/s]Plotting refractory QC:  82%|████████▏ | 449/545 [04:30<00:54,  1.77it/s]Plotting refractory QC:  83%|████████▎ | 450/545 [04:31<01:05,  1.46it/s]Plotting refractory QC:  83%|████████▎ | 451/545 [04:31<01:00,  1.55it/s]Plotting refractory QC:  83%|████████▎ | 452/545 [04:32<00:56,  1.66it/s]Plotting refractory QC:  83%|████████▎ | 453/545 [04:32<00:52,  1.75it/s]Plotting refractory QC:  83%|████████▎ | 454/545 [04:33<00:52,  1.72it/s]Plotting refractory QC:  83%|████████▎ | 455/545 [04:33<00:52,  1.73it/s]Plotting refractory QC:  84%|████████▎ | 456/545 [04:34<00:50,  1.78it/s]Plotting refractory QC:  84%|████████▍ | 457/545 [04:35<00:49,  1.78it/s]Plotting refractory QC:  84%|████████▍ | 458/545 [04:35<00:57,  1.52it/s]Plotting refractory QC:  84%|████████▍ | 459/545 [04:36<00:53,  1.62it/s]Plotting refractory QC:  84%|████████▍ | 460/545 [04:37<00:50,  1.67it/s]Plotting refractory QC:  85%|████████▍ | 461/545 [04:37<00:48,  1.75it/s]Plotting refractory QC:  85%|████████▍ | 462/545 [04:38<00:46,  1.80it/s]Plotting refractory QC:  85%|████████▍ | 463/545 [04:38<00:45,  1.82it/s]Plotting refractory QC:  85%|████████▌ | 464/545 [04:39<00:43,  1.86it/s]Plotting refractory QC:  85%|████████▌ | 465/545 [04:39<00:42,  1.86it/s]Plotting refractory QC:  86%|████████▌ | 466/545 [04:40<00:52,  1.50it/s]Plotting refractory QC:  86%|████████▌ | 467/545 [04:41<00:50,  1.56it/s]Plotting refractory QC:  86%|████████▌ | 468/545 [04:41<00:46,  1.65it/s]Plotting refractory QC:  86%|████████▌ | 469/545 [04:42<00:44,  1.71it/s]Plotting refractory QC:  86%|████████▌ | 470/545 [04:42<00:43,  1.72it/s]Plotting refractory QC:  86%|████████▋ | 471/545 [04:43<00:43,  1.71it/s]Plotting refractory QC:  87%|████████▋ | 472/545 [04:43<00:41,  1.74it/s]Plotting refractory QC:  87%|████████▋ | 473/545 [04:44<00:50,  1.43it/s]Plotting refractory QC:  87%|████████▋ | 474/545 [04:45<00:47,  1.51it/s]Plotting refractory QC:  87%|████████▋ | 475/545 [04:46<00:43,  1.60it/s]Plotting refractory QC:  87%|████████▋ | 476/545 [04:46<00:41,  1.68it/s]Plotting refractory QC:  88%|████████▊ | 477/545 [04:47<00:39,  1.71it/s]Plotting refractory QC:  88%|████████▊ | 478/545 [04:47<00:40,  1.66it/s]Plotting refractory QC:  88%|████████▊ | 479/545 [04:48<00:38,  1.69it/s]Plotting refractory QC:  88%|████████▊ | 480/545 [04:48<00:37,  1.71it/s]Plotting refractory QC:  88%|████████▊ | 481/545 [04:49<00:42,  1.51it/s]Plotting refractory QC:  88%|████████▊ | 482/545 [04:50<00:38,  1.63it/s]Plotting refractory QC:  89%|████████▊ | 483/545 [04:50<00:36,  1.71it/s]Plotting refractory QC:  89%|████████▉ | 484/545 [04:51<00:35,  1.74it/s]Plotting refractory QC:  89%|████████▉ | 485/545 [04:51<00:34,  1.76it/s]Plotting refractory QC:  89%|████████▉ | 486/545 [04:52<00:33,  1.77it/s]Plotting refractory QC:  89%|████████▉ | 487/545 [04:53<00:33,  1.73it/s]Plotting refractory QC:  90%|████████▉ | 488/545 [04:53<00:33,  1.72it/s]Plotting refractory QC:  90%|████████▉ | 489/545 [04:54<00:38,  1.44it/s]Plotting refractory QC:  90%|████████▉ | 490/545 [04:55<00:36,  1.49it/s]Plotting refractory QC:  90%|█████████ | 491/545 [04:55<00:33,  1.59it/s]Plotting refractory QC:  90%|█████████ | 492/545 [04:56<00:31,  1.71it/s]Plotting refractory QC:  90%|█████████ | 493/545 [04:56<00:30,  1.71it/s]Plotting refractory QC:  91%|█████████ | 494/545 [04:57<00:28,  1.78it/s]Plotting refractory QC:  91%|█████████ | 495/545 [04:57<00:27,  1.82it/s]Plotting refractory QC:  91%|█████████ | 496/545 [04:58<00:27,  1.80it/s]Plotting refractory QC:  91%|█████████ | 497/545 [04:59<00:33,  1.45it/s]Plotting refractory QC:  91%|█████████▏| 498/545 [04:59<00:30,  1.55it/s]Plotting refractory QC:  92%|█████████▏| 499/545 [05:00<00:29,  1.58it/s]Plotting refractory QC:  92%|█████████▏| 500/545 [05:01<00:27,  1.66it/s]Plotting refractory QC:  92%|█████████▏| 501/545 [05:01<00:25,  1.73it/s]Plotting refractory QC:  92%|█████████▏| 502/545 [05:02<00:24,  1.73it/s]Plotting refractory QC:  92%|█████████▏| 503/545 [05:02<00:24,  1.74it/s]Plotting refractory QC:  92%|█████████▏| 504/545 [05:03<00:23,  1.75it/s]Plotting refractory QC:  93%|█████████▎| 505/545 [05:04<00:27,  1.47it/s]Plotting refractory QC:  93%|█████████▎| 506/545 [05:04<00:25,  1.56it/s]Plotting refractory QC:  93%|█████████▎| 507/545 [05:05<00:23,  1.62it/s]Plotting refractory QC:  93%|█████████▎| 508/545 [05:05<00:21,  1.70it/s]Plotting refractory QC:  93%|█████████▎| 509/545 [05:06<00:20,  1.72it/s]Plotting refractory QC:  94%|█████████▎| 510/545 [05:06<00:19,  1.77it/s]Plotting refractory QC:  94%|█████████▍| 511/545 [05:07<00:19,  1.77it/s]Plotting refractory QC:  94%|█████████▍| 512/545 [05:08<00:18,  1.80it/s]Plotting refractory QC:  94%|█████████▍| 513/545 [05:09<00:21,  1.50it/s]Plotting refractory QC:  94%|█████████▍| 514/545 [05:09<00:20,  1.52it/s]Plotting refractory QC:  94%|█████████▍| 515/545 [05:10<00:18,  1.62it/s]Plotting refractory QC:  95%|█████████▍| 516/545 [05:10<00:16,  1.73it/s]Plotting refractory QC:  95%|█████████▍| 517/545 [05:11<00:16,  1.74it/s]Plotting refractory QC:  95%|█████████▌| 518/545 [05:11<00:15,  1.80it/s]Plotting refractory QC:  95%|█████████▌| 519/545 [05:12<00:14,  1.76it/s]Plotting refractory QC:  95%|█████████▌| 520/545 [05:12<00:13,  1.80it/s]Plotting refractory QC:  96%|█████████▌| 521/545 [05:13<00:15,  1.50it/s]Plotting refractory QC:  96%|█████████▌| 522/545 [05:14<00:14,  1.60it/s]Plotting refractory QC:  96%|█████████▌| 523/545 [05:14<00:13,  1.69it/s]Plotting refractory QC:  96%|█████████▌| 524/545 [05:15<00:11,  1.78it/s]Plotting refractory QC:  96%|█████████▋| 525/545 [05:16<00:11,  1.68it/s]Plotting refractory QC:  97%|█████████▋| 526/545 [05:16<00:10,  1.78it/s]Plotting refractory QC:  97%|█████████▋| 527/545 [05:17<00:10,  1.76it/s]Plotting refractory QC:  97%|█████████▋| 528/545 [05:17<00:10,  1.66it/s]Plotting refractory QC:  97%|█████████▋| 529/545 [05:18<00:11,  1.42it/s]Plotting refractory QC:  97%|█████████▋| 530/545 [05:19<00:09,  1.52it/s]Plotting refractory QC:  97%|█████████▋| 531/545 [05:19<00:08,  1.59it/s]Plotting refractory QC:  98%|█████████▊| 532/545 [05:20<00:07,  1.66it/s]Plotting refractory QC:  98%|█████████▊| 533/545 [05:20<00:07,  1.71it/s]Plotting refractory QC:  98%|█████████▊| 534/545 [05:21<00:06,  1.76it/s]Plotting refractory QC:  98%|█████████▊| 535/545 [05:21<00:05,  1.75it/s]Plotting refractory QC:  98%|█████████▊| 536/545 [05:22<00:05,  1.74it/s]Plotting refractory QC:  99%|█████████▊| 537/545 [05:23<00:05,  1.51it/s]Plotting refractory QC:  99%|█████████▊| 538/545 [05:24<00:04,  1.56it/s]Plotting refractory QC:  99%|█████████▉| 539/545 [05:24<00:03,  1.66it/s]Plotting refractory QC:  99%|█████████▉| 540/545 [05:25<00:02,  1.76it/s]Plotting refractory QC:  99%|█████████▉| 541/545 [05:25<00:02,  1.84it/s]Plotting refractory QC:  99%|█████████▉| 542/545 [05:26<00:01,  1.89it/s]Plotting refractory QC: 100%|█████████▉| 543/545 [05:26<00:01,  1.88it/s]Plotting refractory QC: 100%|█████████▉| 544/545 [05:27<00:00,  1.61it/s]Plotting refractory QC: 100%|██████████| 545/545 [05:27<00:00,  1.68it/s]Plotting refractory QC: 100%|██████████| 545/545 [05:27<00:00,  1.66it/s]
Saved waveforms_data.mat
Saved refractory_data.mat
Saved truncation_data.mat
Saved presence_data.mat
Generated /media/huklab/Data/NPX/Spikesorting/Patching/patched_pipeline_results_Luke12052025_V1_RH_g0_imec1/cur/cur_output/ops.mat
Done: Luke12052025_V1_RH_g0 imec1.ap

======================================================================
SESSION: Luke0805_V2V1_g0  stream: imec1.ap
======================================================================
Dredge dir   : /mnt/NPX/Luke/20250805/dredge_pipeline_results_Luke0805_V2V1_g0_imec1
Pipeline dir : /media/huklab/Data/NPX/Spikesorting/Patching/patched_pipeline_results_Luke0805_V2V1_g0_imec1
Gain value is 2.34375 uV/bit
	Preprocessing...
Threshold value is 500.0 uV
	Found 0 noisy channels and 1 dead channels
Starting motion correction...
Estimating DREDGE motion...
Applying correction to recording with Sampling Freq: 29999.759166666667
Finished motion correction
Loaded Th_universal=9 from dredge params
Loaded Th_learned=8 from dredge params
KS4: loading from harddrive: /media/huklab/Data/NPX/Spikesorting/Patching/patched_pipeline_results_Luke0805_V2V1_g0_imec1/kilosort4
2.70%  are duped spikes
Running cosine merge...
  [cosine] depth gate 200 µm applied
    [cosine] seed 1: unit=209 spikes=504861 neighbors=29 remaining=443
    [cosine] seed 2: unit=204 spikes=332653 neighbors=27 remaining=442
    [cosine] seeds=2 checked=50 ccg=0 merges=0 elapsed=0.0 min
    [cosine] seed 3: unit=216 spikes=320295 neighbors=30 remaining=441
    [cosine] seed 4: unit=248 spikes=315462 neighbors=28 remaining=440
    [cosine] seeds=4 checked=100 ccg=0 merges=0 elapsed=0.0 min
    [cosine] seed 5: unit=174 spikes=313268 neighbors=23 remaining=439
    [cosine] seed 6: unit=217 spikes=312769 neighbors=28 remaining=438
    [cosine] seeds=6 checked=150 ccg=0 merges=0 elapsed=0.0 min
    [cosine] seed 7: unit=222 spikes=303711 neighbors=30 remaining=437
    [cosine] seed 8: unit=180 spikes=302720 neighbors=25 remaining=436
    [cosine] seeds=8 checked=200 ccg=0 merges=0 elapsed=0.0 min
    [cosine] seed 9: unit=131 spikes=288244 neighbors=34 remaining=435
    [cosine] seed 10: unit=158 spikes=285725 neighbors=24 remaining=434
    [cosine] seeds=10 checked=250 ccg=0 merges=0 elapsed=0.0 min
    [cosine] seed 11: unit=137 spikes=284809 neighbors=29 remaining=433
    [cosine] seed 12: unit=117 spikes=276452 neighbors=35 remaining=432
    [cosine] seeds=12 checked=300 ccg=0 merges=0 elapsed=0.0 min
    [cosine] seed 13: unit=266 spikes=271262 neighbors=18 remaining=431
    [cosine] seed 14: unit=138 spikes=265206 neighbors=30 remaining=430
    [cosine] seeds=14 checked=350 ccg=0 merges=0 elapsed=0.0 min
    [cosine] seed 15: unit=153 spikes=264917 neighbors=27 remaining=429
    [cosine] seed 16: unit=196 spikes=259402 neighbors=28 remaining=428
    [cosine] seeds=16 checked=400 ccg=0 merges=0 elapsed=0.0 min
    [cosine] seed 17: unit=197 spikes=256802 neighbors=30 remaining=427
    [cosine] seed 18: unit=123 spikes=253692 neighbors=34 remaining=426
    [cosine] seeds=18 checked=450 ccg=0 merges=0 elapsed=0.0 min
    [cosine] seed 19: unit=145 spikes=235544 neighbors=28 remaining=425
    [cosine] seeds=19 checked=500 ccg=0 merges=0 elapsed=0.0 min
    [cosine] seed 20: unit=193 spikes=233458 neighbors=26 remaining=424
    [cosine] seed 21: unit=185 spikes=232547 neighbors=26 remaining=423
    [cosine] seed 22: unit=179 spikes=226963 neighbors=25 remaining=422
    [cosine] seeds=22 checked=550 ccg=0 merges=0 elapsed=0.0 min
    [cosine] seed 23: unit=218 spikes=223725 neighbors=28 remaining=421
    [cosine] seed 24: unit=247 spikes=221922 neighbors=29 remaining=420
    [cosine] seeds=24 checked=600 ccg=0 merges=0 elapsed=0.0 min
    [cosine] seed 25: unit=226 spikes=220439 neighbors=28 remaining=419
    [cosine] seed 26: unit=154 spikes=220237 neighbors=26 remaining=418
    [cosine] seeds=26 checked=650 ccg=0 merges=0 elapsed=0.0 min
    [cosine] seed 27: unit=256 spikes=219977 neighbors=20 remaining=417
    [cosine] seed 28: unit=165 spikes=219830 neighbors=22 remaining=416
    [cosine] seeds=28 checked=700 ccg=0 merges=0 elapsed=0.0 min
    [cosine] seed 29: unit=227 spikes=216825 neighbors=29 remaining=415
    [cosine] seed 30: unit=186 spikes=215695 neighbors=24 remaining=414
    [cosine] seed 31: unit=171 spikes=214975 neighbors=24 remaining=413
    [cosine] seeds=31 checked=750 ccg=0 merges=0 elapsed=0.0 min
    [cosine] seed 32: unit=151 spikes=213914 neighbors=27 remaining=412
    [cosine] seed 33: unit=170 spikes=213122 neighbors=23 remaining=411
    [cosine] seeds=33 checked=800 ccg=0 merges=0 elapsed=0.0 min
    [cosine] seed 34: unit=269 spikes=211420 neighbors=20 remaining=410
    [cosine] seed 35: unit=163 spikes=206346 neighbors=19 remaining=409
    [cosine] seed 36: unit=152 spikes=200144 neighbors=25 remaining=408
    [cosine] seeds=36 checked=850 ccg=0 merges=0 elapsed=0.0 min
    [cosine] seed 37: unit=213 spikes=193510 neighbors=27 remaining=407
    [cosine] seed 38: unit=245 spikes=192783 neighbors=28 remaining=406
    [cosine] seed 39: unit=160 spikes=191907 neighbors=23 remaining=405
    [cosine] seeds=39 checked=900 ccg=0 merges=0 elapsed=0.0 min
    [cosine] seed 40: unit=103 spikes=191155 neighbors=41 remaining=404
    [cosine] seeds=40 checked=950 ccg=0 merges=0 elapsed=0.0 min
    [cosine] seed 41: unit=144 spikes=187318 neighbors=28 remaining=403
    [cosine] seed 42: unit=192 spikes=182385 neighbors=29 remaining=402
    [cosine] seed 43: unit=83 spikes=182079 neighbors=36 remaining=401
    [cosine] seeds=43 checked=1000 ccg=0 merges=0 elapsed=0.0 min
    [cosine] seed 44: unit=132 spikes=181524 neighbors=32 remaining=400
    [cosine] seeds=44 checked=1050 ccg=0 merges=0 elapsed=0.0 min
    [cosine] seed 45: unit=79 spikes=174704 neighbors=33 remaining=399
    [cosine] seed 46: unit=202 spikes=174501 neighbors=29 remaining=398
    [cosine] seeds=46 checked=1100 ccg=0 merges=0 elapsed=0.0 min
    [cosine] seed 47: unit=108 spikes=171949 neighbors=39 remaining=397
    [cosine] seed 48: unit=130 spikes=171253 neighbors=34 remaining=396
    [cosine] seeds=48 checked=1150 ccg=0 merges=0 elapsed=0.0 min
    [cosine] seed 49: unit=125 spikes=169785 neighbors=33 remaining=395
    [cosine] seed 50: unit=303 spikes=165999 neighbors=30 remaining=394
    [cosine] seeds=50 checked=1200 ccg=0 merges=0 elapsed=0.0 min
    [cosine] seed 51: unit=169 spikes=164625 neighbors=23 remaining=393
    [cosine] seed 52: unit=278 spikes=162862 neighbors=23 remaining=392
    [cosine] seeds=52 checked=1250 ccg=0 merges=0 elapsed=0.0 min
    [cosine] seed 53: unit=84 spikes=161513 neighbors=34 remaining=391
    [cosine] seed 54: unit=49 spikes=161152 neighbors=18 remaining=390
    [cosine] seeds=54 checked=1300 ccg=0 merges=0 elapsed=0.0 min
    [cosine] seed 55: unit=28 spikes=160236 neighbors=26 remaining=389
    [cosine] seed 56: unit=74 spikes=156263 neighbors=25 remaining=388
    [cosine] seeds=56 checked=1350 ccg=0 merges=0 elapsed=0.0 min
    [cosine] seed 57: unit=255 spikes=151969 neighbors=20 remaining=387
    [cosine] seed 58: unit=252 spikes=151683 neighbors=23 remaining=386
    [cosine] seed 59: unit=94 spikes=151506 neighbors=38 remaining=385
    [cosine] seeds=59 checked=1400 ccg=0 merges=0 elapsed=0.0 min
    [cosine] seed 60: unit=403 spikes=150724 neighbors=12 remaining=384
    [cosine] seed 61: unit=203 spikes=150321 neighbors=29 remaining=383
    [cosine] seeds=61 checked=1450 ccg=0 merges=0 elapsed=0.0 min
    [cosine] seed 62: unit=257 spikes=146208 neighbors=19 remaining=382
    [cosine] seed 63: unit=173 spikes=144841 neighbors=26 remaining=381
    [cosine] seed 64: unit=172 spikes=143985 neighbors=26 remaining=380
    [cosine] seeds=64 checked=1500 ccg=0 merges=0 elapsed=0.0 min
    [cosine] seed 65: unit=236 spikes=136106 neighbors=29 remaining=379
    [cosine] seed 66: unit=253 spikes=134908 neighbors=24 remaining=378
    [cosine] seed 67: unit=251 spikes=132773 neighbors=28 remaining=377
    [cosine] seeds=67 checked=1550 ccg=0 merges=0 elapsed=0.0 min
    [cosine] seed 68: unit=66 spikes=128752 neighbors=20 remaining=376
    [cosine] seed 69: unit=232 spikes=127662 neighbors=29 remaining=375
    [cosine] seeds=69 checked=1600 ccg=0 merges=0 elapsed=0.0 min
    [cosine] seed 70: unit=397 spikes=126765 neighbors=12 remaining=374
    [cosine] seed 71: unit=400 spikes=126749 neighbors=13 remaining=373
    [cosine] seed 72: unit=168 spikes=126195 neighbors=24 remaining=372
    [cosine] seed 73: unit=283 spikes=125439 neighbors=34 remaining=371
    [cosine] seeds=73 checked=1650 ccg=0 merges=0 elapsed=0.0 min
    [cosine] seed 74: unit=243 spikes=124780 neighbors=29 remaining=370
    [cosine] seed 75: unit=112 spikes=119332 neighbors=42 remaining=369
    [cosine] seeds=75 checked=1700 ccg=0 merges=0 elapsed=0.0 min
    [cosine] seed 76: unit=207 spikes=119299 neighbors=29 remaining=368
    [cosine] seed 77: unit=212 spikes=119090 neighbors=28 remaining=367
  [cosine] Merging 211 → [212]  cos=0.937
    [cosine] seeds=77 checked=1750 ccg=1 merges=1 elapsed=0.0 min
    [cosine] seed 78: unit=67 spikes=119040 neighbors=22 remaining=365
    [cosine] seed 79: unit=121 spikes=118568 neighbors=35 remaining=364
    [cosine] seeds=79 checked=1800 ccg=1 merges=1 elapsed=0.0 min
    [cosine] seed 80: unit=136 spikes=115941 neighbors=28 remaining=363
    [cosine] seed 81: unit=93 spikes=114514 neighbors=40 remaining=362
    [cosine] seeds=81 checked=1850 ccg=1 merges=1 elapsed=0.0 min
    [cosine] seed 82: unit=210 spikes=113685 neighbors=27 remaining=361
    [cosine] seed 83: unit=78 spikes=113369 neighbors=31 remaining=360
    [cosine] seed 84: unit=65 spikes=111627 neighbors=18 remaining=359
    [cosine] seeds=84 checked=1900 ccg=1 merges=1 elapsed=0.0 min
    [cosine] seed 85: unit=155 spikes=105413 neighbors=26 remaining=358
    [cosine] seed 86: unit=120 spikes=103303 neighbors=37 remaining=357
    [cosine] seeds=86 checked=1950 ccg=1 merges=1 elapsed=0.0 min
    [cosine] seed 87: unit=8 spikes=101217 neighbors=23 remaining=356
    [cosine] seed 88: unit=404 spikes=97829 neighbors=12 remaining=355
    [cosine] seed 89: unit=235 spikes=97620 neighbors=29 remaining=354
    [cosine] seeds=89 checked=2000 ccg=1 merges=1 elapsed=0.0 min
    [cosine] seed 90: unit=104 spikes=91789 neighbors=42 remaining=353
    [cosine] seed 91: unit=398 spikes=91463 neighbors=12 remaining=352
    [cosine] seed 92: unit=267 spikes=86335 neighbors=19 remaining=351
    [cosine] seeds=92 checked=2050 ccg=1 merges=1 elapsed=0.0 min
    [cosine] seed 93: unit=262 spikes=85769 neighbors=19 remaining=350
    [cosine] seed 94: unit=1 spikes=84334 neighbors=23 remaining=349
    [cosine] seed 95: unit=64 spikes=79977 neighbors=22 remaining=348
    [cosine] seeds=95 checked=2100 ccg=1 merges=1 elapsed=0.0 min
    [cosine] seed 96: unit=23 spikes=79920 neighbors=27 remaining=347
    [cosine] seed 97: unit=242 spikes=79574 neighbors=29 remaining=346
    [cosine] seeds=97 checked=2150 ccg=1 merges=1 elapsed=0.0 min
    [cosine] seed 98: unit=311 spikes=78218 neighbors=23 remaining=345
    [cosine] seed 99: unit=19 spikes=74723 neighbors=26 remaining=344
    [cosine] seeds=99 checked=2200 ccg=1 merges=1 elapsed=0.0 min
    [cosine] seed 100: unit=352 spikes=74415 neighbors=24 remaining=343
    [cosine] seed 101: unit=201 spikes=73167 neighbors=27 remaining=342
    [cosine] seed 102: unit=233 spikes=72134 neighbors=29 remaining=341
    [cosine] seeds=102 checked=2250 ccg=1 merges=1 elapsed=0.0 min
    [cosine] seed 103: unit=195 spikes=71377 neighbors=28 remaining=340
    [cosine] seed 104: unit=143 spikes=71032 neighbors=28 remaining=339
    [cosine] seed 105: unit=371 spikes=70497 neighbors=22 remaining=338
    [cosine] seeds=105 checked=2300 ccg=1 merges=1 elapsed=0.0 min
    [cosine] seed 106: unit=225 spikes=70148 neighbors=31 remaining=337
    [cosine] seed 107: unit=162 spikes=68969 neighbors=21 remaining=336
    [cosine] seed 108: unit=156 spikes=68952 neighbors=24 remaining=335
    [cosine] seed 109: unit=407 spikes=67952 neighbors=11 remaining=334
    [cosine] seed 110: unit=164 spikes=65216 neighbors=24 remaining=333
    [cosine] seeds=110 checked=2350 ccg=1 merges=1 elapsed=0.0 min
    [cosine] seed 111: unit=175 spikes=64288 neighbors=25 remaining=332
    [cosine] seed 112: unit=273 spikes=62668 neighbors=23 remaining=331
    [cosine] seed 113: unit=61 spikes=62442 neighbors=17 remaining=330
    [cosine] seeds=113 checked=2400 ccg=1 merges=1 elapsed=0.0 min
    [cosine] seed 114: unit=364 spikes=61709 neighbors=24 remaining=329
    [cosine] seed 115: unit=418 spikes=61439 neighbors=17 remaining=328
    [cosine] seed 116: unit=40 spikes=61344 neighbors=22 remaining=327
    [cosine] seeds=116 checked=2450 ccg=1 merges=1 elapsed=0.0 min
    [cosine] seed 117: unit=82 spikes=60936 neighbors=36 remaining=326
    [cosine] seed 118: unit=265 spikes=60435 neighbors=17 remaining=325
    [cosine] seed 119: unit=115 spikes=59963 neighbors=36 remaining=324
    [cosine] seeds=119 checked=2500 ccg=2 merges=1 elapsed=0.0 min
    [cosine] seed 120: unit=393 spikes=58952 neighbors=13 remaining=323
    [cosine] seed 121: unit=29 spikes=58609 neighbors=26 remaining=322
    [cosine] seeds=121 checked=2550 ccg=2 merges=1 elapsed=0.0 min
    [cosine] seed 122: unit=300 spikes=57268 neighbors=35 remaining=321
    [cosine] seed 123: unit=129 spikes=55650 neighbors=34 remaining=320
    [cosine] seeds=123 checked=2600 ccg=2 merges=1 elapsed=0.0 min
    [cosine] seed 124: unit=261 spikes=55358 neighbors=19 remaining=319
    [cosine] seed 125: unit=150 spikes=55223 neighbors=27 remaining=318
    [cosine] seed 126: unit=55 spikes=54220 neighbors=19 remaining=317
    [cosine] seed 127: unit=60 spikes=54209 neighbors=17 remaining=316
    [cosine] seeds=127 checked=2650 ccg=2 merges=1 elapsed=0.0 min
    [cosine] seed 128: unit=100 spikes=52965 neighbors=41 remaining=315
    [cosine] seed 129: unit=420 spikes=52784 neighbors=18 remaining=314
    [cosine] seed 130: unit=399 spikes=52081 neighbors=12 remaining=313
    [cosine] seeds=130 checked=2700 ccg=2 merges=1 elapsed=0.0 min
    [cosine] seed 131: unit=348 spikes=51694 neighbors=20 remaining=312
    [cosine] seed 132: unit=396 spikes=51163 neighbors=15 remaining=311
    [cosine] seed 133: unit=361 spikes=50835 neighbors=24 remaining=310
    [cosine] seed 134: unit=92 spikes=50830 neighbors=36 remaining=309
    [cosine] seeds=134 checked=2750 ccg=2 merges=1 elapsed=0.0 min
    [cosine] seed 135: unit=415 spikes=47286 neighbors=17 remaining=308
    [cosine] seed 136: unit=346 spikes=47114 neighbors=16 remaining=307
    [cosine] seed 137: unit=419 spikes=46524 neighbors=17 remaining=306
    [cosine] seeds=137 checked=2800 ccg=2 merges=1 elapsed=0.0 min
    [cosine] seed 138: unit=119 spikes=46331 neighbors=36 remaining=305
    [cosine] seed 139: unit=141 spikes=46243 neighbors=29 remaining=304
    [cosine] seed 140: unit=228 spikes=45292 neighbors=32 remaining=303
    [cosine] seeds=140 checked=2850 ccg=2 merges=1 elapsed=0.0 min
    [cosine] seed 141: unit=184 spikes=44001 neighbors=26 remaining=302
    [cosine] seed 142: unit=26 spikes=42940 neighbors=26 remaining=301
    [cosine] seed 143: unit=68 spikes=42283 neighbors=22 remaining=300
    [cosine] seeds=143 checked=2900 ccg=2 merges=1 elapsed=0.0 min
    [cosine] seed 144: unit=448 spikes=41867 neighbors=12 remaining=299
    [cosine] seed 145: unit=341 spikes=41800 neighbors=14 remaining=298
    [cosine] seed 146: unit=12 spikes=41066 neighbors=23 remaining=297
    [cosine] seeds=146 checked=2950 ccg=2 merges=1 elapsed=0.0 min
    [cosine] seed 147: unit=234 spikes=40902 neighbors=29 remaining=296
    [cosine] seed 148: unit=268 spikes=39887 neighbors=18 remaining=295
    [cosine] seed 149: unit=231 spikes=39516 neighbors=29 remaining=294
    [cosine] seed 150: unit=38 spikes=39330 neighbors=24 remaining=293
    [cosine] seeds=150 checked=3000 ccg=2 merges=1 elapsed=0.0 min
    [cosine] seed 151: unit=215 spikes=38978 neighbors=28 remaining=292
    [cosine] seed 152: unit=405 spikes=38820 neighbors=12 remaining=291
    [cosine] seed 153: unit=410 spikes=38519 neighbors=13 remaining=290
    [cosine] seed 154: unit=0 spikes=37315 neighbors=23 remaining=289
    [cosine] seeds=154 checked=3050 ccg=2 merges=1 elapsed=0.0 min
    [cosine] seed 155: unit=198 spikes=37281 neighbors=27 remaining=288
    [cosine] seed 156: unit=349 spikes=37070 neighbors=24 remaining=287
    [cosine] seed 157: unit=387 spikes=36148 neighbors=14 remaining=286
    [cosine] seed 158: unit=183 spikes=35805 neighbors=26 remaining=285
    [cosine] seeds=158 checked=3100 ccg=2 merges=1 elapsed=0.0 min
    [cosine] seed 159: unit=101 spikes=35716 neighbors=39 remaining=284
    [cosine] seed 160: unit=52 spikes=35686 neighbors=18 remaining=283
    [cosine] seed 161: unit=357 spikes=34801 neighbors=26 remaining=282
    [cosine] seeds=161 checked=3150 ccg=2 merges=1 elapsed=0.0 min
    [cosine] seed 162: unit=22 spikes=34310 neighbors=27 remaining=281
    [cosine] seed 163: unit=298 spikes=34276 neighbors=37 remaining=280
    [cosine] seeds=163 checked=3200 ccg=2 merges=1 elapsed=0.0 min
    [cosine] seed 164: unit=360 spikes=33269 neighbors=26 remaining=279
    [cosine] seed 165: unit=37 spikes=32976 neighbors=24 remaining=278
    [cosine] seed 166: unit=244 spikes=31657 neighbors=28 remaining=277
    [cosine] seeds=166 checked=3250 ccg=2 merges=1 elapsed=0.0 min
    [cosine] seed 167: unit=111 spikes=30824 neighbors=39 remaining=276
    [cosine] seed 168: unit=421 spikes=30699 neighbors=19 remaining=275
    [cosine] seed 169: unit=402 spikes=30512 neighbors=12 remaining=274
    [cosine] seed 170: unit=302 spikes=30394 neighbors=30 remaining=273
    [cosine] seeds=170 checked=3300 ccg=2 merges=1 elapsed=0.0 min
    [cosine] seed 171: unit=62 spikes=29927 neighbors=18 remaining=272
    [cosine] seed 172: unit=240 spikes=29684 neighbors=28 remaining=271
    [cosine] seed 173: unit=47 spikes=28884 neighbors=17 remaining=270
    [cosine] seeds=173 checked=3350 ccg=2 merges=1 elapsed=0.0 min
    [cosine] seed 174: unit=102 spikes=28545 neighbors=41 remaining=269
    [cosine] seed 175: unit=423 spikes=28181 neighbors=21 remaining=268
    [cosine] seed 176: unit=382 spikes=27416 neighbors=13 remaining=267
    [cosine] seeds=176 checked=3400 ccg=2 merges=1 elapsed=0.0 min
    [cosine] seed 177: unit=58 spikes=26941 neighbors=19 remaining=266
    [cosine] seed 178: unit=157 spikes=26808 neighbors=24 remaining=265
    [cosine] seed 179: unit=316 spikes=26107 neighbors=15 remaining=264
    [cosine] seed 180: unit=241 spikes=25678 neighbors=28 remaining=263
    [cosine] seed 181: unit=48 spikes=25293 neighbors=12 remaining=262
    [cosine] seeds=181 checked=3450 ccg=2 merges=1 elapsed=0.0 min
    [cosine] seed 182: unit=312 spikes=24956 neighbors=23 remaining=261
    [cosine] seed 183: unit=86 spikes=24788 neighbors=35 remaining=260
    [cosine] seed 184: unit=43 spikes=24210 neighbors=19 remaining=259
    [cosine] seeds=184 checked=3500 ccg=2 merges=1 elapsed=0.0 min
    [cosine] seed 185: unit=327 spikes=24041 neighbors=18 remaining=258
    [cosine] seed 186: unit=13 spikes=23736 neighbors=23 remaining=257
    [cosine] seed 187: unit=277 spikes=23426 neighbors=29 remaining=256
    [cosine] seeds=187 checked=3550 ccg=2 merges=1 elapsed=0.0 min
    [cosine] seed 188: unit=36 spikes=23251 neighbors=24 remaining=255
    [cosine] seed 189: unit=69 spikes=22580 neighbors=25 remaining=254
    [cosine] seed 190: unit=416 spikes=22495 neighbors=17 remaining=253
    [cosine] seed 191: unit=27 spikes=22329 neighbors=24 remaining=252
    [cosine] seeds=191 checked=3600 ccg=2 merges=1 elapsed=0.0 min
    [cosine] seed 192: unit=376 spikes=22216 neighbors=15 remaining=251
    [cosine] seed 193: unit=291 spikes=21721 neighbors=33 remaining=250
    [cosine] seeds=193 checked=3650 ccg=2 merges=1 elapsed=0.0 min
    [cosine] seed 194: unit=380 spikes=21665 neighbors=15 remaining=249
    [cosine] seed 195: unit=57 spikes=21531 neighbors=19 remaining=248
  [cosine] Merging 54 → [57]  cos=0.925
    [cosine] seed 196: unit=254 spikes=21456 neighbors=20 remaining=246
    [cosine] seed 197: unit=91 spikes=21267 neighbors=40 remaining=245
    [cosine] seeds=197 checked=3700 ccg=3 merges=2 elapsed=0.0 min
    [cosine] seed 198: unit=178 spikes=21087 neighbors=26 remaining=244
    [cosine] seed 199: unit=167 spikes=20852 neighbors=23 remaining=243
    [cosine] seed 200: unit=334 spikes=20670 neighbors=17 remaining=242
    [cosine] seed 201: unit=51 spikes=20570 neighbors=18 remaining=241
    [cosine] seed 202: unit=446 spikes=19917 neighbors=12 remaining=240
    [cosine] seed 203: unit=56 spikes=19641 neighbors=19 remaining=239
    [cosine] seeds=203 checked=3750 ccg=3 merges=2 elapsed=0.0 min
    [cosine] seed 204: unit=354 spikes=19576 neighbors=25 remaining=238
    [cosine] seed 205: unit=353 spikes=19462 neighbors=24 remaining=237
    [cosine] seed 206: unit=422 spikes=19228 neighbors=21 remaining=236
    [cosine] seed 207: unit=342 spikes=19215 neighbors=16 remaining=235
    [cosine] seeds=207 checked=3800 ccg=3 merges=2 elapsed=0.0 min
    [cosine] seed 208: unit=369 spikes=19185 neighbors=22 remaining=234
    [cosine] seed 209: unit=149 spikes=19172 neighbors=27 remaining=233
    [cosine] seed 210: unit=31 spikes=18939 neighbors=23 remaining=232
    [cosine] seed 211: unit=323 spikes=18919 neighbors=15 remaining=231
    [cosine] seeds=211 checked=3850 ccg=3 merges=2 elapsed=0.0 min
    [cosine] seed 212: unit=114 spikes=18849 neighbors=35 remaining=230
    [cosine] seed 213: unit=110 spikes=18734 neighbors=39 remaining=229
    [cosine] seed 214: unit=305 spikes=18505 neighbors=24 remaining=228
    [cosine] seeds=214 checked=3900 ccg=3 merges=2 elapsed=0.0 min
    [cosine] seed 215: unit=388 spikes=18267 neighbors=14 remaining=227
    [cosine] seed 216: unit=122 spikes=17986 neighbors=33 remaining=226
    [cosine] seed 217: unit=336 spikes=17606 neighbors=15 remaining=225
    [cosine] seed 218: unit=310 spikes=17231 neighbors=23 remaining=224
    [cosine] seeds=218 checked=3950 ccg=3 merges=2 elapsed=0.0 min
    [cosine] seed 219: unit=41 spikes=17224 neighbors=19 remaining=223
    [cosine] seed 220: unit=441 spikes=17061 neighbors=13 remaining=222
    [cosine] seed 221: unit=21 spikes=16634 neighbors=27 remaining=221
    [cosine] seed 222: unit=390 spikes=16209 neighbors=13 remaining=220
    [cosine] seed 223: unit=447 spikes=16039 neighbors=12 remaining=219
    [cosine] seeds=223 checked=4000 ccg=3 merges=2 elapsed=0.0 min
    [cosine] seed 224: unit=44 spikes=15982 neighbors=21 remaining=218
    [cosine] seed 225: unit=4 spikes=15590 neighbors=23 remaining=217
    [cosine] seed 226: unit=73 spikes=15576 neighbors=23 remaining=216
    [cosine] seed 227: unit=408 spikes=15507 neighbors=16 remaining=215
    [cosine] seed 228: unit=246 spikes=15177 neighbors=28 remaining=214
    [cosine] seeds=228 checked=4050 ccg=3 merges=2 elapsed=0.0 min
    [cosine] seed 229: unit=238 spikes=15167 neighbors=28 remaining=213
    [cosine] seed 230: unit=191 spikes=15114 neighbors=29 remaining=212
    [cosine] seed 231: unit=190 spikes=14819 neighbors=27 remaining=211
    [cosine] seed 232: unit=313 spikes=14818 neighbors=18 remaining=210
    [cosine] seed 233: unit=230 spikes=14746 neighbors=32 remaining=209
    [cosine] seeds=233 checked=4100 ccg=3 merges=2 elapsed=0.0 min
    [cosine] seed 234: unit=383 spikes=14692 neighbors=15 remaining=208
    [cosine] seed 235: unit=340 spikes=14621 neighbors=14 remaining=207
    [cosine] seed 236: unit=128 spikes=14314 neighbors=34 remaining=206
    [cosine] seed 237: unit=331 spikes=14221 neighbors=13 remaining=205
    [cosine] seed 238: unit=194 spikes=14212 neighbors=30 remaining=204
    [cosine] seeds=238 checked=4150 ccg=3 merges=2 elapsed=0.0 min
    [cosine] seed 239: unit=417 spikes=14144 neighbors=17 remaining=203
    [cosine] seed 240: unit=315 spikes=14007 neighbors=12 remaining=202
    [cosine] seed 241: unit=373 spikes=13982 neighbors=23 remaining=201
    [cosine] seed 242: unit=89 spikes=13931 neighbors=38 remaining=200
    [cosine] seed 243: unit=75 spikes=13908 neighbors=31 remaining=199
    [cosine] seeds=243 checked=4200 ccg=3 merges=2 elapsed=0.0 min
    [cosine] seed 244: unit=63 spikes=13884 neighbors=18 remaining=198
    [cosine] seed 245: unit=25 spikes=13505 neighbors=23 remaining=197
    [cosine] seed 246: unit=314 spikes=13456 neighbors=19 remaining=196
    [cosine] seed 247: unit=250 spikes=13280 neighbors=23 remaining=195
    [cosine] seed 248: unit=187 spikes=13189 neighbors=27 remaining=194
    [cosine] seed 249: unit=332 spikes=13133 neighbors=13 remaining=193
    [cosine] seeds=249 checked=4250 ccg=3 merges=2 elapsed=0.0 min
    [cosine] seed 250: unit=3 spikes=12898 neighbors=23 remaining=192
    [cosine] seed 251: unit=134 spikes=12891 neighbors=28 remaining=191
    [cosine] seed 252: unit=127 spikes=12796 neighbors=32 remaining=190
    [cosine] seed 253: unit=182 spikes=12663 neighbors=24 remaining=189
    [cosine] seed 254: unit=377 spikes=12303 neighbors=17 remaining=188
    [cosine] seeds=254 checked=4300 ccg=3 merges=2 elapsed=0.0 min
    [cosine] seed 255: unit=385 spikes=12201 neighbors=15 remaining=187
    [cosine] seed 256: unit=189 spikes=12196 neighbors=26 remaining=186
    [cosine] seed 257: unit=435 spikes=12126 neighbors=16 remaining=185
    [cosine] seed 258: unit=239 spikes=12119 neighbors=29 remaining=184
    [cosine] seed 259: unit=326 spikes=11994 neighbors=19 remaining=183
    [cosine] seeds=259 checked=4350 ccg=3 merges=2 elapsed=0.0 min
    [cosine] seed 260: unit=85 spikes=11606 neighbors=35 remaining=182
    [cosine] seed 261: unit=381 spikes=11570 neighbors=14 remaining=181
    [cosine] seed 262: unit=206 spikes=11536 neighbors=27 remaining=180
    [cosine] seed 263: unit=411 spikes=11307 neighbors=16 remaining=179
  [cosine] Merging 413 → [411]  cos=0.955
    [cosine] seed 264: unit=339 spikes=11190 neighbors=15 remaining=177
    [cosine] seed 265: unit=426 spikes=10807 neighbors=16 remaining=176
    [cosine] seeds=265 checked=4400 ccg=4 merges=3 elapsed=0.0 min
    [cosine] seed 266: unit=389 spikes=10691 neighbors=13 remaining=175
    [cosine] seed 267: unit=18 spikes=10611 neighbors=24 remaining=174
    [cosine] seed 268: unit=77 spikes=10592 neighbors=33 remaining=173
    [cosine] seed 269: unit=297 spikes=10288 neighbors=37 remaining=172
    [cosine] seeds=269 checked=4450 ccg=4 merges=3 elapsed=0.0 min
    [cosine] seed 270: unit=107 spikes=10266 neighbors=42 remaining=171
    [cosine] seed 271: unit=260 spikes=9981 neighbors=20 remaining=170
    [cosine] seed 272: unit=329 spikes=9860 neighbors=16 remaining=169
    [cosine] seed 273: unit=81 spikes=9822 neighbors=36 remaining=168
    [cosine] seeds=273 checked=4500 ccg=4 merges=3 elapsed=0.0 min
    [cosine] seed 274: unit=272 spikes=9662 neighbors=20 remaining=167
    [cosine] seed 275: unit=430 spikes=9611 neighbors=17 remaining=166
    [cosine] seed 276: unit=188 spikes=9538 neighbors=28 remaining=165
    [cosine] seed 277: unit=142 spikes=9517 neighbors=29 remaining=164
    [cosine] seed 278: unit=428 spikes=9336 neighbors=20 remaining=163
    [cosine] seed 279: unit=367 spikes=9312 neighbors=25 remaining=162
    [cosine] seeds=279 checked=4550 ccg=4 merges=3 elapsed=0.0 min
    [cosine] seed 280: unit=11 spikes=8832 neighbors=23 remaining=161
    [cosine] seed 281: unit=35 spikes=8766 neighbors=24 remaining=160
    [cosine] seed 282: unit=374 spikes=8718 neighbors=22 remaining=159
    [cosine] seed 283: unit=17 spikes=8655 neighbors=24 remaining=158
    [cosine] seed 284: unit=362 spikes=8605 neighbors=20 remaining=157
    [cosine] seeds=284 checked=4600 ccg=4 merges=3 elapsed=0.0 min
    [cosine] seed 285: unit=304 spikes=8563 neighbors=30 remaining=156
    [cosine] seed 286: unit=140 spikes=8499 neighbors=27 remaining=155
    [cosine] seed 287: unit=96 spikes=8482 neighbors=42 remaining=154
    [cosine] seed 288: unit=14 spikes=8431 neighbors=23 remaining=153
    [cosine] seeds=288 checked=4650 ccg=4 merges=3 elapsed=0.0 min
    [cosine] seed 289: unit=344 spikes=8414 neighbors=16 remaining=152
    [cosine] seed 290: unit=345 spikes=8403 neighbors=17 remaining=151
    [cosine] seed 291: unit=282 spikes=8176 neighbors=30 remaining=150
    [cosine] seed 292: unit=438 spikes=7981 neighbors=14 remaining=149
    [cosine] seed 293: unit=366 spikes=7969 neighbors=24 remaining=148
    [cosine] seeds=293 checked=4700 ccg=4 merges=3 elapsed=0.0 min
    [cosine] seed 294: unit=335 spikes=7743 neighbors=12 remaining=147
    [cosine] seed 295: unit=330 spikes=7695 neighbors=18 remaining=146
    [cosine] seed 296: unit=308 spikes=7639 neighbors=24 remaining=145
    [cosine] seed 297: unit=372 spikes=7497 neighbors=19 remaining=144
    [cosine] seed 298: unit=10 spikes=7457 neighbors=24 remaining=143
    [cosine] seed 299: unit=337 spikes=7268 neighbors=12 remaining=142
    [cosine] seed 300: unit=135 spikes=7047 neighbors=29 remaining=141
    [cosine] seed 301: unit=33 spikes=6994 neighbors=24 remaining=140
    [cosine] seeds=301 checked=4750 ccg=4 merges=3 elapsed=0.0 min
    [cosine] seed 302: unit=271 spikes=6765 neighbors=23 remaining=139
    [cosine] seed 303: unit=46 spikes=6726 neighbors=13 remaining=138
    [cosine] seed 304: unit=124 spikes=6712 neighbors=33 remaining=137
    [cosine] seed 305: unit=309 spikes=6389 neighbors=24 remaining=136
    [cosine] seed 306: unit=288 spikes=6222 neighbors=33 remaining=135
    [cosine] seeds=306 checked=4800 ccg=4 merges=3 elapsed=0.0 min
    [cosine] seed 307: unit=32 spikes=5936 neighbors=23 remaining=134
    [cosine] seed 308: unit=221 spikes=5935 neighbors=30 remaining=133
    [cosine] seed 309: unit=159 spikes=5802 neighbors=21 remaining=132
    [cosine] seed 310: unit=296 spikes=5772 neighbors=35 remaining=131
    [cosine] seed 311: unit=401 spikes=5759 neighbors=12 remaining=130
    [cosine] seed 312: unit=325 spikes=5705 neighbors=16 remaining=129
    [cosine] seeds=312 checked=4850 ccg=4 merges=3 elapsed=0.0 min
    [cosine] seed 313: unit=7 spikes=5704 neighbors=23 remaining=128
    [cosine] seed 314: unit=50 spikes=5683 neighbors=15 remaining=127
    [cosine] seed 315: unit=199 spikes=5667 neighbors=29 remaining=126
    [cosine] seed 316: unit=224 spikes=5524 neighbors=28 remaining=125
    [cosine] seed 317: unit=301 spikes=5509 neighbors=30 remaining=124
    [cosine] seed 318: unit=113 spikes=5450 neighbors=35 remaining=123
    [cosine] seed 319: unit=363 spikes=5447 neighbors=20 remaining=122
    [cosine] seed 320: unit=39 spikes=5429 neighbors=22 remaining=121
    [cosine] seeds=320 checked=4900 ccg=4 merges=3 elapsed=0.0 min
    [cosine] seed 321: unit=72 spikes=5341 neighbors=20 remaining=120
    [cosine] seed 322: unit=176 spikes=5305 neighbors=25 remaining=119
    [cosine] seed 323: unit=59 spikes=5241 neighbors=17 remaining=118
    [cosine] seed 324: unit=444 spikes=5156 neighbors=13 remaining=117
    [cosine] seed 325: unit=220 spikes=5054 neighbors=28 remaining=116
    [cosine] seed 326: unit=338 spikes=5045 neighbors=15 remaining=115
    [cosine] seed 327: unit=80 spikes=4967 neighbors=35 remaining=114
    [cosine] seed 328: unit=9 spikes=4937 neighbors=23 remaining=113
    [cosine] seed 329: unit=279 spikes=4559 neighbors=33 remaining=112
    [cosine] seeds=329 checked=4950 ccg=4 merges=3 elapsed=0.0 min
    [cosine] seed 330: unit=432 spikes=4369 neighbors=18 remaining=111
  [cosine] Merging 434 → [432]  cos=0.918
    [cosine] seed 331: unit=42 spikes=4235 neighbors=21 remaining=109
    [cosine] seed 332: unit=208 spikes=4193 neighbors=27 remaining=108
    [cosine] seed 333: unit=378 spikes=4168 neighbors=15 remaining=107
    [cosine] seed 334: unit=359 spikes=3965 neighbors=25 remaining=106
    [cosine] seed 335: unit=318 spikes=3841 neighbors=16 remaining=105
    [cosine] seed 336: unit=105 spikes=3751 neighbors=38 remaining=104
    [cosine] seeds=336 checked=5000 ccg=5 merges=4 elapsed=0.0 min
    [cosine] seed 337: unit=356 spikes=3743 neighbors=25 remaining=103
  [cosine] Merging 355 → [356]  cos=0.965
    [cosine] seed 338: unit=161 spikes=3646 neighbors=21 remaining=101
    [cosine] seed 339: unit=286 spikes=3610 neighbors=33 remaining=100
    [cosine] seed 340: unit=166 spikes=3596 neighbors=24 remaining=99
    [cosine] seed 341: unit=287 spikes=3532 neighbors=33 remaining=98
    [cosine] seed 342: unit=76 spikes=3491 neighbors=25 remaining=97
    [cosine] seed 343: unit=436 spikes=3465 neighbors=13 remaining=96
[INFO] -  
[INFO] - Saving to phy and computing refractory periods
[INFO] - ----------------------------------------
[INFO] - 219 units found with good refractory periods
[INFO] - Total runtime: 190.92s = 00:03:11 h:m:s
[INFO] - Sorting output saved in: /media/huklab/Data/NPX/Spikesorting/Patching/patched_pipeline_results_Luke0805_V2V1_g0_imec1/cur/cur_output.
[INFO] -  
[INFO] - Resource usage after saving
[INFO] - ********************************************************
[INFO] - CPU usage:    16.40 %
[INFO] - Memory:       26.17 %     |     49.31   /   188.39 GB
[INFO] - ------------------------------------------------------
[INFO] - GPU usage:     0.00 %
[INFO] - GPU memory:   34.57 %     |      8.18   /    23.65 GB
[INFO] - Allocated:     0.09 %     |      0.02   /    23.65 GB
[INFO] - Max alloc:    15.83 %     |      3.74   /    23.65 GB
[INFO] - ********************************************************
    [cosine] seeds=343 checked=5050 ccg=6 merges=5 elapsed=0.0 min
    [cosine] seed 344: unit=384 spikes=3422 neighbors=14 remaining=95
    [cosine] seed 345: unit=45 spikes=3364 neighbors=13 remaining=94
    [cosine] seed 346: unit=90 spikes=3273 neighbors=38 remaining=93
    [cosine] seed 347: unit=427 spikes=3258 neighbors=20 remaining=92
    [cosine] seed 348: unit=126 spikes=3218 neighbors=34 remaining=91
    [cosine] seed 349: unit=319 spikes=3186 neighbors=15 remaining=90
    [cosine] seed 350: unit=264 spikes=3177 neighbors=17 remaining=89
    [cosine] seed 351: unit=429 spikes=3161 neighbors=17 remaining=88
    [cosine] seed 352: unit=177 spikes=3155 neighbors=26 remaining=87
    [cosine] seed 353: unit=24 spikes=3124 neighbors=26 remaining=86
    [cosine] seed 354: unit=406 spikes=3007 neighbors=13 remaining=85
    [cosine] seed 355: unit=20 spikes=2978 neighbors=25 remaining=84
    [cosine] seeds=355 checked=5100 ccg=6 merges=5 elapsed=0.0 min
    [cosine] seed 356: unit=375 spikes=2923 neighbors=17 remaining=83
    [cosine] seed 357: unit=181 spikes=2904 neighbors=26 remaining=82
    [cosine] seed 358: unit=281 spikes=2867 neighbors=30 remaining=81
  [cosine] Merging 280 → [281]  cos=0.966
    [cosine] seed 359: unit=229 spikes=2753 neighbors=32 remaining=79
    [cosine] seed 360: unit=6 spikes=2660 neighbors=23 remaining=78
    [cosine] seed 361: unit=53 spikes=2601 neighbors=18 remaining=77
    [cosine] seed 362: unit=118 spikes=2582 neighbors=37 remaining=76
    [cosine] seed 363: unit=98 spikes=2581 neighbors=41 remaining=75
    [cosine] seed 364: unit=391 spikes=2262 neighbors=14 remaining=74
    [cosine] seed 365: unit=258 spikes=2222 neighbors=21 remaining=73
    [cosine] seed 366: unit=259 spikes=2201 neighbors=20 remaining=72
    [cosine] seed 367: unit=294 spikes=2128 neighbors=33 remaining=71
    [cosine] seeds=367 checked=5150 ccg=7 merges=6 elapsed=0.0 min
    [cosine] seed 368: unit=328 spikes=2101 neighbors=18 remaining=70
    [cosine] seed 369: unit=317 spikes=2098 neighbors=14 remaining=69
    [cosine] seed 370: unit=290 spikes=1965 neighbors=37 remaining=68
    [cosine] seed 371: unit=109 spikes=1881 neighbors=39 remaining=67
    [cosine] seed 372: unit=292 spikes=1864 neighbors=37 remaining=66
  [cosine] Merging 295 → [292]  cos=0.963
    [cosine] seeds=372 checked=5200 ccg=8 merges=7 elapsed=0.0 min
    [cosine] seed 373: unit=333 spikes=1861 neighbors=17 remaining=64
    [cosine] seed 374: unit=276 spikes=1756 neighbors=30 remaining=63
    [cosine] seed 375: unit=95 spikes=1753 neighbors=41 remaining=62
    [cosine] seed 376: unit=200 spikes=1691 neighbors=27 remaining=61
    [cosine] seed 377: unit=147 spikes=1683 neighbors=27 remaining=60
    [cosine] seed 378: unit=324 spikes=1634 neighbors=18 remaining=59
    [cosine] seed 379: unit=289 spikes=1611 neighbors=37 remaining=58
    [cosine] seed 380: unit=365 spikes=1530 neighbors=20 remaining=57
    [cosine] seed 381: unit=15 spikes=1463 neighbors=24 remaining=56
    [cosine] seed 382: unit=88 spikes=1405 neighbors=37 remaining=55
    [cosine] seed 383: unit=71 spikes=1365 neighbors=27 remaining=54
    [cosine] seed 384: unit=299 spikes=1331 neighbors=30 remaining=53
    [cosine] seed 385: unit=2 spikes=1296 neighbors=23 remaining=52
    [cosine] seed 386: unit=263 spikes=1292 neighbors=20 remaining=51
    [cosine] seed 387: unit=219 spikes=1264 neighbors=28 remaining=50
    [cosine] seeds=387 checked=5250 ccg=8 merges=7 elapsed=0.0 min
    [cosine] seed 388: unit=347 spikes=1261 neighbors=21 remaining=49
    [cosine] seed 389: unit=133 spikes=1224 neighbors=30 remaining=48
    [cosine] seed 390: unit=99 spikes=1140 neighbors=39 remaining=47
    [cosine] seed 391: unit=148 spikes=1130 neighbors=26 remaining=46
    [cosine] seed 392: unit=70 spikes=1113 neighbors=23 remaining=45
    [cosine] seed 393: unit=116 spikes=1109 neighbors=37 remaining=44
    [cosine] seed 394: unit=395 spikes=1107 neighbors=15 remaining=43
    [cosine] seed 395: unit=214 spikes=1089 neighbors=31 remaining=42
    [cosine] seed 396: unit=351 spikes=1037 neighbors=24 remaining=41
    [cosine] seed 397: unit=394 spikes=1027 neighbors=12 remaining=40
    [cosine] seed 398: unit=270 spikes=944 neighbors=27 remaining=39
    [cosine] seed 399: unit=343 spikes=939 neighbors=16 remaining=38
    [cosine] seed 400: unit=97 spikes=937 neighbors=39 remaining=37
    [cosine] seed 401: unit=249 spikes=931 neighbors=24 remaining=36
    [cosine] seed 402: unit=106 spikes=905 neighbors=39 remaining=35
    [cosine] seed 403: unit=34 spikes=904 neighbors=23 remaining=34
    [cosine] seed 404: unit=379 spikes=888 neighbors=15 remaining=33
    [cosine] seed 405: unit=237 spikes=761 neighbors=28 remaining=32
    [cosine] seed 406: unit=146 spikes=722 neighbors=27 remaining=31
    [cosine] seed 407: unit=442 spikes=696 neighbors=12 remaining=30
    [cosine] seed 408: unit=275 spikes=678 neighbors=29 remaining=29
    [cosine] seed 409: unit=322 spikes=659 neighbors=16 remaining=28
    [cosine] seed 410: unit=440 spikes=640 neighbors=13 remaining=27
    [cosine] seed 411: unit=139 spikes=629 neighbors=29 remaining=26
    [cosine] seed 412: unit=274 spikes=624 neighbors=29 remaining=25
    [cosine] seed 413: unit=443 spikes=593 neighbors=12 remaining=24
    [cosine] seed 414: unit=424 spikes=590 neighbors=21 remaining=23
    [cosine] seeds=414 checked=5300 ccg=8 merges=7 elapsed=0.0 min
    [cosine] seed 415: unit=30 spikes=569 neighbors=24 remaining=22
Found 7 merge groups
Flagging 0 redundant units for removal
Applying 7 merge groups, 0 redundant removals
Extracting waveforms:   0%|          | 0/442 [00:00<?, ?it/s]Extracting waveforms:   0%|          | 1/442 [01:16<9:19:33, 76.13s/it]Extracting waveforms:   0%|          | 2/442 [02:33<9:23:02, 76.78s/it]Extracting waveforms:   1%|          | 3/442 [03:36<8:35:22, 70.44s/it]Extracting waveforms:   1%|          | 4/442 [04:08<6:44:22, 55.39s/it]Extracting waveforms:   1%|          | 5/442 [05:19<7:24:44, 61.06s/it]Extracting waveforms:   1%|▏         | 6/442 [05:29<5:16:00, 43.49s/it]Extracting waveforms:   2%|▏         | 7/442 [06:14<5:20:35, 44.22s/it]Extracting waveforms:   2%|▏         | 8/442 [07:09<5:42:53, 47.41s/it]Extracting waveforms:   2%|▏         | 9/442 [08:11<6:16:34, 52.18s/it]Extracting waveforms:   2%|▏         | 10/442 [09:03<6:15:08, 52.10s/it]Extracting waveforms:   2%|▏         | 11/442 [09:40<5:40:51, 47.45s/it]Extracting waveforms:   3%|▎         | 12/442 [10:45<6:17:34, 52.68s/it]Extracting waveforms:   3%|▎         | 13/442 [11:49<6:41:06, 56.10s/it]Extracting waveforms:   3%|▎         | 14/442 [12:37<6:23:08, 53.71s/it]Extracting waveforms:   3%|▎         | 15/442 [13:30<6:20:18, 53.44s/it]Extracting waveforms:   4%|▎         | 16/442 [14:02<5:33:22, 46.95s/it]Extracting waveforms:   4%|▍         | 17/442 [14:12<4:14:31, 35.93s/it]Extracting waveforms:   4%|▍         | 18/442 [15:04<4:48:09, 40.78s/it]Extracting waveforms:   4%|▍         | 19/442 [15:50<4:57:49, 42.24s/it]Extracting waveforms:   5%|▍         | 20/442 [16:49<5:33:40, 47.44s/it]Extracting waveforms:   5%|▍         | 21/442 [17:33<5:25:22, 46.37s/it]Extracting waveforms:   5%|▍         | 22/442 [18:25<5:37:05, 48.15s/it]Extracting waveforms:   5%|▌         | 23/442 [19:15<5:40:03, 48.70s/it]Extracting waveforms:   5%|▌         | 24/442 [20:04<5:38:28, 48.59s/it]Extracting waveforms:   6%|▌         | 25/442 [20:48<5:28:37, 47.28s/it]Extracting waveforms:   6%|▌         | 26/442 [21:01<4:17:49, 37.19s/it]Extracting waveforms:   6%|▌         | 27/442 [21:49<4:39:41, 40.44s/it]Extracting waveforms:   6%|▋         | 28/442 [22:18<4:15:15, 36.99s/it]Extracting waveforms:   7%|▋         | 29/442 [23:07<4:39:11, 40.56s/it]Extracting waveforms:   7%|▋         | 30/442 [23:53<4:49:40, 42.19s/it]Extracting waveforms:   7%|▋         | 31/442 [24:08<3:52:08, 33.89s/it]Extracting waveforms:   7%|▋         | 32/442 [24:57<4:23:39, 38.58s/it]Extracting waveforms:   7%|▋         | 33/442 [25:40<4:30:21, 39.66s/it]Extracting waveforms:   8%|▊         | 34/442 [26:21<4:34:05, 40.31s/it]Extracting waveforms:   8%|▊         | 35/442 [26:53<4:15:22, 37.65s/it]Extracting waveforms:   8%|▊         | 36/442 [27:26<4:06:33, 36.44s/it]Extracting waveforms:   8%|▊         | 37/442 [28:10<4:19:25, 38.43s/it]Extracting waveforms:   9%|▊         | 38/442 [29:04<4:52:05, 43.38s/it]Extracting waveforms:   9%|▉         | 39/442 [29:52<4:59:33, 44.60s/it]Extracting waveforms:   9%|▉         | 40/442 [30:26<4:37:25, 41.41s/it]Extracting waveforms:   9%|▉         | 41/442 [31:08<4:38:39, 41.69s/it]Extracting waveforms:  10%|▉         | 42/442 [31:43<4:24:03, 39.61s/it]Extracting waveforms:  10%|▉         | 43/442 [31:59<3:36:53, 32.62s/it]Extracting waveforms:  10%|▉         | 44/442 [32:33<3:38:08, 32.89s/it]Extracting waveforms:  10%|█         | 45/442 [32:59<3:25:05, 31.00s/it]Extracting waveforms:  10%|█         | 46/442 [33:32<3:27:07, 31.38s/it]Extracting waveforms:  11%|█         | 47/442 [34:01<3:22:29, 30.76s/it]Extracting waveforms:  11%|█         | 48/442 [34:45<3:48:22, 34.78s/it]Extracting waveforms:  11%|█         | 49/442 [35:02<3:13:01, 29.47s/it]Extracting waveforms:  11%|█▏        | 50/442 [35:43<3:34:42, 32.86s/it]Extracting waveforms:  12%|█▏        | 51/442 [36:14<3:31:30, 32.46s/it]Extracting waveforms:  12%|█▏        | 52/442 [36:50<3:37:30, 33.46s/it]Extracting waveforms:  12%|█▏        | 53/442 [37:26<3:41:28, 34.16s/it]Extracting waveforms:  12%|█▏        | 54/442 [37:32<2:45:51, 25.65s/it]Extracting waveforms:  12%|█▏        | 55/442 [38:09<3:08:19, 29.20s/it]Extracting waveforms:  13%|█▎        | 56/442 [38:39<3:08:06, 29.24s/it]Extracting waveforms:  13%|█▎        | 57/442 [39:06<3:04:19, 28.73s/it]Extracting waveforms:  13%|█▎        | 58/442 [39:32<2:57:28, 27.73s/it]Extracting waveforms:  13%|█▎        | 59/442 [40:06<3:09:30, 29.69s/it]Extracting waveforms:  14%|█▎        | 60/442 [40:43<3:23:12, 31.92s/it]Extracting waveforms:  14%|█▍        | 61/442 [41:12<3:18:05, 31.20s/it]Extracting waveforms:  14%|█▍        | 62/442 [41:44<3:17:49, 31.24s/it]Extracting waveforms:  14%|█▍        | 63/442 [42:19<3:25:03, 32.46s/it]Extracting waveforms:  14%|█▍        | 64/442 [42:58<3:36:15, 34.33s/it]Extracting waveforms:  15%|█▍        | 65/442 [43:33<3:37:07, 34.56s/it]Extracting waveforms:  15%|█▍        | 66/442 [44:09<3:38:49, 34.92s/it]Extracting waveforms:  15%|█▌        | 67/442 [44:37<3:25:22, 32.86s/it]Extracting waveforms:  15%|█▌        | 68/442 [45:11<3:27:10, 33.24s/it]Extracting waveforms:  16%|█▌        | 69/442 [45:31<3:01:53, 29.26s/it]Extracting waveforms:  16%|█▌        | 70/442 [45:54<2:49:13, 27.29s/it]Extracting waveforms:  16%|█▌        | 71/442 [46:19<2:44:57, 26.68s/it]Extracting waveforms:  16%|█▋        | 72/442 [46:36<2:26:13, 23.71s/it]Extracting waveforms:  17%|█▋        | 73/442 [47:09<2:43:04, 26.52s/it]Extracting waveforms:  17%|█▋        | 74/442 [47:47<3:04:34, 30.10s/it]Extracting waveforms:  17%|█▋        | 75/442 [47:50<2:14:50, 22.04s/it]Extracting waveforms:  17%|█▋        | 76/442 [48:22<2:31:32, 24.84s/it]Extracting waveforms:  17%|█▋        | 77/442 [48:59<2:54:01, 28.61s/it]Extracting waveforms:  18%|█▊        | 78/442 [49:27<2:52:12, 28.39s/it]Extracting waveforms:  18%|█▊        | 79/442 [50:04<3:07:08, 30.93s/it]Extracting waveforms:  18%|█▊        | 80/442 [50:28<2:54:20, 28.90s/it]Extracting waveforms:  18%|█▊        | 81/442 [50:56<2:51:40, 28.53s/it]Extracting waveforms:  19%|█▊        | 82/442 [51:23<2:49:41, 28.28s/it]Extracting waveforms:  19%|█▉        | 83/442 [51:51<2:48:15, 28.12s/it]Extracting waveforms:  19%|█▉        | 84/442 [52:05<2:23:00, 23.97s/it]Extracting waveforms:  19%|█▉        | 85/442 [52:36<2:34:40, 26.00s/it]Extracting waveforms:  19%|█▉        | 86/442 [52:47<2:08:12, 21.61s/it]Extracting waveforms:  20%|█▉        | 87/442 [53:07<2:04:28, 21.04s/it]Extracting waveforms:  20%|█▉        | 88/442 [53:37<2:19:45, 23.69s/it]Extracting waveforms:  20%|██        | 89/442 [53:56<2:11:13, 22.30s/it]Extracting waveforms:  20%|██        | 90/442 [54:13<2:01:38, 20.73s/it]Extracting waveforms:  21%|██        | 91/442 [54:39<2:09:47, 22.19s/it]Extracting waveforms:  21%|██        | 92/442 [55:03<2:12:53, 22.78s/it]Extracting waveforms:  21%|██        | 93/442 [55:29<2:17:44, 23.68s/it]Extracting waveforms:  21%|██▏       | 94/442 [55:42<1:58:53, 20.50s/it]Extracting waveforms:  21%|██▏       | 95/442 [55:48<1:33:36, 16.18s/it]Extracting waveforms:  22%|██▏       | 96/442 [55:50<1:09:07, 11.99s/it]Extracting waveforms:  22%|██▏       | 97/442 [56:07<1:17:54, 13.55s/it]Extracting waveforms:  22%|██▏       | 98/442 [56:22<1:20:08, 13.98s/it]Extracting waveforms:  22%|██▏       | 99/442 [56:47<1:38:51, 17.29s/it]Extracting waveforms:  23%|██▎       | 100/442 [57:04<1:36:44, 16.97s/it]Extracting waveforms:  23%|██▎       | 101/442 [57:24<1:42:13, 17.99s/it]Extracting waveforms:  23%|██▎       | 102/442 [57:49<1:54:36, 20.23s/it]Extracting waveforms:  23%|██▎       | 103/442 [58:13<2:00:15, 21.28s/it]Extracting waveforms:  24%|██▎       | 104/442 [58:38<2:05:50, 22.34s/it]Extracting waveforms:  24%|██▍       | 105/442 [58:50<1:48:37, 19.34s/it]Extracting waveforms:  24%|██▍       | 106/442 [59:12<1:52:54, 20.16s/it]Extracting waveforms:  24%|██▍       | 107/442 [59:36<1:59:16, 21.36s/it]Extracting waveforms:  24%|██▍       | 108/442 [59:44<1:36:02, 17.25s/it]Extracting waveforms:  25%|██▍       | 109/442 [59:59<1:31:58, 16.57s/it]Extracting waveforms:  25%|██▍       | 110/442 [1:00:28<1:52:30, 20.33s/it]Extracting waveforms:  25%|██▌       | 111/442 [1:00:56<2:04:55, 22.64s/it]Extracting waveforms:  25%|██▌       | 112/442 [1:01:13<1:54:55, 20.89s/it]Extracting waveforms:  26%|██▌       | 113/442 [1:01:37<1:59:04, 21.72s/it]Extracting waveforms:  26%|██▌       | 114/442 [1:02:05<2:09:10, 23.63s/it]Extracting waveforms:  26%|██▌       | 115/442 [1:02:13<1:43:46, 19.04s/it]Extracting waveforms:  26%|██▌       | 116/442 [1:02:40<1:55:26, 21.25s/it]Extracting waveforms:  26%|██▋       | 117/442 [1:02:48<1:34:38, 17.47s/it]Extracting waveforms:  27%|██▋       | 118/442 [1:03:14<1:47:25, 19.89s/it]Extracting waveforms:  27%|██▋       | 119/442 [1:03:40<1:57:50, 21.89s/it]Extracting waveforms:  27%|██▋       | 120/442 [1:04:04<2:00:29, 22.45s/it]Extracting waveforms:  27%|██▋       | 121/442 [1:04:25<1:56:56, 21.86s/it]Extracting waveforms:  28%|██▊       | 122/442 [1:04:50<2:02:06, 22.89s/it]Extracting waveforms:  28%|██▊       | 123/442 [1:04:58<1:37:54, 18.42s/it]Extracting waveforms:  28%|██▊       | 124/442 [1:05:19<1:41:39, 19.18s/it]Extracting waveforms:  28%|██▊       | 125/442 [1:05:40<1:44:20, 19.75s/it]Extracting waveforms:  29%|██▊       | 126/442 [1:06:04<1:50:23, 20.96s/it]Extracting waveforms:  29%|██▊       | 127/442 [1:06:18<1:39:17, 18.91s/it]Extracting waveforms:  29%|██▉       | 128/442 [1:06:39<1:42:01, 19.50s/it]Extracting waveforms:  29%|██▉       | 129/442 [1:07:02<1:47:55, 20.69s/it]Extracting waveforms:  29%|██▉       | 130/442 [1:07:23<1:48:27, 20.86s/it]Extracting waveforms:  30%|██▉       | 131/442 [1:07:46<1:51:04, 21.43s/it]Extracting waveforms:  30%|██▉       | 132/442 [1:08:12<1:57:39, 22.77s/it]Extracting waveforms:  30%|███       | 133/442 [1:08:27<1:44:51, 20.36s/it]Extracting waveforms:  30%|███       | 134/442 [1:08:47<1:43:44, 20.21s/it]Extracting waveforms:  31%|███       | 135/442 [1:09:06<1:42:40, 20.07s/it]Extracting waveforms:  31%|███       | 136/442 [1:09:32<1:50:27, 21.66s/it]Extracting waveforms:  31%|███       | 137/442 [1:09:53<1:49:45, 21.59s/it]Extracting waveforms:  31%|███       | 138/442 [1:10:14<1:48:57, 21.51s/it]Extracting waveforms:  31%|███▏      | 139/442 [1:10:32<1:43:18, 20.46s/it]Extracting waveforms:  32%|███▏      | 140/442 [1:10:49<1:36:35, 19.19s/it]Extracting waveforms:  32%|███▏      | 141/442 [1:11:35<2:16:57, 27.30s/it]Extracting waveforms:  32%|███▏      | 142/442 [1:12:02<2:16:01, 27.21s/it]Extracting waveforms:  32%|███▏      | 143/442 [1:12:25<2:08:51, 25.86s/it]Extracting waveforms:  33%|███▎      | 144/442 [1:12:47<2:02:41, 24.70s/it]Extracting waveforms:  33%|███▎      | 145/442 [1:13:02<1:48:55, 22.01s/it]Extracting waveforms:  33%|███▎      | 146/442 [1:13:21<1:43:06, 20.90s/it]Extracting waveforms:  33%|███▎      | 147/442 [1:13:34<1:30:52, 18.48s/it]Extracting waveforms:  33%|███▎      | 148/442 [1:13:49<1:26:48, 17.72s/it]Extracting waveforms:  34%|███▎      | 149/442 [1:14:12<1:33:30, 19.15s/it]Extracting waveforms:  34%|███▍      | 150/442 [1:14:32<1:34:51, 19.49s/it]Extracting waveforms:  34%|███▍      | 151/442 [1:14:50<1:32:31, 19.08s/it]Extracting waveforms:  34%|███▍      | 152/442 [1:15:12<1:35:21, 19.73s/it]Extracting waveforms:  35%|███▍      | 153/442 [1:15:33<1:37:32, 20.25s/it]Extracting waveforms:  35%|███▍      | 154/442 [1:15:54<1:37:45, 20.36s/it]Extracting waveforms:  35%|███▌      | 155/442 [1:16:13<1:35:24, 19.95s/it]Extracting waveforms:  35%|███▌      | 156/442 [1:16:28<1:28:12, 18.51s/it]Extracting waveforms:  36%|███▌      | 157/442 [1:16:48<1:30:53, 19.13s/it]Extracting waveforms:  36%|███▌      | 158/442 [1:17:16<1:42:03, 21.56s/it]Extracting waveforms:  36%|███▌      | 159/442 [1:17:37<1:40:56, 21.40s/it]Extracting waveforms:  36%|███▌      | 160/442 [1:17:53<1:34:04, 20.02s/it]Extracting waveforms:  36%|███▋      | 161/442 [1:18:13<1:33:01, 19.86s/it]Extracting waveforms:  37%|███▋      | 162/442 [1:18:35<1:35:57, 20.56s/it]Extracting waveforms:  37%|███▋      | 163/442 [1:18:55<1:35:00, 20.43s/it]Extracting waveforms:  37%|███▋      | 164/442 [1:19:17<1:35:55, 20.70s/it]Extracting waveforms:  37%|███▋      | 165/442 [1:19:37<1:35:37, 20.71s/it]Extracting waveforms:  38%|███▊      | 166/442 [1:19:50<1:24:02, 18.27s/it]Extracting waveforms:  38%|███▊      | 167/442 [1:20:11<1:27:20, 19.06s/it]Extracting waveforms:  38%|███▊      | 168/442 [1:20:33<1:31:43, 20.08s/it]Extracting waveforms:  38%|███▊      | 169/442 [1:20:53<1:30:54, 19.98s/it]Extracting waveforms:  38%|███▊      | 170/442 [1:21:13<1:31:04, 20.09s/it]Extracting waveforms:  39%|███▊      | 171/442 [1:21:33<1:29:57, 19.92s/it]Extracting waveforms:  39%|███▉      | 172/442 [1:21:55<1:32:44, 20.61s/it]Extracting waveforms:  39%|███▉      | 173/442 [1:22:22<1:40:22, 22.39s/it]Extracting waveforms:  39%|███▉      | 174/442 [1:22:44<1:40:35, 22.52s/it]Extracting waveforms:  40%|███▉      | 175/442 [1:23:03<1:34:56, 21.33s/it]Extracting waveforms:  40%|███▉      | 176/442 [1:23:15<1:21:37, 18.41s/it]Extracting waveforms:  40%|████      | 177/442 [1:23:29<1:15:49, 17.17s/it]Extracting waveforms:  40%|████      | 178/442 [1:23:48<1:18:44, 17.89s/it]Extracting waveforms:  40%|████      | 179/442 [1:24:07<1:18:35, 17.93s/it]Extracting waveforms:  41%|████      | 180/442 [1:24:25<1:18:54, 18.07s/it]Extracting waveforms:  41%|████      | 181/442 [1:24:37<1:10:36, 16.23s/it]Extracting waveforms:  41%|████      | 182/442 [1:24:58<1:16:25, 17.64s/it]Extracting waveforms:  41%|████▏     | 183/442 [1:25:14<1:14:01, 17.15s/it]Extracting waveforms:  42%|████▏     | 184/442 [1:25:36<1:20:08, 18.64s/it]Extracting waveforms:  42%|████▏     | 185/442 [1:25:57<1:22:51, 19.34s/it]Extracting waveforms:  42%|████▏     | 186/442 [1:26:06<1:09:10, 16.21s/it]Extracting waveforms:  42%|████▏     | 187/442 [1:26:21<1:07:30, 15.88s/it]Extracting waveforms:  43%|████▎     | 188/442 [1:26:43<1:14:42, 17.65s/it]Extracting waveforms:  43%|████▎     | 189/442 [1:26:57<1:09:59, 16.60s/it]Extracting waveforms:  43%|████▎     | 190/442 [1:27:15<1:11:34, 17.04s/it]Extracting waveforms:  43%|████▎     | 191/442 [1:27:33<1:12:07, 17.24s/it]Extracting waveforms:  43%|████▎     | 192/442 [1:27:53<1:15:37, 18.15s/it]Extracting waveforms:  44%|████▎     | 193/442 [1:28:14<1:18:33, 18.93s/it]Extracting waveforms:  44%|████▍     | 194/442 [1:28:36<1:22:05, 19.86s/it]Extracting waveforms:  44%|████▍     | 195/442 [1:28:56<1:21:59, 19.92s/it]Extracting waveforms:  44%|████▍     | 196/442 [1:29:19<1:25:23, 20.83s/it]Extracting waveforms:  45%|████▍     | 197/442 [1:29:38<1:23:35, 20.47s/it]Extracting waveforms:  45%|████▍     | 198/442 [1:29:57<1:21:24, 20.02s/it]Extracting waveforms:  45%|████▌     | 199/442 [1:30:16<1:19:55, 19.73s/it]Extracting waveforms:  45%|████▌     | 200/442 [1:30:34<1:17:00, 19.09s/it]Extracting waveforms:  45%|████▌     | 201/442 [1:30:52<1:15:58, 18.91s/it]Extracting waveforms:  46%|████▌     | 202/442 [1:31:12<1:16:06, 19.03s/it]Extracting waveforms:  46%|████▌     | 203/442 [1:31:29<1:13:37, 18.48s/it]Extracting waveforms:  46%|████▌     | 204/442 [1:31:30<52:33, 13.25s/it]  Extracting waveforms:  46%|████▋     | 205/442 [1:31:46<55:23, 14.02s/it]Extracting waveforms:  47%|████▋     | 206/442 [1:32:05<1:01:35, 15.66s/it]Extracting waveforms:  47%|████▋     | 207/442 [1:32:21<1:01:28, 15.70s/it]Extracting waveforms:  47%|████▋     | 208/442 [1:32:39<1:03:51, 16.37s/it]Extracting waveforms:  47%|████▋     | 209/442 [1:33:00<1:08:35, 17.66s/it]Extracting waveforms:  48%|████▊     | 210/442 [1:33:20<1:11:57, 18.61s/it]Extracting waveforms:  48%|████▊     | 211/442 [1:33:29<1:00:27, 15.70s/it]Extracting waveforms:  48%|████▊     | 212/442 [1:33:48<1:03:36, 16.59s/it]Extracting waveforms:  48%|████▊     | 213/442 [1:34:12<1:11:29, 18.73s/it]Extracting waveforms:  48%|████▊     | 214/442 [1:34:33<1:13:50, 19.43s/it]Extracting waveforms:  49%|████▊     | 215/442 [1:34:51<1:12:14, 19.10s/it]Extracting waveforms:  49%|████▉     | 216/442 [1:35:00<1:00:31, 16.07s/it]Extracting waveforms:  49%|████▉     | 217/442 [1:35:19<1:03:04, 16.82s/it]Extracting waveforms:  49%|████▉     | 218/442 [1:35:36<1:03:29, 17.01s/it]Extracting waveforms:  50%|████▉     | 219/442 [1:35:59<1:10:11, 18.89s/it]Extracting waveforms:  50%|████▉     | 220/442 [1:36:09<59:14, 16.01s/it]  Extracting waveforms:  50%|█████     | 221/442 [1:36:28<1:02:59, 17.10s/it]Extracting waveforms:  50%|█████     | 222/442 [1:36:45<1:02:05, 16.94s/it]Extracting waveforms:  50%|█████     | 223/442 [1:37:05<1:04:53, 17.78s/it]Extracting waveforms:  51%|█████     | 224/442 [1:37:24<1:06:13, 18.23s/it]Extracting waveforms:  51%|█████     | 225/442 [1:37:43<1:06:26, 18.37s/it]Extracting waveforms:  51%|█████     | 226/442 [1:37:53<57:26, 15.96s/it]  Extracting waveforms:  51%|█████▏    | 227/442 [1:38:09<57:15, 15.98s/it]Extracting waveforms:  52%|█████▏    | 228/442 [1:38:32<1:03:59, 17.94s/it]Extracting waveforms:  52%|█████▏    | 229/442 [1:38:48<1:02:36, 17.64s/it]Extracting waveforms:  52%|█████▏    | 230/442 [1:39:12<1:08:14, 19.31s/it]Extracting waveforms:  52%|█████▏    | 231/442 [1:39:31<1:07:34, 19.22s/it]Extracting waveforms:  52%|█████▏    | 232/442 [1:39:50<1:07:34, 19.30s/it]Extracting waveforms:  53%|█████▎    | 233/442 [1:40:08<1:05:47, 18.89s/it]Extracting waveforms:  53%|█████▎    | 234/442 [1:40:23<1:01:11, 17.65s/it]Extracting waveforms:  53%|█████▎    | 235/442 [1:40:38<58:07, 16.85s/it]  Extracting waveforms:  53%|█████▎    | 236/442 [1:40:51<54:29, 15.87s/it]Extracting waveforms:  54%|█████▎    | 237/442 [1:41:16<1:03:24, 18.56s/it]Extracting waveforms:  54%|█████▍    | 238/442 [1:41:32<59:48, 17.59s/it]  Extracting waveforms:  54%|█████▍    | 239/442 [1:41:54<1:04:42, 19.13s/it]Extracting waveforms:  54%|█████▍    | 240/442 [1:42:15<1:06:06, 19.64s/it]Extracting waveforms:  55%|█████▍    | 241/442 [1:42:34<1:05:28, 19.55s/it]Extracting waveforms:  55%|█████▍    | 242/442 [1:42:53<1:04:14, 19.27s/it]Extracting waveforms:  55%|█████▍    | 243/442 [1:43:14<1:05:34, 19.77s/it]Extracting waveforms:  55%|█████▌    | 244/442 [1:43:36<1:07:35, 20.48s/it]Extracting waveforms:  55%|█████▌    | 245/442 [1:43:56<1:06:44, 20.33s/it]Extracting waveforms:  56%|█████▌    | 246/442 [1:44:04<54:28, 16.67s/it]  Extracting waveforms:  56%|█████▌    | 247/442 [1:44:13<46:49, 14.41s/it]Extracting waveforms:  56%|█████▌    | 248/442 [1:44:35<53:04, 16.42s/it]Extracting waveforms:  56%|█████▋    | 249/442 [1:44:54<55:48, 17.35s/it]Extracting waveforms:  57%|█████▋    | 250/442 [1:45:14<58:17, 18.22s/it]Extracting waveforms:  57%|█████▋    | 251/442 [1:45:24<49:40, 15.60s/it]Extracting waveforms:  57%|█████▋    | 252/442 [1:45:44<53:57, 17.04s/it]Extracting waveforms:  57%|█████▋    | 253/442 [1:46:06<58:16, 18.50s/it]Extracting waveforms:  57%|█████▋    | 254/442 [1:46:26<59:24, 18.96s/it]Extracting waveforms:  58%|█████▊    | 255/442 [1:46:30<44:39, 14.33s/it]Extracting waveforms:  58%|█████▊    | 256/442 [1:46:40<40:47, 13.16s/it]Extracting waveforms:  58%|█████▊    | 257/442 [1:47:01<47:52, 15.53s/it]Extracting waveforms:  58%|█████▊    | 258/442 [1:47:20<50:13, 16.38s/it]Extracting waveforms:  59%|█████▊    | 259/442 [1:47:38<52:00, 17.05s/it]Extracting waveforms:  59%|█████▉    | 260/442 [1:47:47<44:10, 14.57s/it]Extracting waveforms:  59%|█████▉    | 261/442 [1:47:54<37:26, 12.41s/it]Extracting waveforms:  59%|█████▉    | 262/442 [1:48:19<48:22, 16.12s/it]Extracting waveforms:  60%|█████▉    | 263/442 [1:48:40<52:47, 17.70s/it]Extracting waveforms:  60%|█████▉    | 264/442 [1:48:58<52:25, 17.67s/it]Extracting waveforms:  60%|█████▉    | 265/442 [1:49:17<53:00, 17.97s/it]Extracting waveforms:  60%|██████    | 266/442 [1:49:36<53:56, 18.39s/it]Extracting waveforms:  60%|██████    | 267/442 [1:49:42<43:08, 14.79s/it]Extracting waveforms:  61%|██████    | 268/442 [1:50:01<46:27, 16.02s/it]Extracting waveforms:  61%|██████    | 269/442 [1:50:07<37:30, 13.01s/it]Extracting waveforms:  61%|██████    | 270/442 [1:50:25<41:13, 14.38s/it]Extracting waveforms:  61%|██████▏   | 271/442 [1:50:39<40:58, 14.38s/it]Extracting waveforms:  62%|██████▏   | 272/442 [1:50:52<39:11, 13.83s/it]Extracting waveforms:  62%|██████▏   | 273/442 [1:51:03<36:42, 13.03s/it]Extracting waveforms:  62%|██████▏   | 274/442 [1:51:19<38:51, 13.88s/it]Extracting waveforms:  62%|██████▏   | 275/442 [1:51:39<44:09, 15.87s/it]Extracting waveforms:  62%|██████▏   | 276/442 [1:51:59<46:35, 16.84s/it]Extracting waveforms:  63%|██████▎   | 277/442 [1:52:18<48:45, 17.73s/it]Extracting waveforms:  63%|██████▎   | 278/442 [1:52:41<52:21, 19.16s/it]Extracting waveforms:  63%|██████▎   | 279/442 [1:52:53<46:08, 16.99s/it]Extracting waveforms:  63%|██████▎   | 280/442 [1:52:56<34:34, 12.81s/it]Extracting waveforms:  64%|██████▎   | 281/442 [1:53:15<39:13, 14.62s/it]Extracting waveforms:  64%|██████▍   | 282/442 [1:53:33<41:39, 15.62s/it]Extracting waveforms:  64%|██████▍   | 283/442 [1:53:46<39:29, 14.90s/it]Extracting waveforms:  64%|██████▍   | 284/442 [1:54:04<42:10, 16.01s/it]Extracting waveforms:  64%|██████▍   | 285/442 [1:54:13<36:04, 13.79s/it]Extracting waveforms:  65%|██████▍   | 286/442 [1:54:34<41:26, 15.94s/it]Extracting waveforms:  65%|██████▍   | 287/442 [1:54:37<31:04, 12.03s/it]Extracting waveforms:  65%|██████▌   | 288/442 [1:54:49<31:13, 12.16s/it]Extracting waveforms:  65%|██████▌   | 289/442 [1:55:04<32:36, 12.79s/it]Extracting waveforms:  66%|██████▌   | 290/442 [1:55:16<31:58, 12.62s/it]Extracting waveforms:  66%|██████▌   | 291/442 [1:55:37<38:32, 15.32s/it]Extracting waveforms:  66%|██████▌   | 292/442 [1:55:55<40:19, 16.13s/it]Extracting waveforms:  66%|██████▋   | 293/442 [1:56:14<41:51, 16.85s/it]Extracting waveforms:  67%|██████▋   | 294/442 [1:56:30<40:49, 16.55s/it]Extracting waveforms:  67%|██████▋   | 295/442 [1:56:51<44:04, 17.99s/it]Extracting waveforms:  67%|██████▋   | 296/442 [1:57:12<45:32, 18.72s/it]Extracting waveforms:  67%|██████▋   | 297/442 [1:57:21<38:35, 15.97s/it]Extracting waveforms:  67%|██████▋   | 298/442 [1:57:38<39:13, 16.34s/it]Extracting waveforms:  68%|██████▊   | 299/442 [1:57:47<33:46, 14.17s/it]Extracting waveforms:  68%|██████▊   | 300/442 [1:57:57<30:14, 12.77s/it]Extracting waveforms:  68%|██████▊   | 301/442 [1:58:08<28:36, 12.18s/it]Extracting waveforms:  68%|██████▊   | 302/442 [1:58:27<33:34, 14.39s/it]Extracting waveforms:  69%|██████▊   | 303/442 [1:58:49<38:42, 16.71s/it]Extracting waveforms:  69%|██████▉   | 304/442 [1:59:08<39:21, 17.11s/it]Extracting waveforms:  69%|██████▉   | 305/442 [1:59:20<35:34, 15.58s/it]Extracting waveforms:  69%|██████▉   | 306/442 [1:59:36<36:01, 15.90s/it]Extracting waveforms:  69%|██████▉   | 307/442 [1:59:56<38:11, 16.97s/it]Extracting waveforms:  70%|██████▉   | 308/442 [2:00:18<41:14, 18.47s/it]Extracting waveforms:  70%|██████▉   | 309/442 [2:00:36<41:00, 18.50s/it]Extracting waveforms:  70%|███████   | 310/442 [2:00:40<31:09, 14.16s/it]Extracting waveforms:  70%|███████   | 311/442 [2:01:01<35:22, 16.20s/it]Extracting waveforms:  71%|███████   | 312/442 [2:01:21<37:28, 17.30s/it]Extracting waveforms:  71%|███████   | 313/442 [2:01:24<28:02, 13.04s/it]Extracting waveforms:  71%|███████   | 314/442 [2:01:24<19:38,  9.20s/it]Extracting waveforms:  71%|███████▏  | 315/442 [2:01:38<22:35, 10.67s/it]Extracting waveforms:  71%|███████▏  | 316/442 [2:01:59<28:49, 13.73s/it]Extracting waveforms:  72%|███████▏  | 317/442 [2:02:10<26:51, 12.89s/it]Extracting waveforms:  72%|███████▏  | 318/442 [2:02:16<22:10, 10.73s/it]Extracting waveforms:  72%|███████▏  | 319/442 [2:02:30<24:17, 11.85s/it]Extracting waveforms:  72%|███████▏  | 320/442 [2:02:50<28:48, 14.17s/it]Extracting waveforms:  73%|███████▎  | 321/442 [2:03:07<30:29, 15.12s/it]Extracting waveforms:  73%|███████▎  | 322/442 [2:03:22<30:12, 15.10s/it]Extracting waveforms:  73%|███████▎  | 323/442 [2:03:34<27:38, 13.94s/it]Extracting waveforms:  73%|███████▎  | 324/442 [2:03:53<30:30, 15.51s/it]Extracting waveforms:  74%|███████▎  | 325/442 [2:04:13<32:55, 16.88s/it]Extracting waveforms:  74%|███████▍  | 326/442 [2:04:19<26:10, 13.54s/it]Extracting waveforms:  74%|███████▍  | 327/442 [2:04:36<27:55, 14.57s/it]Extracting waveforms:  74%|███████▍  | 328/442 [2:04:53<29:31, 15.54s/it]Extracting waveforms:  74%|███████▍  | 329/442 [2:05:12<30:52, 16.40s/it]Extracting waveforms:  75%|███████▍  | 330/442 [2:05:32<32:41, 17.52s/it]Extracting waveforms:  75%|███████▍  | 331/442 [2:05:41<27:43, 14.99s/it]Extracting waveforms:  75%|███████▌  | 332/442 [2:06:06<33:07, 18.07s/it]Extracting waveforms:  75%|███████▌  | 333/442 [2:06:25<33:10, 18.27s/it]Extracting waveforms:  76%|███████▌  | 334/442 [2:06:44<33:06, 18.39s/it]Extracting waveforms:  76%|███████▌  | 335/442 [2:06:58<30:32, 17.13s/it]Extracting waveforms:  76%|███████▌  | 336/442 [2:07:03<24:02, 13.61s/it]Extracting waveforms:  76%|███████▌  | 337/442 [2:07:17<24:02, 13.74s/it]Extracting waveforms:  76%|███████▋  | 338/442 [2:07:34<25:20, 14.62s/it]Extracting waveforms:  77%|███████▋  | 339/442 [2:07:49<25:14, 14.71s/it]Extracting waveforms:  77%|███████▋  | 340/442 [2:07:57<21:49, 12.84s/it]Extracting waveforms:  77%|███████▋  | 341/442 [2:08:13<22:46, 13.53s/it]Extracting waveforms:  77%|███████▋  | 342/442 [2:08:28<23:27, 14.08s/it]Extracting waveforms:  78%|███████▊  | 343/442 [2:08:28<16:33, 10.03s/it]Extracting waveforms:  78%|███████▊  | 344/442 [2:08:31<12:56,  7.92s/it]Extracting waveforms:  78%|███████▊  | 345/442 [2:08:44<15:13,  9.41s/it]Extracting waveforms:  78%|███████▊  | 346/442 [2:08:58<16:53, 10.55s/it]Extracting waveforms:  79%|███████▊  | 347/442 [2:09:09<17:07, 10.82s/it]Extracting waveforms:  79%|███████▊  | 348/442 [2:09:25<19:35, 12.51s/it]Extracting waveforms:  79%|███████▉  | 349/442 [2:09:33<16:53, 10.90s/it]Extracting waveforms:  79%|███████▉  | 350/442 [2:09:42<16:13, 10.58s/it]Extracting waveforms:  79%|███████▉  | 351/442 [2:09:56<17:24, 11.48s/it]Extracting waveforms:  80%|███████▉  | 352/442 [2:10:09<17:43, 11.82s/it]Extracting waveforms:  80%|███████▉  | 353/442 [2:10:21<17:58, 12.12s/it]Extracting waveforms:  80%|████████  | 354/442 [2:10:31<16:32, 11.27s/it]Extracting waveforms:  80%|████████  | 355/442 [2:10:44<17:12, 11.87s/it]Extracting waveforms:  81%|████████  | 356/442 [2:10:56<16:55, 11.80s/it]Extracting waveforms:  81%|████████  | 357/442 [2:11:05<15:45, 11.13s/it]Extracting waveforms:  81%|████████  | 358/442 [2:11:10<12:50,  9.17s/it]Extracting waveforms:  81%|████████  | 359/442 [2:11:11<09:15,  6.70s/it]Extracting waveforms:  81%|████████▏ | 360/442 [2:11:20<10:05,  7.39s/it]Extracting waveforms:  82%|████████▏ | 361/442 [2:11:21<07:21,  5.46s/it]Extracting waveforms:  82%|████████▏ | 362/442 [2:11:31<09:22,  7.04s/it]Extracting waveforms:  82%|████████▏ | 363/442 [2:11:42<10:29,  7.97s/it]Extracting waveforms:  82%|████████▏ | 364/442 [2:11:56<12:42,  9.77s/it]Extracting waveforms:  83%|████████▎ | 365/442 [2:12:09<14:07, 11.01s/it]Extracting waveforms:  83%|████████▎ | 366/442 [2:12:21<14:00, 11.06s/it]Extracting waveforms:  83%|████████▎ | 367/442 [2:12:33<14:23, 11.52s/it]Extracting waveforms:  83%|████████▎ | 368/442 [2:12:45<14:22, 11.65s/it]Extracting waveforms:  83%|████████▎ | 369/442 [2:12:59<14:54, 12.25s/it]Extracting waveforms:  84%|████████▎ | 370/442 [2:13:05<12:41, 10.57s/it]Extracting waveforms:  84%|████████▍ | 371/442 [2:13:19<13:24, 11.33s/it]Extracting waveforms:  84%|████████▍ | 372/442 [2:13:28<12:43, 10.90s/it]Extracting waveforms:  84%|████████▍ | 373/442 [2:13:51<16:26, 14.29s/it]Extracting waveforms:  85%|████████▍ | 374/442 [2:14:00<14:24, 12.71s/it]Extracting waveforms:  85%|████████▍ | 375/442 [2:14:14<14:34, 13.05s/it]Extracting waveforms:  85%|████████▌ | 376/442 [2:14:27<14:37, 13.30s/it]Extracting waveforms:  85%|████████▌ | 377/442 [2:14:38<13:25, 12.39s/it]Extracting waveforms:  86%|████████▌ | 378/442 [2:14:49<12:56, 12.14s/it]Extracting waveforms:  86%|████████▌ | 379/442 [2:15:15<16:55, 16.12s/it]Extracting waveforms:  86%|████████▌ | 380/442 [2:15:23<14:10, 13.71s/it]Extracting waveforms:  86%|████████▌ | 381/442 [2:15:38<14:23, 14.16s/it]Extracting waveforms:  86%|████████▋ | 382/442 [2:15:45<12:06, 12.12s/it]Extracting waveforms:  87%|████████▋ | 383/442 [2:15:51<10:02, 10.21s/it]Extracting waveforms:  87%|████████▋ | 384/442 [2:16:15<13:51, 14.33s/it]Extracting waveforms:  87%|████████▋ | 385/442 [2:16:28<13:11, 13.88s/it]Extracting waveforms:  87%|████████▋ | 386/442 [2:16:32<10:10, 10.90s/it]Extracting waveforms:  88%|████████▊ | 387/442 [2:16:50<11:52, 12.96s/it]Extracting waveforms:  88%|████████▊ | 388/442 [2:17:15<15:09, 16.85s/it]Extracting waveforms:  88%|████████▊ | 389/442 [2:17:37<16:10, 18.31s/it]Extracting waveforms:  88%|████████▊ | 390/442 [2:18:00<16:57, 19.57s/it]Extracting waveforms:  88%|████████▊ | 391/442 [2:18:22<17:25, 20.49s/it]Extracting waveforms:  89%|████████▊ | 392/442 [2:18:35<15:06, 18.12s/it]Extracting waveforms:  89%|████████▉ | 393/442 [2:18:51<14:24, 17.65s/it]Extracting waveforms:  89%|████████▉ | 394/442 [2:19:08<13:54, 17.40s/it]Extracting waveforms:  89%|████████▉ | 395/442 [2:19:29<14:21, 18.33s/it]Extracting waveforms:  90%|████████▉ | 396/442 [2:19:49<14:23, 18.76s/it]Extracting waveforms:  90%|████████▉ | 397/442 [2:19:55<11:15, 15.01s/it]Extracting waveforms:  90%|█████████ | 398/442 [2:20:16<12:18, 16.80s/it]Extracting waveforms:  90%|█████████ | 399/442 [2:20:33<12:07, 16.92s/it]Extracting waveforms:  90%|█████████ | 400/442 [2:20:39<09:32, 13.62s/it]Extracting waveforms:  91%|█████████ | 401/442 [2:21:00<10:44, 15.72s/it]Extracting waveforms:  91%|█████████ | 402/442 [2:21:02<07:55, 11.88s/it]Extracting waveforms:  91%|█████████▏| 404/442 [2:21:23<07:07, 11.25s/it]Extracting waveforms:  92%|█████████▏| 405/442 [2:21:45<08:27, 13.73s/it]Extracting waveforms:  92%|█████████▏| 406/442 [2:21:58<08:05, 13.49s/it]Extracting waveforms:  92%|█████████▏| 407/442 [2:22:21<09:30, 16.30s/it]Extracting waveforms:  92%|█████████▏| 408/442 [2:22:42<09:55, 17.52s/it]Extracting waveforms:  93%|█████████▎| 409/442 [2:23:01<09:53, 17.98s/it]Extracting waveforms:  93%|█████████▎| 410/442 [2:23:19<09:29, 17.80s/it]Extracting waveforms:  93%|█████████▎| 411/442 [2:23:39<09:33, 18.51s/it]Extracting waveforms:  93%|█████████▎| 412/442 [2:23:55<08:54, 17.81s/it]Extracting waveforms:  93%|█████████▎| 413/442 [2:23:59<06:39, 13.79s/it]Extracting waveforms:  94%|█████████▎| 414/442 [2:24:04<05:16, 11.29s/it]Extracting waveforms:  94%|█████████▍| 415/442 [2:24:22<05:51, 13.02s/it]Extracting waveforms:  94%|█████████▍| 416/442 [2:24:31<05:13, 12.05s/it]Extracting waveforms:  94%|█████████▍| 417/442 [2:24:35<03:59,  9.56s/it]Extracting waveforms:  95%|█████████▍| 418/442 [2:24:44<03:43,  9.31s/it]Extracting waveforms:  95%|█████████▍| 419/442 [2:25:00<04:24, 11.50s/it]Extracting waveforms:  95%|█████████▌| 420/442 [2:25:04<03:20,  9.12s/it]Extracting waveforms:  95%|█████████▌| 421/442 [2:25:04<02:17,  6.53s/it]Extracting waveforms:  95%|█████████▌| 422/442 [2:25:24<03:27, 10.36s/it]Extracting waveforms:  96%|█████████▌| 423/442 [2:25:37<03:33, 11.22s/it]Extracting waveforms:  96%|█████████▌| 424/442 [2:25:38<02:24,  8.04s/it]Extracting waveforms:  96%|█████████▌| 425/442 [2:25:52<02:50, 10.01s/it]Extracting waveforms:  96%|█████████▋| 426/442 [2:25:54<02:01,  7.62s/it]Extracting waveforms:  97%|█████████▋| 427/442 [2:26:01<01:48,  7.21s/it]Extracting waveforms:  97%|█████████▋| 428/442 [2:26:14<02:07,  9.08s/it]Extracting waveforms:  97%|█████████▋| 429/442 [2:26:19<01:43,  7.95s/it]Extracting waveforms:  97%|█████████▋| 430/442 [2:26:25<01:28,  7.34s/it]Extracting waveforms:  98%|█████████▊| 431/442 [2:26:38<01:39,  9.06s/it]Extracting waveforms:  98%|█████████▊| 432/442 [2:26:40<01:09,  6.94s/it]Extracting waveforms:  98%|█████████▊| 433/442 [2:26:48<01:05,  7.27s/it]Extracting waveforms:  98%|█████████▊| 434/442 [2:26:59<01:05,  8.19s/it]Extracting waveforms:  98%|█████████▊| 435/442 [2:27:16<01:17, 11.03s/it]Extracting waveforms:  99%|█████████▊| 436/442 [2:27:38<01:26, 14.35s/it]Extracting waveforms:  99%|█████████▉| 437/442 [2:27:51<01:08, 13.73s/it]Extracting waveforms:  99%|█████████▉| 438/442 [2:28:05<00:56, 14.04s/it]Extracting waveforms:  99%|█████████▉| 439/442 [2:28:17<00:40, 13.38s/it]Extracting waveforms: 100%|█████████▉| 440/442 [2:28:28<00:25, 12.56s/it]Extracting waveforms: 100%|█████████▉| 441/442 [2:28:43<00:13, 13.43s/it]Extracting waveforms: 100%|██████████| 442/442 [2:29:02<00:00, 14.84s/it]Extracting waveforms: 100%|██████████| 442/442 [2:29:02<00:00, 20.23s/it]
  0%|          | 0/442 [00:00<?, ?it/s]  0%|          | 1/442 [00:03<23:06,  3.14s/it]  0%|          | 2/442 [00:05<19:50,  2.71s/it]  1%|          | 3/442 [00:06<13:30,  1.85s/it]  1%|          | 4/442 [00:07<10:35,  1.45s/it]  1%|          | 5/442 [00:08<10:07,  1.39s/it]  1%|▏         | 6/442 [00:11<14:02,  1.93s/it]  2%|▏         | 7/442 [00:12<11:28,  1.58s/it]  2%|▏         | 8/442 [00:13<09:45,  1.35s/it]  2%|▏         | 9/442 [00:15<11:02,  1.53s/it]  2%|▏         | 10/442 [00:15<09:26,  1.31s/it]  2%|▏         | 11/442 [00:16<08:26,  1.18s/it]  3%|▎         | 12/442 [00:18<08:41,  1.21s/it]  3%|▎         | 13/442 [00:19<08:46,  1.23s/it]  3%|▎         | 14/442 [00:20<08:25,  1.18s/it]  3%|▎         | 15/442 [00:21<07:42,  1.08s/it]  4%|▎         | 16/442 [00:22<07:02,  1.01it/s]  4%|▍         | 17/442 [00:23<07:08,  1.01s/it]  4%|▍         | 18/442 [00:24<06:54,  1.02it/s]  4%|▍         | 19/442 [00:24<06:38,  1.06it/s]  5%|▍         | 20/442 [00:26<07:29,  1.06s/it]  5%|▍         | 21/442 [00:26<06:45,  1.04it/s]  5%|▍         | 22/442 [00:28<07:17,  1.04s/it]  5%|▌         | 23/442 [00:29<06:58,  1.00it/s]  5%|▌         | 24/442 [00:30<07:18,  1.05s/it]  6%|▌         | 25/442 [00:31<06:43,  1.03it/s]  6%|▌         | 26/442 [00:31<06:12,  1.12it/s]  6%|▌         | 27/442 [00:32<06:43,  1.03it/s]  6%|▋         | 28/442 [00:33<06:45,  1.02it/s]  7%|▋         | 29/442 [00:35<08:39,  1.26s/it]  7%|▋         | 30/442 [00:36<08:17,  1.21s/it]  7%|▋         | 31/442 [00:37<07:18,  1.07s/it]  7%|▋         | 32/442 [00:38<07:27,  1.09s/it]  7%|▋         | 33/442 [00:39<06:42,  1.02it/s]  8%|▊         | 34/442 [00:40<06:08,  1.11it/s]  8%|▊         | 35/442 [00:41<05:51,  1.16it/s]  8%|▊         | 36/442 [00:41<05:36,  1.21it/s]  8%|▊         | 37/442 [00:42<05:46,  1.17it/s]  9%|▊         | 38/442 [00:43<06:20,  1.06it/s]  9%|▉         | 39/442 [00:44<06:24,  1.05it/s]  9%|▉         | 40/442 [00:45<06:04,  1.10it/s]  9%|▉         | 41/442 [00:46<06:17,  1.06it/s] 10%|▉         | 42/442 [00:47<06:01,  1.11it/s] 10%|▉         | 43/442 [00:48<05:45,  1.15it/s] 10%|▉         | 44/442 [00:49<06:12,  1.07it/s] 10%|█         | 45/442 [00:50<05:56,  1.11it/s] 10%|█         | 46/442 [00:50<05:29,  1.20it/s] 11%|█         | 47/442 [00:51<05:16,  1.25it/s] 11%|█         | 48/442 [00:52<05:16,  1.25it/s] 11%|█         | 49/442 [00:53<05:57,  1.10it/s] 11%|█▏        | 50/442 [00:54<06:55,  1.06s/it] 12%|█▏        | 51/442 [00:55<06:17,  1.03it/s] 12%|█▏        | 52/442 [00:56<05:58,  1.09it/s] 12%|█▏        | 53/442 [00:57<06:05,  1.07it/s] 12%|█▏        | 54/442 [00:58<05:45,  1.12it/s] 12%|█▏        | 55/442 [00:59<06:18,  1.02it/s] 13%|█▎        | 56/442 [01:00<06:02,  1.07it/s] 13%|█▎        | 57/442 [01:01<05:58,  1.07it/s] 13%|█▎        | 58/442 [01:01<05:28,  1.17it/s] 13%|█▎        | 59/442 [01:02<05:35,  1.14it/s] 14%|█▎        | 60/442 [01:04<06:22,  1.00s/it] 14%|█▍        | 61/442 [01:05<06:22,  1.00s/it] 14%|█▍        | 62/442 [01:05<05:49,  1.09it/s] 14%|█▍        | 63/442 [01:06<06:04,  1.04it/s] 14%|█▍        | 64/442 [01:08<06:44,  1.07s/it] 15%|█▍        | 65/442 [01:10<08:12,  1.31s/it] 15%|█▍        | 66/442 [01:11<08:21,  1.33s/it] 15%|█▌        | 67/442 [01:12<07:36,  1.22s/it] 15%|█▌        | 68/442 [01:13<06:49,  1.09s/it] 16%|█▌        | 69/442 [01:13<06:07,  1.02it/s] 16%|█▌        | 70/442 [01:14<05:50,  1.06it/s] 16%|█▌        | 71/442 [01:15<05:20,  1.16it/s] 16%|█▋        | 72/442 [01:16<05:41,  1.08it/s] 17%|█▋        | 73/442 [01:18<06:55,  1.12s/it] 17%|█▋        | 74/442 [01:18<06:23,  1.04s/it] 17%|█▋        | 75/442 [01:19<05:42,  1.07it/s] 17%|█▋        | 76/442 [01:20<05:16,  1.16it/s] 17%|█▋        | 77/442 [01:21<06:33,  1.08s/it] 18%|█▊        | 78/442 [01:23<07:27,  1.23s/it] 18%|█▊        | 79/442 [01:24<06:27,  1.07s/it] 18%|█▊        | 80/442 [01:25<06:03,  1.00s/it] 18%|█▊        | 81/442 [01:26<05:58,  1.01it/s] 19%|█▊        | 82/442 [01:28<08:06,  1.35s/it] 19%|█▉        | 83/442 [01:29<08:29,  1.42s/it] 19%|█▉        | 84/442 [01:30<07:18,  1.22s/it] 19%|█▉        | 85/442 [01:31<06:37,  1.11s/it] 19%|█▉        | 86/442 [01:32<06:06,  1.03s/it] 20%|█▉        | 87/442 [01:32<05:33,  1.06it/s] 20%|█▉        | 88/442 [01:33<05:34,  1.06it/s] 20%|██        | 89/442 [01:34<05:17,  1.11it/s] 20%|██        | 90/442 [01:35<05:25,  1.08it/s] 21%|██        | 91/442 [01:36<05:26,  1.07it/s] 21%|██        | 92/442 [01:38<06:26,  1.10s/it] 21%|██        | 93/442 [01:39<07:23,  1.27s/it] 21%|██▏       | 94/442 [01:40<06:20,  1.09s/it] 21%|██▏       | 95/442 [01:41<05:35,  1.04it/s] 22%|██▏       | 96/442 [01:41<05:02,  1.14it/s] 22%|██▏       | 97/442 [01:42<04:39,  1.23it/s] 22%|██▏       | 98/442 [01:43<04:31,  1.27it/s] 22%|██▏       | 99/442 [01:44<05:30,  1.04it/s] 23%|██▎       | 100/442 [01:45<05:21,  1.06it/s] 23%|██▎       | 101/442 [01:46<05:18,  1.07it/s] 23%|██▎       | 102/442 [01:48<06:41,  1.18s/it] 23%|██▎       | 103/442 [01:49<06:41,  1.18s/it] 24%|██▎       | 104/442 [01:50<06:28,  1.15s/it] 24%|██▍       | 105/442 [01:51<05:43,  1.02s/it] 24%|██▍       | 106/442 [01:51<05:19,  1.05it/s] 24%|██▍       | 107/442 [01:53<06:41,  1.20s/it] 24%|██▍       | 108/442 [01:54<05:45,  1.03s/it] 25%|██▍       | 109/442 [01:55<05:36,  1.01s/it] 25%|██▍       | 110/442 [01:56<05:41,  1.03s/it] 25%|██▌       | 111/442 [01:57<06:25,  1.16s/it] 25%|██▌       | 112/442 [01:58<05:50,  1.06s/it] 26%|██▌       | 113/442 [01:59<05:24,  1.01it/s] 26%|██▌       | 114/442 [02:00<05:47,  1.06s/it] 26%|██▌       | 115/442 [02:01<05:08,  1.06it/s] 26%|██▌       | 116/442 [02:03<07:10,  1.32s/it] 26%|██▋       | 117/442 [02:04<06:14,  1.15s/it] 27%|██▋       | 118/442 [02:05<05:55,  1.10s/it] 27%|██▋       | 119/442 [02:06<06:41,  1.24s/it] 27%|██▋       | 120/442 [02:08<06:46,  1.26s/it] 27%|██▋       | 121/442 [02:09<06:00,  1.12s/it] 28%|██▊       | 122/442 [02:11<07:37,  1.43s/it] 28%|██▊       | 123/442 [02:12<07:01,  1.32s/it] 28%|██▊       | 124/442 [02:13<07:37,  1.44s/it] 28%|██▊       | 125/442 [02:14<06:26,  1.22s/it] 29%|██▊       | 126/442 [02:15<05:44,  1.09s/it] 29%|██▊       | 127/442 [02:16<05:13,  1.01it/s] 29%|██▉       | 128/442 [02:17<05:34,  1.06s/it] 29%|██▉       | 129/442 [02:18<06:19,  1.21s/it] 29%|██▉       | 130/442 [02:21<08:00,  1.54s/it] 30%|██▉       | 131/442 [02:22<08:14,  1.59s/it] 30%|██▉       | 132/442 [02:23<07:12,  1.40s/it] 30%|███       | 133/442 [02:24<06:14,  1.21s/it] 30%|███       | 134/442 [02:25<05:32,  1.08s/it] 31%|███       | 135/442 [02:26<06:03,  1.18s/it] 31%|███       | 136/442 [02:29<08:22,  1.64s/it] 31%|███       | 137/442 [02:31<08:42,  1.71s/it] 31%|███       | 138/442 [02:32<07:05,  1.40s/it] 31%|███▏      | 139/442 [02:32<06:06,  1.21s/it] 32%|███▏      | 140/442 [02:33<05:34,  1.11s/it] 32%|███▏      | 141/442 [02:34<05:29,  1.10s/it] 32%|███▏      | 142/442 [02:35<05:23,  1.08s/it] 32%|███▏      | 143/442 [02:37<06:19,  1.27s/it] 33%|███▎      | 144/442 [02:39<07:26,  1.50s/it] 33%|███▎      | 145/442 [02:40<06:15,  1.26s/it] 33%|███▎      | 146/442 [02:41<05:47,  1.17s/it] 33%|███▎      | 147/442 [02:42<05:12,  1.06s/it] 33%|███▎      | 148/442 [02:42<04:42,  1.04it/s] 34%|███▎      | 149/442 [02:43<04:48,  1.02it/s] 34%|███▍      | 150/442 [02:45<06:13,  1.28s/it] 34%|███▍      | 151/442 [02:48<07:34,  1.56s/it] 34%|███▍      | 152/442 [02:50<08:20,  1.72s/it] 35%|███▍      | 153/442 [02:52<08:33,  1.78s/it] 35%|███▍      | 154/442 [02:53<07:55,  1.65s/it] 35%|███▌      | 155/442 [02:54<07:24,  1.55s/it] 35%|███▌      | 156/442 [02:55<06:20,  1.33s/it] 36%|███▌      | 157/442 [02:57<07:42,  1.62s/it] 36%|███▌      | 158/442 [02:58<06:18,  1.33s/it] 36%|███▌      | 159/442 [03:00<07:06,  1.51s/it] 36%|███▌      | 160/442 [03:01<05:57,  1.27s/it] 36%|███▋      | 161/442 [03:02<05:44,  1.23s/it] 37%|███▋      | 162/442 [03:04<06:56,  1.49s/it] 37%|███▋      | 163/442 [03:05<06:20,  1.36s/it] 37%|███▋      | 164/442 [03:07<07:34,  1.63s/it] 37%|███▋      | 165/442 [03:08<06:14,  1.35s/it] 38%|███▊      | 166/442 [03:09<05:35,  1.21s/it] 38%|███▊      | 167/442 [03:10<05:47,  1.26s/it] 38%|███▊      | 168/442 [03:12<06:37,  1.45s/it] 38%|███▊      | 169/442 [03:14<07:21,  1.62s/it] 38%|███▊      | 170/442 [03:16<07:34,  1.67s/it] 39%|███▊      | 171/442 [03:17<07:16,  1.61s/it] 39%|███▉      | 172/442 [03:19<07:27,  1.66s/it] 39%|███▉      | 173/442 [03:21<08:19,  1.86s/it] 39%|███▉      | 174/442 [03:22<07:06,  1.59s/it] 40%|███▉      | 175/442 [03:23<06:02,  1.36s/it] 40%|███▉      | 176/442 [03:24<05:20,  1.20s/it] 40%|████      | 177/442 [03:25<05:03,  1.14s/it] 40%|████      | 178/442 [03:27<06:15,  1.42s/it] 40%|████      | 179/442 [03:29<07:07,  1.62s/it] 41%|████      | 180/442 [03:30<05:55,  1.36s/it] 41%|████      | 181/442 [03:31<05:26,  1.25s/it] 41%|████      | 182/442 [03:32<04:57,  1.14s/it] 41%|████▏     | 183/442 [03:33<04:37,  1.07s/it] 42%|████▏     | 184/442 [03:35<05:51,  1.36s/it] 42%|████▏     | 185/442 [03:37<06:53,  1.61s/it] 42%|████▏     | 186/442 [03:38<06:05,  1.43s/it] 42%|████▏     | 187/442 [03:39<05:13,  1.23s/it] 43%|████▎     | 188/442 [03:40<04:51,  1.15s/it] 43%|████▎     | 189/442 [03:41<04:28,  1.06s/it] 43%|████▎     | 190/442 [03:41<04:10,  1.01it/s] 43%|████▎     | 191/442 [03:43<05:16,  1.26s/it] 43%|████▎     | 192/442 [03:46<06:34,  1.58s/it] 44%|████▎     | 193/442 [03:46<05:36,  1.35s/it] 44%|████▍     | 194/442 [03:47<05:09,  1.25s/it] 44%|████▍     | 195/442 [03:50<06:11,  1.51s/it] 44%|████▍     | 196/442 [03:52<07:07,  1.74s/it] 45%|████▍     | 197/442 [03:53<06:07,  1.50s/it] 45%|████▍     | 198/442 [03:54<05:15,  1.29s/it] 45%|████▌     | 199/442 [03:54<04:35,  1.14s/it] 45%|████▌     | 200/442 [03:56<04:34,  1.14s/it] 45%|████▌     | 201/442 [03:57<05:26,  1.35s/it] 46%|████▌     | 202/442 [03:59<05:33,  1.39s/it] 46%|████▌     | 203/442 [04:01<06:56,  1.74s/it] 46%|████▌     | 204/442 [04:02<05:36,  1.42s/it] 46%|████▋     | 205/442 [04:03<04:51,  1.23s/it] 47%|████▋     | 206/442 [04:04<05:10,  1.32s/it] 47%|████▋     | 207/442 [04:05<04:26,  1.13s/it] 47%|████▋     | 208/442 [04:08<06:10,  1.58s/it] 47%|████▋     | 209/442 [04:09<05:49,  1.50s/it] 48%|████▊     | 210/442 [04:11<06:25,  1.66s/it] 48%|████▊     | 211/442 [04:12<05:15,  1.37s/it] 48%|████▊     | 212/442 [04:13<04:38,  1.21s/it] 48%|████▊     | 213/442 [04:15<05:58,  1.57s/it] 48%|████▊     | 214/442 [04:18<07:39,  2.02s/it] 49%|████▊     | 215/442 [04:20<07:49,  2.07s/it] 49%|████▉     | 216/442 [04:21<06:15,  1.66s/it] 49%|████▉     | 217/442 [04:22<05:12,  1.39s/it] 49%|████▉     | 218/442 [04:23<04:48,  1.29s/it] 50%|████▉     | 219/442 [04:25<06:13,  1.67s/it] 50%|████▉     | 220/442 [04:26<05:06,  1.38s/it] 50%|█████     | 221/442 [04:27<04:27,  1.21s/it] 50%|█████     | 222/442 [04:28<04:27,  1.22s/it] 50%|█████     | 223/442 [04:30<05:24,  1.48s/it] 51%|█████     | 224/442 [04:32<05:50,  1.61s/it] 51%|█████     | 225/442 [04:33<05:04,  1.40s/it] 51%|█████     | 226/442 [04:34<04:22,  1.21s/it] 51%|█████▏    | 227/442 [04:35<03:51,  1.08s/it] 52%|█████▏    | 228/442 [04:36<04:05,  1.15s/it] 52%|█████▏    | 229/442 [04:37<04:22,  1.23s/it] 52%|█████▏    | 230/442 [04:38<04:09,  1.18s/it] 52%|█████▏    | 231/442 [04:39<04:02,  1.15s/it] 52%|█████▏    | 232/442 [04:41<04:07,  1.18s/it] 53%|█████▎    | 233/442 [04:42<04:46,  1.37s/it] 53%|█████▎    | 234/442 [04:43<04:08,  1.19s/it] 53%|█████▎    | 235/442 [04:44<03:51,  1.12s/it] 53%|█████▎    | 236/442 [04:45<03:31,  1.03s/it] 54%|█████▎    | 237/442 [04:46<03:28,  1.02s/it] 54%|█████▍    | 238/442 [04:47<03:38,  1.07s/it] 54%|█████▍    | 239/442 [04:48<03:43,  1.10s/it] 54%|█████▍    | 240/442 [04:50<04:09,  1.24s/it] 55%|█████▍    | 241/442 [04:51<03:45,  1.12s/it] 55%|█████▍    | 242/442 [04:53<04:23,  1.32s/it] 55%|█████▍    | 243/442 [04:54<04:04,  1.23s/it] 55%|█████▌    | 244/442 [04:55<04:38,  1.41s/it] 55%|█████▌    | 245/442 [04:58<05:44,  1.75s/it] 56%|█████▌    | 246/442 [04:59<04:39,  1.43s/it] 56%|█████▌    | 247/442 [05:00<04:12,  1.29s/it] 56%|█████▌    | 248/442 [05:01<04:16,  1.32s/it] 56%|█████▋    | 249/442 [05:03<04:37,  1.44s/it] 57%|█████▋    | 250/442 [05:04<04:38,  1.45s/it] 57%|█████▋    | 251/442 [05:05<03:56,  1.24s/it] 57%|█████▋    | 252/442 [05:07<04:39,  1.47s/it] 57%|█████▋    | 253/442 [05:09<05:10,  1.65s/it] 57%|█████▋    | 254/442 [05:10<05:00,  1.60s/it] 58%|█████▊    | 255/442 [05:11<04:08,  1.33s/it] 58%|█████▊    | 256/442 [05:12<03:32,  1.14s/it] 58%|█████▊    | 257/442 [05:13<03:30,  1.14s/it] 58%|█████▊    | 258/442 [05:14<03:19,  1.09s/it] 59%|█████▊    | 259/442 [05:15<03:21,  1.10s/it] 59%|█████▉    | 260/442 [05:16<02:56,  1.03it/s] 59%|█████▉    | 261/442 [05:16<02:38,  1.14it/s] 59%|█████▉    | 262/442 [05:18<03:03,  1.02s/it] 60%|█████▉    | 263/442 [05:20<04:01,  1.35s/it] 60%|█████▉    | 264/442 [05:21<03:45,  1.26s/it] 60%|█████▉    | 265/442 [05:22<03:31,  1.20s/it] 60%|██████    | 266/442 [05:24<03:56,  1.34s/it] 60%|██████    | 267/442 [05:25<03:33,  1.22s/it] 61%|██████    | 268/442 [05:25<03:07,  1.08s/it] 61%|██████    | 269/442 [05:26<02:46,  1.04it/s] 61%|██████    | 270/442 [05:27<02:44,  1.04it/s] 61%|██████▏   | 271/442 [05:28<02:30,  1.14it/s] 62%|██████▏   | 272/442 [05:29<02:33,  1.11it/s] 62%|██████▏   | 273/442 [05:29<02:24,  1.17it/s] 62%|██████▏   | 274/442 [05:30<02:23,  1.17it/s] 62%|██████▏   | 275/442 [05:32<03:05,  1.11s/it] 62%|██████▏   | 276/442 [05:33<02:44,  1.01it/s] 63%|██████▎   | 277/442 [05:33<02:31,  1.09it/s] 63%|██████▎   | 278/442 [05:35<02:59,  1.09s/it] 63%|██████▎   | 279/442 [05:36<02:39,  1.02it/s] 63%|██████▎   | 280/442 [05:36<02:30,  1.08it/s] 64%|██████▎   | 281/442 [05:37<02:19,  1.15it/s] 64%|██████▍   | 282/442 [05:38<02:18,  1.15it/s] 64%|██████▍   | 283/442 [05:39<02:12,  1.20it/s] 64%|██████▍   | 284/442 [05:40<02:21,  1.12it/s] 64%|██████▍   | 285/442 [05:41<02:11,  1.19it/s] 65%|██████▍   | 286/442 [05:41<02:07,  1.23it/s] 65%|██████▍   | 287/442 [05:42<02:01,  1.27it/s] 65%|██████▌   | 288/442 [05:43<01:57,  1.31it/s] 65%|██████▌   | 289/442 [05:44<01:58,  1.30it/s] 66%|██████▌   | 290/442 [05:44<01:52,  1.35it/s] 66%|██████▌   | 291/442 [05:45<02:09,  1.17it/s] 66%|██████▌   | 292/442 [05:46<02:02,  1.23it/s] 66%|██████▋   | 293/442 [05:47<02:07,  1.16it/s] 67%|██████▋   | 294/442 [05:48<02:01,  1.22it/s] 67%|██████▋   | 295/442 [05:49<02:00,  1.22it/s] 67%|██████▋   | 296/442 [05:50<02:38,  1.08s/it] 67%|██████▋   | 297/442 [05:51<02:21,  1.02it/s] 67%|██████▋   | 298/442 [05:52<02:14,  1.07it/s] 68%|██████▊   | 299/442 [05:52<02:01,  1.17it/s] 68%|██████▊   | 300/442 [05:53<01:54,  1.24it/s] 68%|██████▊   | 301/442 [05:54<02:03,  1.14it/s] 68%|██████▊   | 302/442 [05:55<01:57,  1.19it/s] 69%|██████▊   | 303/442 [05:56<01:54,  1.22it/s] 69%|██████▉   | 304/442 [05:57<02:07,  1.08it/s] 69%|██████▉   | 305/442 [05:58<02:06,  1.08it/s] 69%|██████▉   | 306/442 [05:59<02:02,  1.11it/s] 69%|██████▉   | 307/442 [06:00<02:07,  1.06it/s] 70%|██████▉   | 308/442 [06:00<01:59,  1.12it/s] 70%|██████▉   | 309/442 [06:01<01:57,  1.13it/s] 70%|███████   | 310/442 [06:02<01:50,  1.19it/s] 70%|███████   | 311/442 [06:03<01:49,  1.20it/s] 71%|███████   | 312/442 [06:04<01:56,  1.12it/s] 71%|███████   | 313/442 [06:05<01:48,  1.19it/s] 71%|███████   | 314/442 [06:05<01:43,  1.24it/s] 71%|███████▏  | 315/442 [06:06<01:40,  1.26it/s] 71%|███████▏  | 316/442 [06:07<01:38,  1.28it/s] 72%|███████▏  | 317/442 [06:08<01:39,  1.26it/s] 72%|███████▏  | 318/442 [06:08<01:36,  1.28it/s] 72%|███████▏  | 319/442 [06:09<01:41,  1.21it/s] 72%|███████▏  | 320/442 [06:10<01:42,  1.19it/s] 73%|███████▎  | 321/442 [06:11<01:38,  1.22it/s] 73%|███████▎  | 322/442 [06:12<01:36,  1.24it/s] 73%|███████▎  | 323/442 [06:13<01:41,  1.18it/s] 73%|███████▎  | 324/442 [06:14<01:37,  1.20it/s] 74%|███████▎  | 325/442 [06:14<01:35,  1.23it/s] 74%|███████▍  | 326/442 [06:15<01:31,  1.27it/s] 74%|███████▍  | 327/442 [06:16<01:30,  1.26it/s] 74%|███████▍  | 328/442 [06:17<01:27,  1.30it/s] 74%|███████▍  | 329/442 [06:18<01:37,  1.16it/s] 75%|███████▍  | 330/442 [06:18<01:31,  1.23it/s] 75%|███████▍  | 331/442 [06:19<01:27,  1.26it/s] 75%|███████▌  | 332/442 [06:20<01:26,  1.28it/s] 75%|███████▌  | 333/442 [06:21<01:31,  1.19it/s] 76%|███████▌  | 334/442 [06:22<01:34,  1.14it/s] 76%|███████▌  | 335/442 [06:23<01:40,  1.07it/s] 76%|███████▌  | 336/442 [06:24<01:34,  1.12it/s] 76%|███████▌  | 337/442 [06:24<01:28,  1.19it/s] 76%|███████▋  | 338/442 [06:25<01:26,  1.20it/s] 77%|███████▋  | 339/442 [06:26<01:29,  1.16it/s] 77%|███████▋  | 340/442 [06:27<01:30,  1.13it/s] 77%|███████▋  | 341/442 [06:28<01:36,  1.05it/s] 77%|███████▋  | 342/442 [06:29<01:33,  1.07it/s] 78%|███████▊  | 343/442 [06:30<01:28,  1.12it/s] 78%|███████▊  | 344/442 [06:30<01:19,  1.23it/s] 78%|███████▊  | 345/442 [06:32<01:27,  1.10it/s] 78%|███████▊  | 346/442 [06:33<01:34,  1.01it/s] 79%|███████▊  | 347/442 [06:34<01:27,  1.08it/s] 79%|███████▊  | 348/442 [06:34<01:24,  1.11it/s] 79%|███████▉  | 349/442 [06:35<01:17,  1.20it/s] 79%|███████▉  | 350/442 [06:36<01:12,  1.27it/s] 79%|███████▉  | 351/442 [06:37<01:21,  1.12it/s] 80%|███████▉  | 352/442 [06:38<01:22,  1.09it/s] 80%|███████▉  | 353/442 [06:39<01:19,  1.12it/s] 80%|████████  | 354/442 [06:39<01:15,  1.17it/s] 80%|████████  | 355/442 [06:41<01:18,  1.11it/s] 81%|████████  | 356/442 [06:41<01:14,  1.16it/s] 81%|████████  | 357/442 [06:42<01:16,  1.11it/s] 81%|████████  | 358/442 [06:43<01:09,  1.20it/s] 81%|████████  | 359/442 [06:44<01:06,  1.24it/s] 81%|████████▏ | 360/442 [06:45<01:07,  1.22it/s] 82%|████████▏ | 361/442 [06:45<01:02,  1.31it/s] 82%|████████▏ | 362/442 [06:46<01:14,  1.08it/s] 82%|████████▏ | 363/442 [06:47<01:09,  1.14it/s] 82%|████████▏ | 364/442 [06:48<01:06,  1.17it/s] 83%|████████▎ | 365/442 [06:49<01:04,  1.20it/s] 83%|████████▎ | 366/442 [06:50<01:05,  1.16it/s] 83%|████████▎ | 367/442 [06:51<01:04,  1.16it/s] 83%|████████▎ | 368/442 [06:51<01:00,  1.22it/s] 83%|████████▎ | 369/442 [06:52<00:56,  1.28it/s] 84%|████████▎ | 370/442 [06:53<00:55,  1.30it/s] 84%|████████▍ | 371/442 [06:54<00:54,  1.30it/s] 84%|████████▍ | 372/442 [06:55<01:04,  1.08it/s] 84%|████████▍ | 373/442 [06:56<01:00,  1.14it/s] 85%|████████▍ | 374/442 [06:56<00:57,  1.17it/s] 85%|████████▍ | 375/442 [06:57<00:54,  1.24it/s] 85%|████████▌ | 376/442 [06:58<00:51,  1.27it/s] 85%|████████▌ | 377/442 [06:59<00:53,  1.21it/s] 86%|████████▌ | 378/442 [07:00<00:54,  1.17it/s] 86%|████████▌ | 379/442 [07:00<00:52,  1.21it/s] 86%|████████▌ | 380/442 [07:01<00:49,  1.24it/s] 86%|████████▌ | 381/442 [07:02<00:49,  1.23it/s] 86%|████████▋ | 382/442 [07:03<00:46,  1.28it/s] 87%|████████▋ | 383/442 [07:03<00:44,  1.34it/s] 87%|████████▋ | 384/442 [07:05<00:52,  1.11it/s] 87%|████████▋ | 385/442 [07:05<00:50,  1.13it/s] 87%|████████▋ | 386/442 [07:06<00:46,  1.20it/s] 88%|████████▊ | 387/442 [07:07<00:50,  1.09it/s] 88%|████████▊ | 388/442 [07:09<00:56,  1.05s/it] 88%|████████▊ | 389/442 [07:10<01:01,  1.17s/it] 88%|████████▊ | 390/442 [07:11<00:58,  1.13s/it] 88%|████████▊ | 391/442 [07:13<01:03,  1.25s/it] 89%|████████▊ | 392/442 [07:13<00:53,  1.07s/it] 89%|████████▉ | 393/442 [07:14<00:50,  1.02s/it] 89%|████████▉ | 394/442 [07:16<01:00,  1.26s/it] 89%|████████▉ | 395/442 [07:18<01:04,  1.37s/it] 90%|████████▉ | 396/442 [07:19<00:59,  1.30s/it] 90%|████████▉ | 397/442 [07:20<00:50,  1.13s/it] 90%|█████████ | 398/442 [07:20<00:47,  1.07s/it] 90%|█████████ | 399/442 [07:21<00:45,  1.05s/it] 90%|█████████ | 400/442 [07:22<00:38,  1.08it/s] 91%|█████████ | 401/442 [07:23<00:36,  1.12it/s] 91%|█████████ | 402/442 [07:24<00:33,  1.20it/s] 91%|█████████ | 403/442 [07:24<00:30,  1.28it/s] 91%|█████████▏| 404/442 [07:26<00:35,  1.06it/s] 92%|█████████▏| 405/442 [07:27<00:34,  1.07it/s] 92%|█████████▏| 406/442 [07:27<00:32,  1.10it/s] 92%|█████████▏| 407/442 [07:28<00:33,  1.06it/s] 92%|█████████▏| 408/442 [07:29<00:32,  1.03it/s] 93%|█████████▎| 409/442 [07:30<00:31,  1.05it/s] 93%|█████████▎| 410/442 [07:31<00:32,  1.01s/it] 93%|█████████▎| 411/442 [07:33<00:31,  1.03s/it] 93%|█████████▎| 412/442 [07:33<00:29,  1.03it/s] 93%|█████████▎| 413/442 [07:34<00:26,  1.11it/s] 94%|█████████▎| 414/442 [07:35<00:23,  1.19it/s] 94%|█████████▍| 415/442 [07:36<00:21,  1.24it/s] 94%|█████████▍| 416/442 [07:36<00:21,  1.18it/s] 94%|█████████▍| 417/442 [07:37<00:19,  1.25it/s] 95%|█████████▍| 418/442 [07:38<00:18,  1.31it/s] 95%|█████████▍| 419/442 [07:39<00:18,  1.25it/s] 95%|█████████▌| 420/442 [07:40<00:17,  1.26it/s] 95%|█████████▌| 421/442 [07:40<00:15,  1.33it/s] 95%|█████████▌| 422/442 [07:41<00:16,  1.19it/s] 96%|█████████▌| 423/442 [07:42<00:15,  1.25it/s] 96%|█████████▌| 424/442 [07:43<00:13,  1.31it/s] 96%|█████████▌| 425/442 [07:43<00:13,  1.31it/s] 96%|█████████▋| 426/442 [07:44<00:12,  1.33it/s] 97%|█████████▋| 427/442 [07:45<00:11,  1.30it/s] 97%|█████████▋| 428/442 [07:46<00:10,  1.28it/s] 97%|█████████▋| 429/442 [07:47<00:10,  1.20it/s] 97%|█████████▋| 430/442 [07:47<00:09,  1.26it/s] 98%|█████████▊| 431/442 [07:48<00:08,  1.25it/s] 98%|█████████▊| 432/442 [07:49<00:07,  1.26it/s] 98%|█████████▊| 433/442 [07:50<00:06,  1.30it/s] 98%|█████████▊| 434/442 [07:51<00:06,  1.24it/s] 98%|█████████▊| 435/442 [07:52<00:06,  1.10it/s] 99%|█████████▊| 436/442 [07:53<00:06,  1.09s/it] 99%|█████████▉| 437/442 [07:54<00:05,  1.03s/it] 99%|█████████▉| 438/442 [07:55<00:03,  1.03it/s] 99%|█████████▉| 439/442 [07:56<00:02,  1.13it/s]100%|█████████▉| 440/442 [07:57<00:01,  1.06it/s]100%|█████████▉| 441/442 [07:57<00:00,  1.15it/s]100%|██████████| 442/442 [07:58<00:00,  1.17it/s]100%|██████████| 442/442 [07:58<00:00,  1.08s/it]
Calculating RVL tensor:   0%|          | 0/442 [00:00<?, ?it/s]Calculating RVL tensor:   0%|          | 2/442 [00:00<00:36, 11.92it/s]Calculating RVL tensor:   1%|          | 5/442 [00:00<00:23, 18.59it/s]Calculating RVL tensor:   2%|▏         | 9/442 [00:00<00:21, 19.85it/s]Calculating RVL tensor:   3%|▎         | 13/442 [00:00<00:17, 23.97it/s]Calculating RVL tensor:   4%|▍         | 17/442 [00:00<00:15, 26.92it/s]Calculating RVL tensor:   5%|▍         | 20/442 [00:00<00:17, 24.37it/s]Calculating RVL tensor:   5%|▌         | 24/442 [00:01<00:18, 22.44it/s]Calculating RVL tensor:   6%|▌         | 27/442 [00:01<00:19, 21.47it/s]Calculating RVL tensor:   7%|▋         | 30/442 [00:01<00:26, 15.33it/s]Calculating RVL tensor:   8%|▊         | 34/442 [00:01<00:20, 19.53it/s]Calculating RVL tensor:   9%|▊         | 38/442 [00:01<00:19, 21.25it/s]Calculating RVL tensor:   9%|▉         | 41/442 [00:01<00:18, 21.21it/s]Calculating RVL tensor:  10%|█         | 45/442 [00:02<00:16, 24.45it/s]Calculating RVL tensor:  11%|█         | 49/442 [00:02<00:14, 26.24it/s]Calculating RVL tensor:  12%|█▏        | 52/442 [00:02<00:18, 20.82it/s]Calculating RVL tensor:  12%|█▏        | 55/442 [00:02<00:17, 21.51it/s]Calculating RVL tensor:  13%|█▎        | 58/442 [00:02<00:16, 22.92it/s]Calculating RVL tensor:  14%|█▍        | 61/442 [00:02<00:18, 21.01it/s]Calculating RVL tensor:  14%|█▍        | 64/442 [00:03<00:20, 18.28it/s]Calculating RVL tensor:  15%|█▍        | 66/442 [00:03<00:26, 14.01it/s]Calculating RVL tensor:  16%|█▌        | 69/442 [00:03<00:22, 16.82it/s]Calculating RVL tensor:  17%|█▋        | 73/442 [00:03<00:21, 17.06it/s]Calculating RVL tensor:  17%|█▋        | 77/442 [00:03<00:20, 18.18it/s]Calculating RVL tensor:  18%|█▊        | 79/442 [00:04<00:23, 15.55it/s]Calculating RVL tensor:  19%|█▊        | 82/442 [00:04<00:28, 12.51it/s]Calculating RVL tensor:  19%|█▉        | 84/442 [00:04<00:32, 11.18it/s]Calculating RVL tensor:  20%|█▉        | 88/442 [00:04<00:22, 15.47it/s]Calculating RVL tensor:  21%|██        | 91/442 [00:04<00:21, 16.43it/s]Calculating RVL tensor:  21%|██▏       | 94/442 [00:05<00:25, 13.55it/s]Calculating RVL tensor:  22%|██▏       | 98/442 [00:05<00:19, 17.60it/s]Calculating RVL tensor:  23%|██▎       | 101/442 [00:05<00:18, 18.32it/s]Calculating RVL tensor:  24%|██▎       | 104/442 [00:05<00:24, 13.67it/s]Calculating RVL tensor:  24%|██▍       | 107/442 [00:06<00:25, 12.89it/s]Calculating RVL tensor:  25%|██▍       | 110/442 [00:06<00:21, 15.42it/s]Calculating RVL tensor:  26%|██▌       | 113/442 [00:06<00:20, 15.69it/s]Calculating RVL tensor:  26%|██▌       | 116/442 [00:06<00:29, 10.91it/s]Calculating RVL tensor:  27%|██▋       | 119/442 [00:07<00:26, 12.27it/s]Calculating RVL tensor:  27%|██▋       | 121/442 [00:07<00:26, 11.96it/s]Calculating RVL tensor:  28%|██▊       | 123/442 [00:07<00:33,  9.57it/s]Calculating RVL tensor:  28%|██▊       | 125/442 [00:07<00:32,  9.62it/s]Calculating RVL tensor:  29%|██▉       | 128/442 [00:07<00:26, 11.96it/s]Calculating RVL tensor:  29%|██▉       | 130/442 [00:08<00:49,  6.32it/s]Calculating RVL tensor:  30%|██▉       | 132/442 [00:08<00:45,  6.80it/s]Calculating RVL tensor:  31%|███       | 135/442 [00:09<00:36,  8.38it/s]Calculating RVL tensor:  31%|███       | 137/442 [00:09<01:00,  5.05it/s]Calculating RVL tensor:  32%|███▏      | 140/442 [00:10<00:42,  7.03it/s]Calculating RVL tensor:  32%|███▏      | 142/442 [00:10<00:36,  8.26it/s]Calculating RVL tensor:  33%|███▎      | 144/442 [00:10<00:50,  5.87it/s]Calculating RVL tensor:  34%|███▎      | 149/442 [00:10<00:30,  9.66it/s]Calculating RVL tensor:  34%|███▍      | 151/442 [00:11<00:39,  7.32it/s]Calculating RVL tensor:  35%|███▍      | 153/442 [00:12<00:55,  5.25it/s]Calculating RVL tensor:  35%|███▍      | 154/442 [00:12<00:53,  5.37it/s]Calculating RVL tensor:  35%|███▌      | 156/442 [00:12<00:43,  6.60it/s]Calculating RVL tensor:  36%|███▌      | 158/442 [00:12<00:50,  5.59it/s]Calculating RVL tensor:  36%|███▌      | 159/442 [00:13<00:53,  5.33it/s]Calculating RVL tensor:  36%|███▋      | 161/442 [00:13<00:39,  7.05it/s]Calculating RVL tensor:  37%|███▋      | 163/442 [00:13<00:42,  6.59it/s]Calculating RVL tensor:  37%|███▋      | 164/442 [00:13<00:48,  5.68it/s]Calculating RVL tensor:  38%|███▊      | 167/442 [00:14<00:35,  7.85it/s]Calculating RVL tensor:  38%|███▊      | 168/442 [00:14<00:39,  6.98it/s]Calculating RVL tensor:  38%|███▊      | 169/442 [00:14<00:47,  5.80it/s]Calculating RVL tensor:  38%|███▊      | 170/442 [00:14<00:50,  5.34it/s]Calculating RVL tensor:  39%|███▊      | 171/442 [00:15<00:49,  5.52it/s]Calculating RVL tensor:  39%|███▉      | 172/442 [00:15<00:46,  5.80it/s]Calculating RVL tensor:  39%|███▉      | 173/442 [00:15<01:05,  4.09it/s]Calculating RVL tensor:  40%|███▉      | 176/442 [00:15<00:36,  7.37it/s]Calculating RVL tensor:  40%|████      | 178/442 [00:16<00:39,  6.60it/s]Calculating RVL tensor:  40%|████      | 179/442 [00:16<00:53,  4.89it/s]Calculating RVL tensor:  41%|████      | 182/442 [00:16<00:33,  7.83it/s]Calculating RVL tensor:  42%|████▏     | 184/442 [00:17<00:38,  6.64it/s]Calculating RVL tensor:  42%|████▏     | 186/442 [00:17<00:39,  6.49it/s]Calculating RVL tensor:  43%|████▎     | 189/442 [00:17<00:27,  9.15it/s]Calculating RVL tensor:  43%|████▎     | 191/442 [00:17<00:32,  7.74it/s]Calculating RVL tensor:  44%|████▎     | 193/442 [00:18<00:35,  7.02it/s]Calculating RVL tensor:  44%|████▍     | 195/442 [00:18<00:40,  6.17it/s]Calculating RVL tensor:  44%|████▍     | 196/442 [00:19<00:49,  4.99it/s]Calculating RVL tensor:  45%|████▌     | 200/442 [00:19<00:30,  7.91it/s]Calculating RVL tensor:  46%|████▌     | 202/442 [00:19<00:35,  6.83it/s]Calculating RVL tensor:  46%|████▌     | 203/442 [00:20<00:50,  4.73it/s]Calculating RVL tensor:  47%|████▋     | 206/442 [00:20<00:35,  6.72it/s]Calculating RVL tensor:  47%|████▋     | 208/442 [00:21<01:00,  3.87it/s]Calculating RVL tensor:  47%|████▋     | 209/442 [00:21<00:56,  4.13it/s]Calculating RVL tensor:  48%|████▊     | 210/442 [00:21<00:57,  4.06it/s]Calculating RVL tensor:  48%|████▊     | 213/442 [00:22<00:51,  4.43it/s]Calculating RVL tensor:  48%|████▊     | 214/442 [00:22<01:00,  3.79it/s]Calculating RVL tensor:  49%|████▊     | 215/442 [00:23<01:01,  3.72it/s]Calculating RVL tensor:  50%|████▉     | 219/442 [00:23<00:46,  4.77it/s]Calculating RVL tensor:  50%|█████     | 222/442 [00:23<00:32,  6.77it/s]Calculating RVL tensor:  51%|█████     | 224/442 [00:24<00:39,  5.56it/s]Calculating RVL tensor:  51%|█████▏    | 227/442 [00:24<00:27,  7.74it/s]Calculating RVL tensor:  52%|█████▏    | 229/442 [00:24<00:27,  7.71it/s]Calculating RVL tensor:  52%|█████▏    | 231/442 [00:25<00:23,  8.87it/s]Calculating RVL tensor:  53%|█████▎    | 233/442 [00:25<00:24,  8.68it/s]Calculating RVL tensor:  54%|█████▎    | 237/442 [00:25<00:15, 12.95it/s]Calculating RVL tensor:  54%|█████▍    | 239/442 [00:25<00:14, 13.67it/s]Calculating RVL tensor:  55%|█████▍    | 241/442 [00:25<00:15, 13.30it/s]Calculating RVL tensor:  55%|█████▍    | 243/442 [00:25<00:17, 11.26it/s]Calculating RVL tensor:  55%|█████▌    | 245/442 [00:26<00:33,  5.94it/s]Calculating RVL tensor:  56%|█████▌    | 248/442 [00:26<00:25,  7.55it/s]Calculating RVL tensor:  57%|█████▋    | 250/442 [00:27<00:27,  6.88it/s]Calculating RVL tensor:  57%|█████▋    | 252/442 [00:27<00:25,  7.45it/s]Calculating RVL tensor:  57%|█████▋    | 253/442 [00:27<00:31,  5.94it/s]Calculating RVL tensor:  57%|█████▋    | 254/442 [00:27<00:30,  6.12it/s]Calculating RVL tensor:  58%|█████▊    | 258/442 [00:28<00:17, 10.42it/s]Calculating RVL tensor:  59%|█████▉    | 260/442 [00:28<00:15, 11.70it/s]Calculating RVL tensor:  60%|█████▉    | 263/442 [00:28<00:20,  8.71it/s]Calculating RVL tensor:  60%|█████▉    | 265/442 [00:28<00:18,  9.53it/s]Calculating RVL tensor:  60%|██████    | 267/442 [00:29<00:20,  8.46it/s]Calculating RVL tensor:  61%|██████    | 270/442 [00:29<00:15, 10.96it/s]Calculating RVL tensor:  62%|██████▏   | 275/442 [00:29<00:12, 12.86it/s]Calculating RVL tensor:  63%|██████▎   | 278/442 [00:29<00:11, 14.13it/s]Calculating RVL tensor:  64%|██████▍   | 283/442 [00:29<00:08, 19.84it/s]Calculating RVL tensor:  65%|██████▌   | 288/442 [00:29<00:06, 24.84it/s]Calculating RVL tensor:  66%|██████▌   | 292/442 [00:30<00:05, 27.33it/s]Calculating RVL tensor:  67%|██████▋   | 296/442 [00:30<00:06, 20.93it/s]Calculating RVL tensor:  68%|██████▊   | 301/442 [00:30<00:05, 25.05it/s]Calculating RVL tensor:  69%|██████▉   | 305/442 [00:30<00:05, 24.44it/s]Calculating RVL tensor:  70%|██████▉   | 308/442 [00:30<00:05, 25.31it/s]Calculating RVL tensor:  70%|███████   | 311/442 [00:30<00:04, 26.22it/s]Calculating RVL tensor:  71%|███████▏  | 316/442 [00:31<00:04, 30.13it/s]Calculating RVL tensor:  72%|███████▏  | 320/442 [00:31<00:04, 30.22it/s]Calculating RVL tensor:  73%|███████▎  | 324/442 [00:31<00:03, 29.63it/s]Calculating RVL tensor:  74%|███████▍  | 328/442 [00:31<00:03, 29.06it/s]Calculating RVL tensor:  75%|███████▍  | 331/442 [00:31<00:03, 28.96it/s]Calculating RVL tensor:  76%|███████▌  | 334/442 [00:31<00:03, 28.54it/s]Calculating RVL tensor:  76%|███████▌  | 337/442 [00:31<00:04, 25.27it/s]Calculating RVL tensor:  77%|███████▋  | 340/442 [00:31<00:04, 25.16it/s]Calculating RVL tensor:  78%|███████▊  | 343/442 [00:32<00:04, 22.46it/s]Calculating RVL tensor:  78%|███████▊  | 346/442 [00:32<00:05, 16.74it/s]Calculating RVL tensor:  79%|███████▉  | 350/442 [00:32<00:04, 20.00it/s]Calculating RVL tensor:  80%|███████▉  | 353/442 [00:32<00:04, 19.82it/s]Calculating RVL tensor:  81%|████████  | 356/442 [00:32<00:04, 21.38it/s]Calculating RVL tensor:  81%|████████▏ | 360/442 [00:32<00:03, 23.85it/s]Calculating RVL tensor:  82%|████████▏ | 363/442 [00:33<00:03, 22.27it/s]Calculating RVL tensor:  83%|████████▎ | 367/442 [00:33<00:02, 25.38it/s]Calculating RVL tensor:  84%|████████▍ | 371/442 [00:33<00:02, 28.59it/s]Calculating RVL tensor:  85%|████████▍ | 375/442 [00:33<00:02, 23.97it/s]Calculating RVL tensor:  86%|████████▌ | 378/442 [00:33<00:02, 24.90it/s]Calculating RVL tensor:  86%|████████▌ | 381/442 [00:33<00:02, 25.81it/s]Calculating RVL tensor:  87%|████████▋ | 384/442 [00:33<00:02, 25.12it/s]Calculating RVL tensor:  88%|████████▊ | 387/442 [00:33<00:02, 24.10it/s]Calculating RVL tensor:  88%|████████▊ | 390/442 [00:34<00:02, 19.18it/s]Calculating RVL tensor:  89%|████████▉ | 393/442 [00:34<00:02, 17.32it/s]Calculating RVL tensor:  89%|████████▉ | 395/442 [00:34<00:03, 13.59it/s]Calculating RVL tensor:  90%|█████████ | 398/442 [00:34<00:02, 15.64it/s]Calculating RVL tensor:  91%|█████████ | 402/442 [00:34<00:02, 19.90it/s]Calculating RVL tensor:  92%|█████████▏| 406/442 [00:35<00:01, 22.80it/s]Calculating RVL tensor:  93%|█████████▎| 409/442 [00:35<00:01, 22.29it/s]Calculating RVL tensor:  93%|█████████▎| 412/442 [00:35<00:01, 23.85it/s]Calculating RVL tensor:  94%|█████████▍| 417/442 [00:35<00:00, 27.99it/s]Calculating RVL tensor:  95%|█████████▌| 422/442 [00:35<00:00, 32.57it/s]Calculating RVL tensor:  97%|█████████▋| 427/442 [00:35<00:00, 34.97it/s]Calculating RVL tensor:  98%|█████████▊| 431/442 [00:35<00:00, 36.09it/s]Calculating RVL tensor:  98%|█████████▊| 435/442 [00:35<00:00, 29.48it/s]Calculating RVL tensor:  99%|█████████▉| 439/442 [00:36<00:00, 22.74it/s]Calculating RVL tensor: 100%|██████████| 442/442 [00:36<00:00, 12.17it/s]
Plotting refractory QC:   0%|          | 0/442 [00:00<?, ?it/s]Plotting refractory QC:   0%|          | 1/442 [00:00<04:44,  1.55it/s]Plotting refractory QC:   0%|          | 2/442 [00:01<04:36,  1.59it/s]Plotting refractory QC:   1%|          | 3/442 [00:01<04:21,  1.68it/s]Plotting refractory QC:   1%|          | 4/442 [00:02<04:59,  1.46it/s]Plotting refractory QC:   1%|          | 5/442 [00:03<04:43,  1.54it/s]Plotting refractory QC:   1%|▏         | 6/442 [00:03<04:36,  1.58it/s]Plotting refractory QC:   2%|▏         | 7/442 [00:04<04:23,  1.65it/s]Plotting refractory QC:   2%|▏         | 8/442 [00:04<04:18,  1.68it/s]Plotting refractory QC:   2%|▏         | 9/442 [00:05<04:15,  1.69it/s]Plotting refractory QC:   2%|▏         | 10/442 [00:06<04:17,  1.68it/s]Plotting refractory QC:   2%|▏         | 11/442 [00:06<04:13,  1.70it/s]Plotting refractory QC:   3%|▎         | 12/442 [00:07<04:58,  1.44it/s]Plotting refractory QC:   3%|▎         | 13/442 [00:08<04:33,  1.57it/s]Plotting refractory QC:   3%|▎         | 14/442 [00:08<04:19,  1.65it/s]Plotting refractory QC:   3%|▎         | 15/442 [00:09<04:07,  1.73it/s]Plotting refractory QC:   4%|▎         | 16/442 [00:09<04:02,  1.76it/s]Plotting refractory QC:   4%|▍         | 17/442 [00:10<04:05,  1.73it/s]Plotting refractory QC:   4%|▍         | 18/442 [00:10<03:59,  1.77it/s]Plotting refractory QC:   4%|▍         | 19/442 [00:11<04:40,  1.51it/s]Plotting refractory QC:   5%|▍         | 20/442 [00:12<04:28,  1.57it/s]Plotting refractory QC:   5%|▍         | 21/442 [00:12<04:22,  1.60it/s]Plotting refractory QC:   5%|▍         | 22/442 [00:13<04:15,  1.64it/s]Plotting refractory QC:   5%|▌         | 23/442 [00:14<04:14,  1.65it/s]Plotting refractory QC:   5%|▌         | 24/442 [00:14<04:07,  1.69it/s]Plotting refractory QC:   6%|▌         | 25/442 [00:15<04:00,  1.73it/s]Plotting refractory QC:   6%|▌         | 26/442 [00:15<04:00,  1.73it/s]Plotting refractory QC:   6%|▌         | 27/442 [00:16<04:39,  1.48it/s]Plotting refractory QC:   6%|▋         | 28/442 [00:17<04:27,  1.55it/s]Plotting refractory QC:   7%|▋         | 29/442 [00:17<04:15,  1.62it/s]Plotting refractory QC:   7%|▋         | 30/442 [00:18<04:20,  1.58it/s]Plotting refractory QC:   7%|▋         | 31/442 [00:19<04:03,  1.69it/s]Plotting refractory QC:   7%|▋         | 32/442 [00:19<04:02,  1.69it/s]Plotting refractory QC:   7%|▋         | 33/442 [00:20<04:08,  1.65it/s]Plotting refractory QC:   8%|▊         | 34/442 [00:20<04:04,  1.67it/s]Plotting refractory QC:   8%|▊         | 35/442 [00:21<04:42,  1.44it/s]Plotting refractory QC:   8%|▊         | 36/442 [00:22<04:25,  1.53it/s]Plotting refractory QC:   8%|▊         | 37/442 [00:22<04:16,  1.58it/s]Plotting refractory QC:   9%|▊         | 38/442 [00:23<04:14,  1.59it/s]Plotting refractory QC:   9%|▉         | 39/442 [00:24<04:14,  1.58it/s]Plotting refractory QC:   9%|▉         | 40/442 [00:24<04:09,  1.61it/s]Plotting refractory QC:   9%|▉         | 41/442 [00:25<04:06,  1.62it/s]Plotting refractory QC:  10%|▉         | 42/442 [00:26<04:38,  1.44it/s]Plotting refractory QC:  10%|▉         | 43/442 [00:26<04:25,  1.50it/s]Plotting refractory QC:  10%|▉         | 44/442 [00:27<04:12,  1.58it/s]Plotting refractory QC:  10%|█         | 45/442 [00:28<04:21,  1.52it/s]Plotting refractory QC:  10%|█         | 46/442 [00:28<04:07,  1.60it/s]Plotting refractory QC:  11%|█         | 47/442 [00:29<03:59,  1.65it/s]Plotting refractory QC:  11%|█         | 48/442 [00:29<03:49,  1.71it/s]Plotting refractory QC:  11%|█         | 49/442 [00:30<03:57,  1.66it/s]Plotting refractory QC:  11%|█▏        | 50/442 [00:31<04:39,  1.40it/s]Plotting refractory QC:  12%|█▏        | 51/442 [00:31<04:27,  1.46it/s]Plotting refractory QC:  12%|█▏        | 52/442 [00:32<04:10,  1.56it/s]Plotting refractory QC:  12%|█▏        | 53/442 [00:33<03:59,  1.62it/s]Plotting refractory QC:  12%|█▏        | 54/442 [00:33<03:56,  1.64it/s]Plotting refractory QC:  12%|█▏        | 55/442 [00:34<03:57,  1.63it/s]Plotting refractory QC:  13%|█▎        | 56/442 [00:34<03:59,  1.61it/s]Plotting refractory QC:  13%|█▎        | 57/442 [00:35<03:58,  1.61it/s]Plotting refractory QC:  13%|█▎        | 58/442 [00:36<04:33,  1.41it/s]Plotting refractory QC:  13%|█▎        | 59/442 [00:37<04:14,  1.51it/s]Plotting refractory QC:  14%|█▎        | 60/442 [00:37<04:04,  1.56it/s]Plotting refractory QC:  14%|█▍        | 61/442 [00:38<03:55,  1.61it/s]Plotting refractory QC:  14%|█▍        | 62/442 [00:38<03:52,  1.63it/s]Plotting refractory QC:  14%|█▍        | 63/442 [00:39<03:43,  1.70it/s]Plotting refractory QC:  14%|█▍        | 64/442 [00:39<03:38,  1.73it/s]Plotting refractory QC:  15%|█▍        | 65/442 [00:40<04:07,  1.52it/s]Plotting refractory QC:  15%|█▍        | 66/442 [00:41<04:09,  1.51it/s]Plotting refractory QC:  15%|█▌        | 67/442 [00:41<04:03,  1.54it/s]Plotting refractory QC:  15%|█▌        | 68/442 [00:42<03:48,  1.63it/s]Plotting refractory QC:  16%|█▌        | 69/442 [00:43<03:43,  1.67it/s]Plotting refractory QC:  16%|█▌        | 70/442 [00:43<03:41,  1.68it/s]Plotting refractory QC:  16%|█▌        | 71/442 [00:44<03:32,  1.75it/s]Plotting refractory QC:  16%|█▋        | 72/442 [00:44<03:32,  1.74it/s]Plotting refractory QC:  17%|█▋        | 73/442 [00:45<04:22,  1.41it/s]Plotting refractory QC:  17%|█▋        | 74/442 [00:46<04:13,  1.45it/s]Plotting refractory QC:  17%|█▋        | 75/442 [00:46<03:55,  1.56it/s]Plotting refractory QC:  17%|█▋        | 76/442 [00:47<03:43,  1.64it/s]Plotting refractory QC:  17%|█▋        | 77/442 [00:48<03:38,  1.67it/s]Plotting refractory QC:  18%|█▊        | 78/442 [00:48<03:37,  1.67it/s]Plotting refractory QC:  18%|█▊        | 79/442 [00:49<03:38,  1.67it/s]Plotting refractory QC:  18%|█▊        | 80/442 [00:49<03:29,  1.73it/s]Plotting refractory QC:  18%|█▊        | 81/442 [00:50<04:07,  1.46it/s]Plotting refractory QC:  19%|█▊        | 82/442 [00:51<03:55,  1.53it/s]Plotting refractory QC:  19%|█▉        | 83/442 [00:51<03:38,  1.64it/s]Plotting refractory QC:  19%|█▉        | 84/442 [00:52<03:30,  1.70it/s]Plotting refractory QC:  19%|█▉        | 85/442 [00:52<03:33,  1.67it/s]Plotting refractory QC:  19%|█▉        | 86/442 [00:53<03:32,  1.68it/s]Plotting refractory QC:  20%|█▉        | 87/442 [00:54<03:31,  1.68it/s]Plotting refractory QC:  20%|█▉        | 88/442 [00:54<03:29,  1.69it/s]Plotting refractory QC:  20%|██        | 89/442 [00:55<03:58,  1.48it/s]Plotting refractory QC:  20%|██        | 90/442 [00:56<03:44,  1.57it/s]Plotting refractory QC:  21%|██        | 91/442 [00:56<03:40,  1.59it/s]Plotting refractory QC:  21%|██        | 92/442 [00:57<03:27,  1.68it/s]Plotting refractory QC:  21%|██        | 93/442 [00:57<03:27,  1.68it/s]Plotting refractory QC:  21%|██▏       | 94/442 [00:58<03:26,  1.68it/s]Plotting refractory QC:  21%|██▏       | 95/442 [00:59<03:18,  1.74it/s]Plotting refractory QC:  22%|██▏       | 96/442 [00:59<03:22,  1.71it/s]Plotting refractory QC:  22%|██▏       | 97/442 [01:00<04:00,  1.43it/s]Plotting refractory QC:  22%|██▏       | 98/442 [01:01<03:51,  1.49it/s]Plotting refractory QC:  22%|██▏       | 99/442 [01:01<03:37,  1.58it/s]Plotting refractory QC:  23%|██▎       | 100/442 [01:02<03:35,  1.59it/s]Plotting refractory QC:  23%|██▎       | 101/442 [01:02<03:35,  1.58it/s]Plotting refractory QC:  23%|██▎       | 102/442 [01:03<03:30,  1.61it/s]Plotting refractory QC:  23%|██▎       | 103/442 [01:04<03:27,  1.63it/s]Plotting refractory QC:  24%|██▎       | 104/442 [01:05<04:08,  1.36it/s]Plotting refractory QC:  24%|██▍       | 105/442 [01:05<03:43,  1.51it/s]Plotting refractory QC:  24%|██▍       | 106/442 [01:06<03:31,  1.59it/s]Plotting refractory QC:  24%|██▍       | 107/442 [01:06<03:28,  1.61it/s]Plotting refractory QC:  24%|██▍       | 108/442 [01:07<03:25,  1.63it/s]Plotting refractory QC:  25%|██▍       | 109/442 [01:08<03:24,  1.63it/s]Plotting refractory QC:  25%|██▍       | 110/442 [01:08<03:18,  1.67it/s]Plotting refractory QC:  25%|██▌       | 111/442 [01:09<03:15,  1.69it/s]Plotting refractory QC:  25%|██▌       | 112/442 [01:10<03:51,  1.42it/s]Plotting refractory QC:  26%|██▌       | 113/442 [01:10<03:33,  1.54it/s]Plotting refractory QC:  26%|██▌       | 114/442 [01:11<03:20,  1.63it/s]Plotting refractory QC:  26%|██▌       | 115/442 [01:11<03:15,  1.67it/s]Plotting refractory QC:  26%|██▌       | 116/442 [01:12<03:22,  1.61it/s]Plotting refractory QC:  26%|██▋       | 117/442 [01:13<03:18,  1.64it/s]Plotting refractory QC:  27%|██▋       | 118/442 [01:13<03:30,  1.54it/s]Plotting refractory QC:  27%|██▋       | 119/442 [01:14<03:24,  1.58it/s]Plotting refractory QC:  27%|██▋       | 120/442 [01:15<03:45,  1.43it/s]Plotting refractory QC:  27%|██▋       | 121/442 [01:15<03:31,  1.52it/s]Plotting refractory QC:  28%|██▊       | 122/442 [01:16<03:24,  1.57it/s]Plotting refractory QC:  28%|██▊       | 123/442 [01:17<03:26,  1.54it/s]Plotting refractory QC:  28%|██▊       | 124/442 [01:17<03:20,  1.58it/s]Plotting refractory QC:  28%|██▊       | 125/442 [01:18<03:17,  1.61it/s]Plotting refractory QC:  29%|██▊       | 126/442 [01:18<03:21,  1.57it/s]Plotting refractory QC:  29%|██▊       | 127/442 [01:19<03:52,  1.36it/s]Plotting refractory QC:  29%|██▉       | 128/442 [01:20<03:38,  1.44it/s]Plotting refractory QC:  29%|██▉       | 129/442 [01:21<03:21,  1.55it/s]Plotting refractory QC:  29%|██▉       | 130/442 [01:21<03:22,  1.54it/s]Plotting refractory QC:  30%|██▉       | 131/442 [01:22<03:16,  1.58it/s]Plotting refractory QC:  30%|██▉       | 132/442 [01:22<03:15,  1.59it/s]Plotting refractory QC:  30%|███       | 133/442 [01:23<03:07,  1.65it/s]Plotting refractory QC:  30%|███       | 134/442 [01:23<02:59,  1.72it/s]Plotting refractory QC:  31%|███       | 135/442 [01:24<03:37,  1.41it/s]Plotting refractory QC:  31%|███       | 136/442 [01:25<03:40,  1.39it/s]Plotting refractory QC:  31%|███       | 137/442 [01:26<03:25,  1.48it/s]Plotting refractory QC:  31%|███       | 138/442 [01:26<03:18,  1.54it/s]Plotting refractory QC:  31%|███▏      | 139/442 [01:27<03:08,  1.61it/s]Plotting refractory QC:  32%|███▏      | 140/442 [01:28<03:13,  1.56it/s]Plotting refractory QC:  32%|███▏      | 141/442 [01:28<03:11,  1.57it/s]Plotting refractory QC:  32%|███▏      | 142/442 [01:29<03:10,  1.58it/s]Plotting refractory QC:  32%|███▏      | 143/442 [01:30<03:40,  1.36it/s]Plotting refractory QC:  33%|███▎      | 144/442 [01:30<03:22,  1.47it/s]Plotting refractory QC:  33%|███▎      | 145/442 [01:31<03:07,  1.58it/s]Plotting refractory QC:  33%|███▎      | 146/442 [01:32<03:04,  1.60it/s]Plotting refractory QC:  33%|███▎      | 147/442 [01:32<03:01,  1.63it/s]Plotting refractory QC:  33%|███▎      | 148/442 [01:33<02:59,  1.64it/s]Plotting refractory QC:  34%|███▎      | 149/442 [01:33<02:55,  1.67it/s]Plotting refractory QC:  34%|███▍      | 150/442 [01:34<02:55,  1.67it/s]Plotting refractory QC:  34%|███▍      | 151/442 [01:35<03:35,  1.35it/s]Plotting refractory QC:  34%|███▍      | 152/442 [01:36<03:19,  1.46it/s]Plotting refractory QC:  35%|███▍      | 153/442 [01:36<03:08,  1.53it/s]Plotting refractory QC:  35%|███▍      | 154/442 [01:37<03:01,  1.59it/s]Plotting refractory QC:  35%|███▌      | 155/442 [01:37<02:57,  1.62it/s]Plotting refractory QC:  35%|███▌      | 156/442 [01:38<02:55,  1.63it/s]Plotting refractory QC:  36%|███▌      | 157/442 [01:39<02:58,  1.60it/s]Plotting refractory QC:  36%|███▌      | 158/442 [01:39<02:56,  1.61it/s]Plotting refractory QC:  36%|███▌      | 159/442 [01:40<03:16,  1.44it/s]Plotting refractory QC:  36%|███▌      | 160/442 [01:41<03:02,  1.55it/s]Plotting refractory QC:  36%|███▋      | 161/442 [01:41<02:57,  1.58it/s]Plotting refractory QC:  37%|███▋      | 162/442 [01:42<02:54,  1.61it/s]Plotting refractory QC:  37%|███▋      | 163/442 [01:42<02:48,  1.65it/s]Plotting refractory QC:  37%|███▋      | 164/442 [01:43<02:52,  1.62it/s]Plotting refractory QC:  37%|███▋      | 165/442 [01:44<02:49,  1.63it/s]Plotting refractory QC:  38%|███▊      | 166/442 [01:44<02:49,  1.63it/s]Plotting refractory QC:  38%|███▊      | 167/442 [01:45<03:26,  1.33it/s]Plotting refractory QC:  38%|███▊      | 168/442 [01:46<03:13,  1.41it/s]Plotting refractory QC:  38%|███▊      | 169/442 [01:46<03:02,  1.50it/s]Plotting refractory QC:  38%|███▊      | 170/442 [01:47<03:04,  1.47it/s]Plotting refractory QC:  39%|███▊      | 171/442 [01:48<02:55,  1.54it/s]Plotting refractory QC:  39%|███▉      | 172/442 [01:48<02:54,  1.54it/s]Plotting refractory QC:  39%|███▉      | 173/442 [01:49<02:47,  1.61it/s]Plotting refractory QC:  39%|███▉      | 174/442 [01:50<03:13,  1.39it/s]Plotting refractory QC:  40%|███▉      | 175/442 [01:50<02:58,  1.50it/s]Plotting refractory QC:  40%|███▉      | 176/442 [01:51<02:43,  1.63it/s]Plotting refractory QC:  40%|████      | 177/442 [01:51<02:41,  1.64it/s]Plotting refractory QC:  40%|████      | 178/442 [01:52<02:41,  1.63it/s]Plotting refractory QC:  40%|████      | 179/442 [01:53<02:43,  1.61it/s]Plotting refractory QC:  41%|████      | 180/442 [01:53<02:39,  1.64it/s]Plotting refractory QC:  41%|████      | 181/442 [01:54<02:39,  1.64it/s]Plotting refractory QC:  41%|████      | 182/442 [01:55<03:04,  1.41it/s]Plotting refractory QC:  41%|████▏     | 183/442 [01:55<02:53,  1.49it/s]Plotting refractory QC:  42%|████▏     | 184/442 [01:56<02:46,  1.55it/s]Plotting refractory QC:  42%|████▏     | 185/442 [01:57<02:42,  1.58it/s]Plotting refractory QC:  42%|████▏     | 186/442 [01:57<02:38,  1.61it/s]Plotting refractory QC:  42%|████▏     | 187/442 [01:58<02:35,  1.64it/s]Plotting refractory QC:  43%|████▎     | 188/442 [01:58<02:35,  1.64it/s]Plotting refractory QC:  43%|████▎     | 189/442 [01:59<02:32,  1.66it/s]Plotting refractory QC:  43%|████▎     | 190/442 [02:00<02:59,  1.40it/s]Plotting refractory QC:  43%|████▎     | 191/442 [02:01<02:46,  1.51it/s]Plotting refractory QC:  43%|████▎     | 192/442 [02:01<02:41,  1.55it/s]Plotting refractory QC:  44%|████▎     | 193/442 [02:02<02:34,  1.61it/s]Plotting refractory QC:  44%|████▍     | 194/442 [02:02<02:32,  1.63it/s]Plotting refractory QC:  44%|████▍     | 195/442 [02:03<02:30,  1.65it/s]Plotting refractory QC:  44%|████▍     | 196/442 [02:04<02:32,  1.61it/s]Plotting refractory QC:  45%|████▍     | 197/442 [02:04<02:36,  1.57it/s]Plotting refractory QC:  45%|████▍     | 198/442 [02:05<02:58,  1.37it/s]Plotting refractory QC:  45%|████▌     | 199/442 [02:06<02:40,  1.51it/s]Plotting refractory QC:  45%|████▌     | 200/442 [02:06<02:32,  1.59it/s]Plotting refractory QC:  45%|████▌     | 201/442 [02:07<02:35,  1.55it/s]Plotting refractory QC:  46%|████▌     | 202/442 [02:07<02:28,  1.62it/s]Plotting refractory QC:  46%|████▌     | 203/442 [02:08<02:28,  1.60it/s]Plotting refractory QC:  46%|████▌     | 204/442 [02:09<02:19,  1.70it/s]Plotting refractory QC:  46%|████▋     | 205/442 [02:09<02:17,  1.73it/s]Plotting refractory QC:  47%|████▋     | 206/442 [02:10<02:45,  1.42it/s]Plotting refractory QC:  47%|████▋     | 207/442 [02:11<02:37,  1.49it/s]Plotting refractory QC:  47%|████▋     | 208/442 [02:11<02:41,  1.45it/s]Plotting refractory QC:  47%|████▋     | 209/442 [02:12<02:36,  1.49it/s]Plotting refractory QC:  48%|████▊     | 210/442 [02:13<02:27,  1.57it/s]Plotting refractory QC:  48%|████▊     | 211/442 [02:13<02:24,  1.60it/s]Plotting refractory QC:  48%|████▊     | 212/442 [02:14<02:20,  1.64it/s]Plotting refractory QC:  48%|████▊     | 213/442 [02:15<02:41,  1.42it/s]Plotting refractory QC:  48%|████▊     | 214/442 [02:15<02:33,  1.49it/s]Plotting refractory QC:  49%|████▊     | 215/442 [02:16<02:31,  1.50it/s]Plotting refractory QC:  49%|████▉     | 216/442 [02:17<02:22,  1.59it/s]Plotting refractory QC:  49%|████▉     | 217/442 [02:17<02:14,  1.67it/s]Plotting refractory QC:  49%|████▉     | 218/442 [02:18<02:12,  1.69it/s]Plotting refractory QC:  50%|████▉     | 219/442 [02:18<02:10,  1.71it/s]Plotting refractory QC:  50%|████▉     | 220/442 [02:19<02:07,  1.73it/s]Plotting refractory QC:  50%|█████     | 221/442 [02:20<02:29,  1.48it/s]Plotting refractory QC:  50%|█████     | 222/442 [02:20<02:19,  1.57it/s]Plotting refractory QC:  50%|█████     | 223/442 [02:21<02:12,  1.66it/s]Plotting refractory QC:  51%|█████     | 224/442 [02:21<02:10,  1.68it/s]Plotting refractory QC:  51%|█████     | 225/442 [02:22<02:05,  1.73it/s]Plotting refractory QC:  51%|█████     | 226/442 [02:22<02:04,  1.74it/s]Plotting refractory QC:  51%|█████▏    | 227/442 [02:23<02:02,  1.75it/s]Plotting refractory QC:  52%|█████▏    | 228/442 [02:24<02:01,  1.76it/s]Plotting refractory QC:  52%|█████▏    | 229/442 [02:24<02:21,  1.51it/s]Plotting refractory QC:  52%|█████▏    | 230/442 [02:25<02:14,  1.58it/s]Plotting refractory QC:  52%|█████▏    | 231/442 [02:26<02:07,  1.65it/s]Plotting refractory QC:  52%|█████▏    | 232/442 [02:26<02:07,  1.64it/s]Plotting refractory QC:  53%|█████▎    | 233/442 [02:27<02:04,  1.68it/s]Plotting refractory QC:  53%|█████▎    | 234/442 [02:27<02:01,  1.71it/s]Plotting refractory QC:  53%|█████▎    | 235/442 [02:28<01:58,  1.74it/s]Plotting refractory QC:  53%|█████▎    | 236/442 [02:28<02:01,  1.69it/s]Plotting refractory QC:  54%|█████▎    | 237/442 [02:29<02:25,  1.41it/s]Plotting refractory QC:  54%|█████▍    | 238/442 [02:30<02:11,  1.55it/s]Plotting refractory QC:  54%|█████▍    | 239/442 [02:30<02:02,  1.66it/s]Plotting refractory QC:  54%|█████▍    | 240/442 [02:31<01:56,  1.73it/s]Plotting refractory QC:  55%|█████▍    | 241/442 [02:32<01:57,  1.71it/s]Plotting refractory QC:  55%|█████▍    | 242/442 [02:32<01:57,  1.71it/s]Plotting refractory QC:  55%|█████▍    | 243/442 [02:33<02:00,  1.65it/s]Plotting refractory QC:  55%|█████▌    | 244/442 [02:34<02:04,  1.60it/s]Plotting refractory QC:  55%|█████▌    | 245/442 [02:35<02:27,  1.33it/s]Plotting refractory QC:  56%|█████▌    | 246/442 [02:35<02:13,  1.46it/s]Plotting refractory QC:  56%|█████▌    | 247/442 [02:36<02:04,  1.57it/s]Plotting refractory QC:  56%|█████▌    | 248/442 [02:36<01:59,  1.62it/s]Plotting refractory QC:  56%|█████▋    | 249/442 [02:37<01:55,  1.68it/s]Plotting refractory QC:  57%|█████▋    | 250/442 [02:37<01:50,  1.74it/s]Plotting refractory QC:  57%|█████▋    | 251/442 [02:38<01:46,  1.80it/s]Plotting refractory QC:  57%|█████▋    | 252/442 [02:39<02:05,  1.51it/s]Plotting refractory QC:  57%|█████▋    | 253/442 [02:39<02:00,  1.56it/s]Plotting refractory QC:  57%|█████▋    | 254/442 [02:40<01:58,  1.59it/s]Plotting refractory QC:  58%|█████▊    | 255/442 [02:40<01:55,  1.62it/s]Plotting refractory QC:  58%|█████▊    | 256/442 [02:41<01:50,  1.69it/s]Plotting refractory QC:  58%|█████▊    | 257/442 [02:42<01:46,  1.74it/s]Plotting refractory QC:  58%|█████▊    | 258/442 [02:42<01:49,  1.68it/s]Plotting refractory QC:  59%|█████▊    | 259/442 [02:43<01:49,  1.68it/s]Plotting refractory QC:  59%|█████▉    | 260/442 [02:44<02:05,  1.45it/s]Plotting refractory QC:  59%|█████▉    | 261/442 [02:44<02:01,  1.49it/s]Plotting refractory QC:  59%|█████▉    | 262/442 [02:45<01:55,  1.55it/s]Plotting refractory QC:  60%|█████▉    | 263/442 [02:46<01:54,  1.56it/s]Plotting refractory QC:  60%|█████▉    | 264/442 [02:46<01:51,  1.59it/s]Plotting refractory QC:  60%|█████▉    | 265/442 [02:47<01:49,  1.61it/s]Plotting refractory QC:  60%|██████    | 266/442 [02:47<01:43,  1.70it/s]Plotting refractory QC:  60%|██████    | 267/442 [02:48<01:39,  1.76it/s]Plotting refractory QC:  61%|██████    | 268/442 [02:49<02:01,  1.44it/s]Plotting refractory QC:  61%|██████    | 269/442 [02:49<01:52,  1.53it/s]Plotting refractory QC:  61%|██████    | 270/442 [02:50<01:48,  1.59it/s]Plotting refractory QC:  61%|██████▏   | 271/442 [02:50<01:45,  1.61it/s]Plotting refractory QC:  62%|██████▏   | 272/442 [02:51<01:45,  1.61it/s]Plotting refractory QC:  62%|██████▏   | 273/442 [02:52<01:42,  1.66it/s]Plotting refractory QC:  62%|██████▏   | 274/442 [02:52<01:42,  1.64it/s]Plotting refractory QC:  62%|██████▏   | 275/442 [02:53<01:38,  1.69it/s]Plotting refractory QC:  62%|██████▏   | 276/442 [02:54<01:58,  1.41it/s]Plotting refractory QC:  63%|██████▎   | 277/442 [02:54<01:50,  1.50it/s]Plotting refractory QC:  63%|██████▎   | 278/442 [02:55<01:43,  1.58it/s]Plotting refractory QC:  63%|██████▎   | 279/442 [02:56<01:40,  1.62it/s]Plotting refractory QC:  63%|██████▎   | 280/442 [02:56<01:39,  1.63it/s]Plotting refractory QC:  64%|██████▎   | 281/442 [02:57<01:34,  1.71it/s]Plotting refractory QC:  64%|██████▍   | 282/442 [02:57<01:32,  1.73it/s]Plotting refractory QC:  64%|██████▍   | 283/442 [02:58<01:30,  1.76it/s]Plotting refractory QC:  64%|██████▍   | 284/442 [02:59<01:45,  1.50it/s]Plotting refractory QC:  64%|██████▍   | 285/442 [02:59<01:38,  1.60it/s]Plotting refractory QC:  65%|██████▍   | 286/442 [03:00<01:34,  1.64it/s]Plotting refractory QC:  65%|██████▍   | 287/442 [03:00<01:31,  1.70it/s]Plotting refractory QC:  65%|██████▌   | 288/442 [03:01<01:31,  1.68it/s]Plotting refractory QC:  65%|██████▌   | 289/442 [03:01<01:30,  1.70it/s]Plotting refractory QC:  66%|██████▌   | 290/442 [03:02<01:26,  1.76it/s]Plotting refractory QC:  66%|██████▌   | 291/442 [03:03<01:24,  1.79it/s]Plotting refractory QC:  66%|██████▌   | 292/442 [03:03<01:38,  1.52it/s]Plotting refractory QC:  66%|██████▋   | 293/442 [03:04<01:33,  1.60it/s]Plotting refractory QC:  67%|██████▋   | 294/442 [03:05<01:29,  1.66it/s]Plotting refractory QC:  67%|██████▋   | 295/442 [03:05<01:27,  1.67it/s]Plotting refractory QC:  67%|██████▋   | 296/442 [03:06<01:27,  1.66it/s]Plotting refractory QC:  67%|██████▋   | 297/442 [03:06<01:28,  1.64it/s]Plotting refractory QC:  67%|██████▋   | 298/442 [03:07<01:24,  1.70it/s]Plotting refractory QC:  68%|██████▊   | 299/442 [03:08<01:38,  1.45it/s]Plotting refractory QC:  68%|██████▊   | 300/442 [03:08<01:35,  1.49it/s]Plotting refractory QC:  68%|██████▊   | 301/442 [03:09<01:33,  1.51it/s]Plotting refractory QC:  68%|██████▊   | 302/442 [03:10<01:27,  1.60it/s]Plotting refractory QC:  69%|██████▊   | 303/442 [03:10<01:22,  1.68it/s]Plotting refractory QC:  69%|██████▉   | 304/442 [03:11<01:20,  1.71it/s]Plotting refractory QC:  69%|██████▉   | 305/442 [03:11<01:18,  1.74it/s]Plotting refractory QC:  69%|██████▉   | 306/442 [03:12<01:18,  1.73it/s]Plotting refractory QC:  69%|██████▉   | 307/442 [03:13<01:31,  1.48it/s]Plotting refractory QC:  70%|██████▉   | 308/442 [03:13<01:30,  1.49it/s]Plotting refractory QC:  70%|██████▉   | 309/442 [03:14<01:25,  1.55it/s]Plotting refractory QC:  70%|███████   | 310/442 [03:15<01:22,  1.59it/s]Plotting refractory QC:  70%|███████   | 311/442 [03:15<01:19,  1.66it/s]Plotting refractory QC:  71%|███████   | 312/442 [03:16<01:17,  1.68it/s]Plotting refractory QC:  71%|███████   | 313/442 [03:16<01:15,  1.71it/s]Plotting refractory QC:  71%|███████   | 314/442 [03:17<01:14,  1.71it/s]Plotting refractory QC:  71%|███████▏  | 315/442 [03:18<01:30,  1.41it/s]Plotting refractory QC:  71%|███████▏  | 316/442 [03:19<01:28,  1.43it/s]Plotting refractory QC:  72%|███████▏  | 317/442 [03:19<01:26,  1.45it/s]Plotting refractory QC:  72%|███████▏  | 318/442 [03:20<01:19,  1.56it/s]Plotting refractory QC:  72%|███████▏  | 319/442 [03:20<01:15,  1.63it/s]Plotting refractory QC:  72%|███████▏  | 320/442 [03:21<01:12,  1.68it/s]Plotting refractory QC:  73%|███████▎  | 321/442 [03:21<01:09,  1.74it/s]Plotting refractory QC:  73%|███████▎  | 322/442 [03:22<01:21,  1.47it/s]Plotting refractory QC:  73%|███████▎  | 323/442 [03:23<01:19,  1.49it/s]Plotting refractory QC:  73%|███████▎  | 324/442 [03:24<01:17,  1.53it/s]Plotting refractory QC:  74%|███████▎  | 325/442 [03:24<01:13,  1.59it/s]Plotting refractory QC:  74%|███████▍  | 326/442 [03:25<01:09,  1.68it/s]Plotting refractory QC:  74%|███████▍  | 327/442 [03:25<01:10,  1.63it/s]Plotting refractory QC:  74%|███████▍  | 328/442 [03:26<01:13,  1.55it/s]Plotting refractory QC:  74%|███████▍  | 329/442 [03:27<01:09,  1.63it/s]Plotting refractory QC:  75%|███████▍  | 330/442 [03:28<01:21,  1.38it/s]Plotting refractory QC:  75%|███████▍  | 331/442 [03:28<01:14,  1.48it/s]Plotting refractory QC:  75%|███████▌  | 332/442 [03:29<01:10,  1.55it/s]Plotting refractory QC:  75%|███████▌  | 333/442 [03:29<01:07,  1.62it/s]Plotting refractory QC:  76%|███████▌  | 334/442 [03:30<01:04,  1.68it/s]Plotting refractory QC:  76%|███████▌  | 335/442 [03:30<01:02,  1.72it/s]Plotting refractory QC:  76%|███████▌  | 336/442 [03:31<01:05,  1.63it/s]Plotting refractory QC:  76%|███████▌  | 337/442 [03:32<01:06,  1.59it/s]Plotting refractory QC:  76%|███████▋  | 338/442 [03:33<01:17,  1.34it/s]Plotting refractory QC:  77%|███████▋  | 339/442 [03:33<01:11,  1.44it/s]Plotting refractory QC:  77%|███████▋  | 340/442 [03:34<01:08,  1.49it/s]Plotting refractory QC:  77%|███████▋  | 341/442 [03:34<01:03,  1.59it/s]Plotting refractory QC:  77%|███████▋  | 342/442 [03:35<01:01,  1.63it/s]Plotting refractory QC:  78%|███████▊  | 343/442 [03:36<01:00,  1.63it/s]Plotting refractory QC:  78%|███████▊  | 344/442 [03:36<00:57,  1.71it/s]Plotting refractory QC:  78%|███████▊  | 345/442 [03:37<00:57,  1.67it/s]Plotting refractory QC:  78%|███████▊  | 346/442 [03:38<01:08,  1.40it/s]Plotting refractory QC:  79%|███████▊  | 347/442 [03:38<01:03,  1.49it/s]Plotting refractory QC:  79%|███████▊  | 348/442 [03:39<01:00,  1.56it/s]Plotting refractory QC:  79%|███████▉  | 349/442 [03:39<00:56,  1.65it/s]Plotting refractory QC:  79%|███████▉  | 350/442 [03:40<00:52,  1.76it/s]Plotting refractory QC:  79%|███████▉  | 351/442 [03:40<00:50,  1.79it/s]Plotting refractory QC:  80%|███████▉  | 352/442 [03:41<00:49,  1.82it/s]Plotting refractory QC:  80%|███████▉  | 353/442 [03:42<00:49,  1.80it/s]Plotting refractory QC:  80%|████████  | 354/442 [03:42<00:59,  1.47it/s]Plotting refractory QC:  80%|████████  | 355/442 [03:43<00:56,  1.55it/s]Plotting refractory QC:  81%|████████  | 356/442 [03:44<00:52,  1.65it/s]Plotting refractory QC:  81%|████████  | 357/442 [03:44<00:51,  1.65it/s]Plotting refractory QC:  81%|████████  | 358/442 [03:45<00:48,  1.74it/s]Plotting refractory QC:  81%|████████  | 359/442 [03:45<00:53,  1.55it/s]Plotting refractory QC:  81%|████████▏ | 360/442 [03:46<00:50,  1.63it/s]Plotting refractory QC:  82%|████████▏ | 361/442 [03:47<00:57,  1.41it/s]Plotting refractory QC:  82%|████████▏ | 362/442 [03:48<00:55,  1.43it/s]Plotting refractory QC:  82%|████████▏ | 363/442 [03:48<00:51,  1.54it/s]Plotting refractory QC:  82%|████████▏ | 364/442 [03:49<00:49,  1.58it/s]Plotting refractory QC:  83%|████████▎ | 365/442 [03:49<00:46,  1.65it/s]Plotting refractory QC:  83%|████████▎ | 366/442 [03:50<00:44,  1.71it/s]Plotting refractory QC:  83%|████████▎ | 367/442 [03:50<00:43,  1.71it/s]Plotting refractory QC:  83%|████████▎ | 368/442 [03:51<00:43,  1.70it/s]Plotting refractory QC:  83%|████████▎ | 369/442 [03:52<00:51,  1.43it/s]Plotting refractory QC:  84%|████████▎ | 370/442 [03:52<00:46,  1.54it/s]Plotting refractory QC:  84%|████████▍ | 371/442 [03:53<00:44,  1.59it/s]Plotting refractory QC:  84%|████████▍ | 372/442 [03:54<00:42,  1.65it/s]Plotting refractory QC:  84%|████████▍ | 373/442 [03:54<00:41,  1.67it/s]Plotting refractory QC:  85%|████████▍ | 374/442 [03:55<00:42,  1.61it/s]Plotting refractory QC:  85%|████████▍ | 375/442 [03:55<00:40,  1.64it/s]Plotting refractory QC:  85%|████████▌ | 376/442 [03:56<00:40,  1.65it/s]Plotting refractory QC:  85%|████████▌ | 377/442 [03:57<00:45,  1.44it/s]Plotting refractory QC:  86%|████████▌ | 378/442 [03:58<00:43,  1.47it/s]Plotting refractory QC:  86%|████████▌ | 379/442 [03:58<00:43,  1.46it/s]Plotting refractory QC:  86%|████████▌ | 380/442 [03:59<00:41,  1.49it/s]Plotting refractory QC:  86%|████████▌ | 381/442 [04:00<00:42,  1.44it/s]Plotting refractory QC:  86%|████████▋ | 382/442 [04:00<00:40,  1.50it/s]Plotting refractory QC:  87%|████████▋ | 383/442 [04:01<00:38,  1.55it/s]Plotting refractory QC:  87%|████████▋ | 384/442 [04:02<00:42,  1.38it/s]Plotting refractory QC:  87%|████████▋ | 385/442 [04:02<00:38,  1.48it/s]Plotting refractory QC:  87%|████████▋ | 386/442 [04:03<00:36,  1.55it/s]Plotting refractory QC:  88%|████████▊ | 387/442 [04:04<00:34,  1.58it/s]Plotting refractory QC:  88%|████████▊ | 388/442 [04:04<00:33,  1.63it/s]Plotting refractory QC:  88%|████████▊ | 389/442 [04:05<00:31,  1.68it/s]Plotting refractory QC:  88%|████████▊ | 390/442 [04:05<00:31,  1.67it/s]Plotting refractory QC:  88%|████████▊ | 391/442 [04:06<00:31,  1.62it/s]Plotting refractory QC:  89%|████████▊ | 392/442 [04:07<00:35,  1.39it/s]Plotting refractory QC:  89%|████████▉ | 393/442 [04:07<00:32,  1.51it/s]Plotting refractory QC:  89%|████████▉ | 394/442 [04:08<00:30,  1.58it/s]Plotting refractory QC:  89%|████████▉ | 395/442 [04:09<00:28,  1.63it/s]Plotting refractory QC:  90%|████████▉ | 396/442 [04:09<00:28,  1.63it/s]Plotting refractory QC:  90%|████████▉ | 397/442 [04:10<00:28,  1.58it/s]Plotting refractory QC:  90%|█████████ | 398/442 [04:10<00:26,  1.64it/s]Plotting refractory QC:  90%|█████████ | 399/442 [04:11<00:25,  1.70it/s]Plotting refractory QC:  90%|█████████ | 400/442 [04:12<00:28,  1.49it/s]Plotting refractory QC:  91%|█████████ | 401/442 [04:12<00:25,  1.60it/s]Plotting refractory QC:  91%|█████████ | 402/442 [04:13<00:24,  1.64it/s]Plotting refractory QC:  91%|█████████ | 403/442 [04:13<00:23,  1.67it/s]Plotting refractory QC:  91%|█████████▏| 404/442 [04:14<00:22,  1.66it/s]Plotting refractory QC:  92%|█████████▏| 405/442 [04:15<00:21,  1.69it/s]Plotting refractory QC:  92%|█████████▏| 406/442 [04:15<00:20,  1.73it/s]Plotting refractory QC:  92%|█████████▏| 407/442 [04:16<00:24,  1.42it/s]Plotting refractory QC:  92%|█████████▏| 408/442 [04:17<00:24,  1.40it/s]Plotting refractory QC:  93%|█████████▎| 409/442 [04:17<00:21,  1.52it/s]Plotting refractory QC:  93%|█████████▎| 410/442 [04:18<00:19,  1.61it/s]Plotting refractory QC:  93%|█████████▎| 411/442 [04:19<00:18,  1.65it/s]Plotting refractory QC:  93%|█████████▎| 412/442 [04:19<00:18,  1.63it/s]Plotting refractory QC:  93%|█████████▎| 413/442 [04:20<00:17,  1.64it/s]Plotting refractory QC:  94%|█████████▎| 414/442 [04:20<00:16,  1.69it/s]Plotting refractory QC:  94%|█████████▍| 415/442 [04:21<00:18,  1.46it/s]Plotting refractory QC:  94%|█████████▍| 416/442 [04:22<00:16,  1.53it/s]Plotting refractory QC:  94%|█████████▍| 417/442 [04:22<00:15,  1.64it/s]Plotting refractory QC:  95%|█████████▍| 418/442 [04:23<00:14,  1.62it/s]Plotting refractory QC:  95%|█████████▍| 419/442 [04:24<00:13,  1.70it/s]Plotting refractory QC:  95%|█████████▌| 420/442 [04:24<00:12,  1.71it/s]Plotting refractory QC:  95%|█████████▌| 421/442 [04:25<00:12,  1.69it/s]Plotting refractory QC:  95%|█████████▌| 422/442 [04:25<00:11,  1.71it/s]Plotting refractory QC:  96%|█████████▌| 423/442 [04:26<00:13,  1.45it/s]Plotting refractory QC:  96%|█████████▌| 424/442 [04:27<00:11,  1.57it/s]Plotting refractory QC:  96%|█████████▌| 425/442 [04:27<00:10,  1.66it/s]Plotting refractory QC:  96%|█████████▋| 426/442 [04:28<00:09,  1.70it/s]Plotting refractory QC:  97%|█████████▋| 427/442 [04:28<00:08,  1.78it/s]Plotting refractory QC:  97%|█████████▋| 428/442 [04:29<00:07,  1.77it/s]Plotting refractory QC:  97%|█████████▋| 429/442 [04:29<00:07,  1.81it/s]Plotting refractory QC:  97%|█████████▋| 430/442 [04:30<00:06,  1.77it/s]Plotting refractory QC:  98%|█████████▊| 431/442 [04:31<00:07,  1.43it/s]Plotting refractory QC:  98%|█████████▊| 432/442 [04:32<00:06,  1.55it/s]Plotting refractory QC:  98%|█████████▊| 433/442 [04:32<00:05,  1.63it/s]Plotting refractory QC:  98%|█████████▊| 434/442 [04:33<00:04,  1.72it/s]Plotting refractory QC:  98%|█████████▊| 435/442 [04:33<00:03,  1.77it/s]Plotting refractory QC:  99%|█████████▊| 436/442 [04:34<00:03,  1.68it/s]Plotting refractory QC:  99%|█████████▉| 437/442 [04:34<00:02,  1.75it/s]Plotting refractory QC:  99%|█████████▉| 438/442 [04:35<00:02,  1.80it/s]Plotting refractory QC:  99%|█████████▉| 439/442 [04:36<00:01,  1.55it/s]Plotting refractory QC: 100%|█████████▉| 440/442 [04:36<00:01,  1.64it/s]Plotting refractory QC: 100%|█████████▉| 441/442 [04:37<00:00,  1.71it/s]Plotting refractory QC: 100%|██████████| 442/442 [04:37<00:00,  1.72it/s]Plotting refractory QC: 100%|██████████| 442/442 [04:37<00:00,  1.59it/s]
Saved waveforms_data.mat
Saved refractory_data.mat
Saved truncation_data.mat
Saved presence_data.mat
Generated /media/huklab/Data/NPX/Spikesorting/Patching/patched_pipeline_results_Luke0805_V2V1_g0_imec1/cur/cur_output/ops.mat
Done: Luke0805_V2V1_g0 imec1.ap

======================================================================
BATCH SUMMARY
======================================================================
  [OK]  Luke12052025_V1_RH_g0  imec1.ap
  [OK]  Luke0805_V2V1_g0  imec1.ap
======================================================================
2 succeeded, 0 failed
