sort_id,cluster_id,n_cached_windows,n_valid_dev_pairs,n_stable_pairs,n_failing_pairs,status,start_s,end_s,span_s,reference_end_s,failing_start_s,reference_missing_pct,failing_missing_pct,difference_pp,intervening_windows,dev_interval_index,source_rows,nominal_samples_in_four_fits,historical_samples_in_four_fits,fitted_window_duration_s,KSLabel,ContamPct,source_voltage_exists,template_file_exists
rescue_luke0804_v2v1_g0_imec0,0,0,0.0,0.0,0.0,no_cached_windows,,,,,,,,,,,,,,,good,0.0,True,True
rescue_luke0804_v2v1_g0_imec0,1,4,0.0,0.0,0.0,no_valid_dev_pair,,,,,,,,,,,,,,,mua,45.2,True,True
rescue_luke0804_v2v1_g0_imec0,2,14,4.0,4.0,0.0,no_deteriorated_pair,,,,,,,,,,,,,,,mua,21.8,True,True
rescue_luke0804_v2v1_g0_imec0,3,3,0.0,0.0,0.0,no_valid_dev_pair,,,,,,,,,,,,,,,mua,25.4,True,True
rescue_luke0804_v2v1_g0_imec0,4,23,0.0,0.0,0.0,no_valid_dev_pair,,,,,,,,,,,,,,,mua,63.9,True,True
rescue_luke0804_v2v1_g0_imec0,5,66,31.0,18.0,0.0,no_deteriorated_pair,,,,,,,,,,,,,,,good,3.5,True,True
rescue_luke0804_v2v1_g0_imec0,6,405,0.0,0.0,0.0,no_valid_dev_pair,,,,,,,,,,,,,,,mua,124.4,True,True
rescue_luke0804_v2v1_g0_imec0,7,19,5.0,0.0,2.0,no_stable_pair,,,,,,,,,,,,,,,mua,26.0,True,True
rescue_luke0804_v2v1_g0_imec0,8,0,0.0,0.0,0.0,no_cached_windows,,,,,,,,,,,,,,,mua,36.2,True,True
rescue_luke0804_v2v1_g0_imec0,9,0,0.0,0.0,0.0,no_cached_windows,,,,,,,,,,,,,,,mua,181.8,True,True
rescue_luke0804_v2v1_g0_imec0,10,0,0.0,0.0,0.0,no_cached_windows,,,,,,,,,,,,,,,good,1.9,True,True
rescue_luke0804_v2v1_g0_imec0,11,387,28.0,0.0,25.0,no_stable_pair,,,,,,,,,,,,,,,mua,135.9,True,True
rescue_luke0804_v2v1_g0_imec0,12,17,4.0,0.0,4.0,no_stable_pair,,,,,,,,,,,,,,,mua,46.2,True,True
rescue_luke0804_v2v1_g0_imec0,13,7,5.0,5.0,0.0,no_deteriorated_pair,,,,,,,,,,,,,,,good,3.2,True,True
rescue_luke0804_v2v1_g0_imec0,14,0,0.0,0.0,0.0,no_cached_windows,,,,,,,,,,,,,,,mua,40.2,True,True
rescue_luke0804_v2v1_g0_imec0,15,0,0.0,0.0,0.0,no_cached_windows,,,,,,,,,,,,,,,good,0.0,True,True
rescue_luke0804_v2v1_g0_imec0,16,1,0.0,0.0,0.0,no_valid_dev_pair,,,,,,,,,,,,,,,good,1.7,True,True
rescue_luke0804_v2v1_g0_imec0,17,0,0.0,0.0,0.0,no_cached_windows,,,,,,,,,,,,,,,good,13.7,True,True
rescue_luke0804_v2v1_g0_imec0,18,34,19.0,12.0,0.0,no_deteriorated_pair,,,,,,,,,,,,,,,good,8.0,True,True
rescue_luke0804_v2v1_g0_imec0,19,28,10.0,10.0,0.0,no_deteriorated_pair,,,,,,,,,,,,,,,good,1.1,True,True
rescue_luke0804_v2v1_g0_imec0,20,14,4.0,0.0,0.0,no_stable_pair,,,,,,,,,,,,,,,good,18.8,True,True
rescue_luke0804_v2v1_g0_imec0,21,27,13.0,4.0,4.0,qualifying_transition,6656.5524262001545,6949.296826699527,292.7444004993722,6795.794054132068,6795.79975416323,1.0545488097196576,20.570035278688852,19.515486468969193,0.0,5.0,"[1034, 1035, 1036, 1037]",4000.0,3996.0,292.6020997213818,good,8.4,True,True
rescue_luke0804_v2v1_g0_imec0,22,0,0.0,0.0,0.0,no_cached_windows,,,,,,,,,,,,,,,mua,500.0,True,True
rescue_luke0804_v2v1_g0_imec0,23,0,0.0,0.0,0.0,no_cached_windows,,,,,,,,,,,,,,,good,0.0,True,True
rescue_luke0804_v2v1_g0_imec0,24,14,7.0,6.0,0.0,no_deteriorated_pair,,,,,,,,,,,,,,,mua,64.7,True,True
rescue_luke0804_v2v1_g0_imec0,25,48,13.0,1.0,3.0,no_ordered_pair_in_same_dev_interval,,,,,,,,,,,,,,,mua,31.9,True,True
rescue_luke0804_v2v1_g0_imec0,26,1,0.0,0.0,0.0,no_valid_dev_pair,,,,,,,,,,,,,,,good,0.8,True,True
rescue_luke0804_v2v1_g0_imec0,27,0,0.0,0.0,0.0,no_cached_windows,,,,,,,,,,,,,,,mua,500.0,True,True
rescue_luke0804_v2v1_g0_imec0,28,270,1.0,0.0,1.0,no_stable_pair,,,,,,,,,,,,,,,mua,137.1,True,True
rescue_luke0804_v2v1_g0_imec0,29,0,0.0,0.0,0.0,no_cached_windows,,,,,,,,,,,,,,,good,3.0,True,True
rescue_luke0804_v2v1_g0_imec0,30,12,5.0,3.0,0.0,no_deteriorated_pair,,,,,,,,,,,,,,,mua,80.9,True,True
rescue_luke0804_v2v1_g0_imec0,31,0,0.0,0.0,0.0,no_cached_windows,,,,,,,,,,,,,,,mua,134.8,True,True
rescue_luke0804_v2v1_g0_imec0,32,1,0.0,0.0,0.0,no_valid_dev_pair,,,,,,,,,,,,,,,mua,46.6,True,True
rescue_luke0804_v2v1_g0_imec0,33,1,0.0,0.0,0.0,no_valid_dev_pair,,,,,,,,,,,,,,,good,1.5,True,True
rescue_luke0804_v2v1_g0_imec0,34,25,11.0,5.0,0.0,no_deteriorated_pair,,,,,,,,,,,,,,,good,2.8,True,True
rescue_luke0804_v2v1_g0_imec0,35,14,6.0,2.0,0.0,no_deteriorated_pair,,,,,,,,,,,,,,,good,17.1,True,True
rescue_luke0804_v2v1_g0_imec0,36,69,22.0,5.0,4.0,qualifying_transition,4085.566570043172,4365.883169263631,280.31659922045947,4217.20982309973,4217.2482233096725,3.0265270307059122,16.429577351056807,13.403050320350895,0.0,3.0,"[1449, 1450, 1451, 1452]",4000.0,3996.0,280.2254653888767,good,1.6,True,True
rescue_luke0804_v2v1_g0_imec0,37,116,,,,excluded_closed_cluster_37,,,,,,,,,,,,,,,mua,331.0,True,True
rescue_luke0804_v2v1_g0_imec0,38,47,20.0,0.0,20.0,no_stable_pair,,,,,,,,,,,,,,,good,8.1,True,True
rescue_luke0804_v2v1_g0_imec0,39,0,0.0,0.0,0.0,no_cached_windows,,,,,,,,,,,,,,,good,6.5,True,True
rescue_luke0804_v2v1_g0_imec0,40,0,0.0,0.0,0.0,no_cached_windows,,,,,,,,,,,,,,,mua,303.0,True,True
rescue_luke0804_v2v1_g0_imec0,41,0,0.0,0.0,0.0,no_cached_windows,,,,,,,,,,,,,,,good,4.3,True,True
rescue_luke0804_v2v1_g0_imec0,42,0,0.0,0.0,0.0,no_cached_windows,,,,,,,,,,,,,,,mua,0.0,True,True
rescue_luke0804_v2v1_g0_imec0,43,0,0.0,0.0,0.0,no_cached_windows,,,,,,,,,,,,,,,mua,249.4,True,True
rescue_luke0804_v2v1_g0_imec0,44,5,0.0,0.0,0.0,no_valid_dev_pair,,,,,,,,,,,,,,,mua,55.0,True,True
rescue_luke0804_v2v1_g0_imec0,45,23,2.0,0.0,1.0,no_stable_pair,,,,,,,,,,,,,,,mua,33.8,True,True
rescue_luke0804_v2v1_g0_imec0,46,0,0.0,0.0,0.0,no_cached_windows,,,,,,,,,,,,,,,mua,266.7,True,True
rescue_luke0804_v2v1_g0_imec0,47,0,0.0,0.0,0.0,no_cached_windows,,,,,,,,,,,,,,,good,8.8,True,True
rescue_luke0804_v2v1_g0_imec0,48,1,0.0,0.0,0.0,no_valid_dev_pair,,,,,,,,,,,,,,,mua,276.7,True,True
rescue_luke0804_v2v1_g0_imec0,49,3,0.0,0.0,0.0,no_valid_dev_pair,,,,,,,,,,,,,,,mua,26.9,True,True
rescue_luke0804_v2v1_g0_imec0,50,18,8.0,6.0,0.0,no_deteriorated_pair,,,,,,,,,,,,,,,mua,21.8,True,True
rescue_luke0804_v2v1_g0_imec0,51,5,0.0,0.0,0.0,no_valid_dev_pair,,,,,,,,,,,,,,,good,6.8,True,True
rescue_luke0804_v2v1_g0_imec0,52,14,9.0,8.0,0.0,no_deteriorated_pair,,,,,,,,,,,,,,,good,0.4,True,True
rescue_luke0804_v2v1_g0_imec0,53,41,21.0,21.0,0.0,no_deteriorated_pair,,,,,,,,,,,,,,,good,4.2,True,True
rescue_luke0804_v2v1_g0_imec0,54,9,2.0,2.0,0.0,no_deteriorated_pair,,,,,,,,,,,,,,,good,5.5,True,True
rescue_luke0804_v2v1_g0_imec0,55,6,0.0,0.0,0.0,no_valid_dev_pair,,,,,,,,,,,,,,,good,13.8,True,True
rescue_luke0804_v2v1_g0_imec0,56,90,44.0,43.0,0.0,no_deteriorated_pair,,,,,,,,,,,,,,,good,17.3,True,True
rescue_luke0804_v2v1_g0_imec0,57,21,4.0,0.0,4.0,no_stable_pair,,,,,,,,,,,,,,,good,4.4,True,True
rescue_luke0804_v2v1_g0_imec0,58,343,0.0,0.0,0.0,no_valid_dev_pair,,,,,,,,,,,,,,,mua,142.5,True,True
rescue_luke0804_v2v1_g0_imec0,59,88,47.0,0.0,8.0,no_stable_pair,,,,,,,,,,,,,,,mua,69.2,True,True
rescue_luke0804_v2v1_g0_imec0,60,12,4.0,0.0,2.0,no_stable_pair,,,,,,,,,,,,,,,good,17.5,True,True
rescue_luke0804_v2v1_g0_imec0,61,2,1.0,1.0,0.0,no_deteriorated_pair,,,,,,,,,,,,,,,good,2.8,True,True
rescue_luke0804_v2v1_g0_imec0,62,0,0.0,0.0,0.0,no_cached_windows,,,,,,,,,,,,,,,good,4.6,True,True
rescue_luke0804_v2v1_g0_imec0,63,7,4.0,4.0,0.0,no_deteriorated_pair,,,,,,,,,,,,,,,good,8.3,True,True
rescue_luke0804_v2v1_g0_imec0,64,105,58.0,52.0,1.0,no_ordered_pair_in_same_dev_interval,,,,,,,,,,,,,,,mua,31.1,True,True
rescue_luke0804_v2v1_g0_imec0,65,102,56.0,56.0,0.0,no_deteriorated_pair,,,,,,,,,,,,,,,mua,23.6,True,True
rescue_luke0804_v2v1_g0_imec0,66,81,32.0,10.0,2.0,qualifying_transition,7663.196363081929,8000.5906076920255,337.3942446100964,7808.706825286967,7808.708858631417,3.4792098646627156,18.157618016897636,14.67840815223492,0.0,5.0,"[2612, 2613, 2614, 2615]",4000.0,3996.0,337.38087787035147,mua,45.2,True,True
rescue_luke0804_v2v1_g0_imec0,67,96,11.0,3.0,5.0,no_ordered_pair_in_same_dev_interval,,,,,,,,,,,,,,,mua,91.6,True,True
rescue_luke0804_v2v1_g0_imec0,68,218,36.0,0.0,34.0,no_stable_pair,,,,,,,,,,,,,,,mua,142.5,True,True
rescue_luke0804_v2v1_g0_imec0,69,7,3.0,0.0,2.0,no_stable_pair,,,,,,,,,,,,,,,good,13.3,True,True
rescue_luke0804_v2v1_g0_imec0,70,0,0.0,0.0,0.0,no_cached_windows,,,,,,,,,,,,,,,good,0.0,True,True
rescue_luke0804_v2v1_g0_imec0,71,0,0.0,0.0,0.0,no_cached_windows,,,,,,,,,,,,,,,mua,210.5,True,True
rescue_luke0804_v2v1_g0_imec0,72,0,0.0,0.0,0.0,no_cached_windows,,,,,,,,,,,,,,,mua,294.1,True,True
rescue_luke0804_v2v1_g0_imec0,73,0,0.0,0.0,0.0,no_cached_windows,,,,,,,,,,,,,,,good,0.0,True,True
rescue_luke0804_v2v1_g0_imec0,74,0,0.0,0.0,0.0,no_cached_windows,,,,,,,,,,,,,,,good,0.0,True,True
rescue_luke0804_v2v1_g0_imec0,75,0,0.0,0.0,0.0,no_cached_windows,,,,,,,,,,,,,,,good,19.7,True,True
rescue_luke0804_v2v1_g0_imec0,76,0,0.0,0.0,0.0,no_cached_windows,,,,,,,,,,,,,,,good,0.0,True,True
rescue_luke0804_v2v1_g0_imec0,77,0,0.0,0.0,0.0,no_cached_windows,,,,,,,,,,,,,,,mua,382.1,True,True
rescue_luke0804_v2v1_g0_imec0,78,17,12.0,11.0,0.0,no_deteriorated_pair,,,,,,,,,,,,,,,good,8.8,True,True
rescue_luke0804_v2v1_g0_imec0,79,14,4.0,0.0,4.0,no_stable_pair,,,,,,,,,,,,,,,good,17.5,True,True
rescue_luke0804_v2v1_g0_imec0,80,30,10.0,8.0,0.0,no_deteriorated_pair,,,,,,,,,,,,,,,mua,25.4,True,True
rescue_luke0804_v2v1_g0_imec0,81,159,1.0,0.0,1.0,no_stable_pair,,,,,,,,,,,,,,,mua,144.7,True,True
rescue_luke0804_v2v1_g0_imec0,82,0,0.0,0.0,0.0,no_cached_windows,,,,,,,,,,,,,,,good,0.0,True,True
rescue_luke0804_v2v1_g0_imec0,83,0,0.0,0.0,0.0,no_cached_windows,,,,,,,,,,,,,,,good,0.0,True,True
rescue_luke0804_v2v1_g0_imec0,84,0,0.0,0.0,0.0,no_cached_windows,,,,,,,,,,,,,,,good,0.0,True,True
rescue_luke0804_v2v1_g0_imec0,85,0,0.0,0.0,0.0,no_cached_windows,,,,,,,,,,,,,,,good,0.0,True,True
rescue_luke0804_v2v1_g0_imec0,86,0,0.0,0.0,0.0,no_cached_windows,,,,,,,,,,,,,,,good,5.1,True,True
rescue_luke0804_v2v1_g0_imec0,87,12,0.0,0.0,0.0,no_valid_dev_pair,,,,,,,,,,,,,,,good,16.8,True,True
rescue_luke0804_v2v1_g0_imec0,88,9,0.0,0.0,0.0,no_valid_dev_pair,,,,,,,,,,,,,,,good,10.3,True,True
rescue_luke0804_v2v1_g0_imec0,89,163,4.0,0.0,4.0,no_stable_pair,,,,,,,,,,,,,,,mua,144.1,True,True
rescue_luke0804_v2v1_g0_imec0,90,0,0.0,0.0,0.0,no_cached_windows,,,,,,,,,,,,,,,good,0.0,True,True
rescue_luke0804_v2v1_g0_imec0,91,38,19.0,5.0,2.0,qualifying_transition,6542.269534723258,8349.025812665532,1806.7562779422733,6721.417114163302,8067.7596749203985,2.335473166111857,37.17643757502382,34.84096440891196,8.0,5.0,"[3388, 3389, 3398, 3399]",4000.0,3996.0,460.3708836176638,good,0.6,True,True
rescue_luke0804_v2v1_g0_imec0,92,0,0.0,0.0,0.0,no_cached_windows,,,,,,,,,,,,,,,mua,0.0,True,True
rescue_luke0804_v2v1_g0_imec0,93,0,0.0,0.0,0.0,no_cached_windows,,,,,,,,,,,,,,,good,0.0,True,True
rescue_luke0804_v2v1_g0_imec0,94,0,0.0,0.0,0.0,no_cached_windows,,,,,,,,,,,,,,,good,0.0,True,True
rescue_luke0804_v2v1_g0_imec0,95,0,0.0,0.0,0.0,no_cached_windows,,,,,,,,,,,,,,,good,18.4,True,True
rescue_luke0804_v2v1_g0_imec0,96,0,0.0,0.0,0.0,no_cached_windows,,,,,,,,,,,,,,,good,4.2,True,True
rescue_luke0804_v2v1_g0_imec0,97,153,0.0,0.0,0.0,no_valid_dev_pair,,,,,,,,,,,,,,,mua,144.5,True,True
rescue_luke0804_v2v1_g0_imec0,98,167,1.0,0.0,1.0,no_stable_pair,,,,,,,,,,,,,,,mua,137.6,True,True
rescue_luke0804_v2v1_g0_imec0,99,0,0.0,0.0,0.0,no_cached_windows,,,,,,,,,,,,,,,mua,0.0,True,True
rescue_luke0804_v2v1_g0_imec0,100,0,0.0,0.0,0.0,no_cached_windows,,,,,,,,,,,,,,,good,3.4,True,True
rescue_luke0804_v2v1_g0_imec0,101,10,4.0,4.0,0.0,no_deteriorated_pair,,,,,,,,,,,,,,,good,5.4,True,True
rescue_luke0804_v2v1_g0_imec0,102,1,0.0,0.0,0.0,no_valid_dev_pair,,,,,,,,,,,,,,,mua,32.7,True,True
rescue_luke0804_v2v1_g0_imec0,103,2,0.0,0.0,0.0,no_valid_dev_pair,,,,,,,,,,,,,,,mua,56.4,True,True
rescue_luke0804_v2v1_g0_imec0,104,0,0.0,0.0,0.0,no_cached_windows,,,,,,,,,,,,,,,good,0.0,True,True
rescue_luke0804_v2v1_g0_imec0,105,0,0.0,0.0,0.0,no_cached_windows,,,,,,,,,,,,,,,good,0.4,True,True
rescue_luke0804_v2v1_g0_imec0,106,14,1.0,0.0,0.0,no_stable_pair,,,,,,,,,,,,,,,mua,161.8,True,True
rescue_luke0804_v2v1_g0_imec0,107,0,0.0,0.0,0.0,no_cached_windows,,,,,,,,,,,,,,,good,5.6,True,True
rescue_luke0804_v2v1_g0_imec0,108,0,0.0,0.0,0.0,no_cached_windows,,,,,,,,,,,,,,,mua,675.0,True,True
rescue_luke0804_v2v1_g0_imec0,109,6,0.0,0.0,0.0,no_valid_dev_pair,,,,,,,,,,,,,,,good,14.7,True,True
rescue_luke0804_v2v1_g0_imec0,110,0,0.0,0.0,0.0,no_cached_windows,,,,,,,,,,,,,,,mua,67.9,True,True
rescue_luke0804_v2v1_g0_imec0,111,0,0.0,0.0,0.0,no_cached_windows,,,,,,,,,,,,,,,good,0.0,True,True
rescue_luke0804_v2v1_g0_imec0,112,0,0.0,0.0,0.0,no_cached_windows,,,,,,,,,,,,,,,good,0.0,True,True
rescue_luke0804_v2v1_g0_imec0,113,0,0.0,0.0,0.0,no_cached_windows,,,,,,,,,,,,,,,good,19.7,True,True
rescue_luke0804_v2v1_g0_imec0,114,0,0.0,0.0,0.0,no_cached_windows,,,,,,,,,,,,,,,good,2.6,True,True
rescue_luke0804_v2v1_g0_imec0,115,0,0.0,0.0,0.0,no_cached_windows,,,,,,,,,,,,,,,good,3.2,True,True
rescue_luke0804_v2v1_g0_imec0,116,156,0.0,0.0,0.0,no_valid_dev_pair,,,,,,,,,,,,,,,mua,125.0,True,True
rescue_luke0804_v2v1_g0_imec0,117,12,4.0,0.0,0.0,no_stable_pair,,,,,,,,,,,,,,,mua,29.3,True,True
rescue_luke0804_v2v1_g0_imec0,118,0,0.0,0.0,0.0,no_cached_windows,,,,,,,,,,,,,,,mua,37.3,True,True
rescue_luke0804_v2v1_g0_imec0,119,104,0.0,0.0,0.0,no_valid_dev_pair,,,,,,,,,,,,,,,mua,125.7,True,True
rescue_luke0804_v2v1_g0_imec0,120,2,1.0,0.0,1.0,no_stable_pair,,,,,,,,,,,,,,,mua,22.2,True,True
rescue_luke0804_v2v1_g0_imec0,121,0,0.0,0.0,0.0,no_cached_windows,,,,,,,,,,,,,,,mua,151.3,True,True
rescue_luke0804_v2v1_g0_imec0,122,0,0.0,0.0,0.0,no_cached_windows,,,,,,,,,,,,,,,mua,32.3,True,True
rescue_luke0804_v2v1_g0_imec0,123,0,0.0,0.0,0.0,no_cached_windows,,,,,,,,,,,,,,,mua,262.2,True,True
rescue_luke0804_v2v1_g0_imec0,124,0,0.0,0.0,0.0,no_cached_windows,,,,,,,,,,,,,,,mua,40.3,True,True
rescue_luke0804_v2v1_g0_imec0,125,30,11.0,11.0,0.0,no_deteriorated_pair,,,,,,,,,,,,,,,good,5.7,True,True
rescue_luke0804_v2v1_g0_imec0,126,182,0.0,0.0,0.0,no_valid_dev_pair,,,,,,,,,,,,,,,mua,123.0,True,True
rescue_luke0804_v2v1_g0_imec0,127,3,0.0,0.0,0.0,no_valid_dev_pair,,,,,,,,,,,,,,,good,17.2,True,True
rescue_luke0804_v2v1_g0_imec0,128,0,0.0,0.0,0.0,no_cached_windows,,,,,,,,,,,,,,,mua,425.2,True,True
rescue_luke0804_v2v1_g0_imec0,129,0,0.0,0.0,0.0,no_cached_windows,,,,,,,,,,,,,,,good,1.4,True,True
rescue_luke0804_v2v1_g0_imec0,130,0,0.0,0.0,0.0,no_cached_windows,,,,,,,,,,,,,,,mua,370.4,True,True
rescue_luke0804_v2v1_g0_imec0,131,0,0.0,0.0,0.0,no_cached_windows,,,,,,,,,,,,,,,good,6.9,True,True
rescue_luke0804_v2v1_g0_imec0,132,0,0.0,0.0,0.0,no_cached_windows,,,,,,,,,,,,,,,good,0.0,True,True
rescue_luke0804_v2v1_g0_imec0,133,0,0.0,0.0,0.0,no_cached_windows,,,,,,,,,,,,,,,good,6.1,True,True
rescue_luke0804_v2v1_g0_imec0,134,0,0.0,0.0,0.0,no_cached_windows,,,,,,,,,,,,,,,mua,710.9,True,True
rescue_luke0804_v2v1_g0_imec0,135,0,0.0,0.0,0.0,no_cached_windows,,,,,,,,,,,,,,,good,0.0,True,True
rescue_luke0804_v2v1_g0_imec0,136,181,0.0,0.0,0.0,no_valid_dev_pair,,,,,,,,,,,,,,,mua,123.6,True,True
rescue_luke0804_v2v1_g0_imec0,137,164,0.0,0.0,0.0,no_valid_dev_pair,,,,,,,,,,,,,,,mua,123.8,True,True
rescue_luke0804_v2v1_g0_imec0,138,0,0.0,0.0,0.0,no_cached_windows,,,,,,,,,,,,,,,good,2.9,True,True
rescue_luke0804_v2v1_g0_imec0,139,0,0.0,0.0,0.0,no_cached_windows,,,,,,,,,,,,,,,good,0.0,True,True
rescue_luke0804_v2v1_g0_imec0,140,0,0.0,0.0,0.0,no_cached_windows,,,,,,,,,,,,,,,good,14.0,True,True
rescue_luke0804_v2v1_g0_imec0,141,0,0.0,0.0,0.0,no_cached_windows,,,,,,,,,,,,,,,good,5.6,True,True
rescue_luke0804_v2v1_g0_imec0,142,0,0.0,0.0,0.0,no_cached_windows,,,,,,,,,,,,,,,mua,446.3,True,True
rescue_luke0804_v2v1_g0_imec0,143,0,0.0,0.0,0.0,no_cached_windows,,,,,,,,,,,,,,,good,14.4,True,True
rescue_luke0804_v2v1_g0_imec0,144,0,0.0,0.0,0.0,no_cached_windows,,,,,,,,,,,,,,,good,3.7,True,True
rescue_luke0804_v2v1_g0_imec0,145,0,0.0,0.0,0.0,no_cached_windows,,,,,,,,,,,,,,,mua,23.8,True,True
rescue_luke0804_v2v1_g0_imec0,146,144,0.0,0.0,0.0,no_valid_dev_pair,,,,,,,,,,,,,,,mua,123.0,True,True
rescue_luke0804_v2v1_g0_imec0,147,0,0.0,0.0,0.0,no_cached_windows,,,,,,,,,,,,,,,mua,331.7,True,True
rescue_luke0804_v2v1_g0_imec0,148,0,0.0,0.0,0.0,no_cached_windows,,,,,,,,,,,,,,,mua,85.5,True,True
rescue_luke0804_v2v1_g0_imec0,149,0,0.0,0.0,0.0,no_cached_windows,,,,,,,,,,,,,,,mua,407.3,True,True
rescue_luke0804_v2v1_g0_imec0,150,0,0.0,0.0,0.0,no_cached_windows,,,,,,,,,,,,,,,mua,20.9,True,True
rescue_luke0804_v2v1_g0_imec0,151,0,0.0,0.0,0.0,no_cached_windows,,,,,,,,,,,,,,,mua,37.3,True,True
rescue_luke0804_v2v1_g0_imec0,152,0,0.0,0.0,0.0,no_cached_windows,,,,,,,,,,,,,,,good,2.9,True,True
rescue_luke0804_v2v1_g0_imec0,153,0,0.0,0.0,0.0,no_cached_windows,,,,,,,,,,,,,,,mua,34.7,True,True
rescue_luke0804_v2v1_g0_imec0,154,28,11.0,11.0,0.0,no_deteriorated_pair,,,,,,,,,,,,,,,good,12.2,True,True
rescue_luke0804_v2v1_g0_imec0,155,3,1.0,1.0,0.0,no_deteriorated_pair,,,,,,,,,,,,,,,good,9.3,True,True
rescue_luke0804_v2v1_g0_imec0,156,119,0.0,0.0,0.0,no_valid_dev_pair,,,,,,,,,,,,,,,mua,122.4,True,True
rescue_luke0804_v2v1_g0_imec0,157,0,0.0,0.0,0.0,no_cached_windows,,,,,,,,,,,,,,,good,5.0,True,True
rescue_luke0804_v2v1_g0_imec0,158,0,0.0,0.0,0.0,no_cached_windows,,,,,,,,,,,,,,,mua,30.8,True,True
rescue_luke0804_v2v1_g0_imec0,159,0,0.0,0.0,0.0,no_cached_windows,,,,,,,,,,,,,,,mua,26.4,True,True
rescue_luke0804_v2v1_g0_imec0,160,0,0.0,0.0,0.0,no_cached_windows,,,,,,,,,,,,,,,good,4.8,True,True
rescue_luke0804_v2v1_g0_imec0,161,0,0.0,0.0,0.0,no_cached_windows,,,,,,,,,,,,,,,mua,290.8,True,True
rescue_luke0804_v2v1_g0_imec0,162,0,0.0,0.0,0.0,no_cached_windows,,,,,,,,,,,,,,,mua,26.4,True,True
rescue_luke0804_v2v1_g0_imec0,163,0,0.0,0.0,0.0,no_cached_windows,,,,,,,,,,,,,,,good,0.0,True,True
rescue_luke0804_v2v1_g0_imec0,164,119,0.0,0.0,0.0,no_valid_dev_pair,,,,,,,,,,,,,,,mua,127.0,True,True
rescue_luke0804_v2v1_g0_imec0,165,0,0.0,0.0,0.0,no_cached_windows,,,,,,,,,,,,,,,mua,23.6,True,True
rescue_luke0804_v2v1_g0_imec0,166,0,0.0,0.0,0.0,no_cached_windows,,,,,,,,,,,,,,,good,0.0,True,True
rescue_luke0804_v2v1_g0_imec0,167,0,0.0,0.0,0.0,no_cached_windows,,,,,,,,,,,,,,,mua,69.9,True,True
rescue_luke0804_v2v1_g0_imec0,168,1,0.0,0.0,0.0,no_valid_dev_pair,,,,,,,,,,,,,,,good,10.1,True,True
rescue_luke0804_v2v1_g0_imec0,169,2,0.0,0.0,0.0,no_valid_dev_pair,,,,,,,,,,,,,,,mua,50.2,True,True
rescue_luke0804_v2v1_g0_imec0,170,1,0.0,0.0,0.0,no_valid_dev_pair,,,,,,,,,,,,,,,mua,34.7,True,True
rescue_luke0804_v2v1_g0_imec0,171,104,0.0,0.0,0.0,no_valid_dev_pair,,,,,,,,,,,,,,,mua,118.3,True,True
rescue_luke0804_v2v1_g0_imec0,172,0,0.0,0.0,0.0,no_cached_windows,,,,,,,,,,,,,,,good,0.0,True,True
rescue_luke0804_v2v1_g0_imec0,173,0,0.0,0.0,0.0,no_cached_windows,,,,,,,,,,,,,,,mua,28.0,True,True
rescue_luke0804_v2v1_g0_imec0,174,4,0.0,0.0,0.0,no_valid_dev_pair,,,,,,,,,,,,,,,good,15.3,True,True
rescue_luke0804_v2v1_g0_imec0,175,0,0.0,0.0,0.0,no_cached_windows,,,,,,,,,,,,,,,mua,0.0,True,True
rescue_luke0804_v2v1_g0_imec0,176,2,0.0,0.0,0.0,no_valid_dev_pair,,,,,,,,,,,,,,,good,19.5,True,True
rescue_luke0804_v2v1_g0_imec0,177,10,4.0,1.0,0.0,no_deteriorated_pair,,,,,,,,,,,,,,,mua,49.9,True,True
rescue_luke0804_v2v1_g0_imec0,178,1,0.0,0.0,0.0,no_valid_dev_pair,,,,,,,,,,,,,,,good,13.2,True,True
rescue_luke0804_v2v1_g0_imec0,179,3,2.0,2.0,0.0,no_deteriorated_pair,,,,,,,,,,,,,,,good,18.3,True,True
rescue_luke0804_v2v1_g0_imec0,180,0,0.0,0.0,0.0,no_cached_windows,,,,,,,,,,,,,,,mua,0.0,True,True
rescue_luke0804_v2v1_g0_imec0,181,0,0.0,0.0,0.0,no_cached_windows,,,,,,,,,,,,,,,good,13.2,True,True
rescue_luke0804_v2v1_g0_imec0,182,0,0.0,0.0,0.0,no_cached_windows,,,,,,,,,,,,,,,good,5.1,True,True
rescue_luke0804_v2v1_g0_imec0,183,4,2.0,2.0,0.0,no_deteriorated_pair,,,,,,,,,,,,,,,good,7.1,True,True
rescue_luke0804_v2v1_g0_imec0,184,0,0.0,0.0,0.0,no_cached_windows,,,,,,,,,,,,,,,mua,20.6,True,True
rescue_luke0804_v2v1_g0_imec0,185,16,1.0,1.0,0.0,no_deteriorated_pair,,,,,,,,,,,,,,,good,3.1,True,True
rescue_luke0804_v2v1_g0_imec0,186,181,4.0,0.0,4.0,no_stable_pair,,,,,,,,,,,,,,,mua,115.1,True,True
rescue_luke0804_v2v1_g0_imec0,187,0,0.0,0.0,0.0,no_cached_windows,,,,,,,,,,,,,,,mua,22.4,True,True
rescue_luke0804_v2v1_g0_imec0,188,0,0.0,0.0,0.0,no_cached_windows,,,,,,,,,,,,,,,good,14.4,True,True
rescue_luke0804_v2v1_g0_imec0,189,0,0.0,0.0,0.0,no_cached_windows,,,,,,,,,,,,,,,good,0.0,True,True
rescue_luke0804_v2v1_g0_imec0,190,0,0.0,0.0,0.0,no_cached_windows,,,,,,,,,,,,,,,mua,400.0,True,True
rescue_luke0804_v2v1_g0_imec0,191,36,12.0,12.0,0.0,no_deteriorated_pair,,,,,,,,,,,,,,,good,10.7,True,True
rescue_luke0804_v2v1_g0_imec0,192,0,0.0,0.0,0.0,no_cached_windows,,,,,,,,,,,,,,,mua,53.2,True,True
rescue_luke0804_v2v1_g0_imec0,193,97,26.0,0.0,9.0,no_stable_pair,,,,,,,,,,,,,,,mua,86.0,True,True
rescue_luke0804_v2v1_g0_imec0,194,1,0.0,0.0,0.0,no_valid_dev_pair,,,,,,,,,,,,,,,mua,28.9,True,True
rescue_luke0804_v2v1_g0_imec0,195,189,0.0,0.0,0.0,no_valid_dev_pair,,,,,,,,,,,,,,,mua,109.7,True,True
rescue_luke0804_v2v1_g0_imec0,196,109,0.0,0.0,0.0,no_valid_dev_pair,,,,,,,,,,,,,,,mua,117.8,True,True
rescue_luke0804_v2v1_g0_imec0,197,0,0.0,0.0,0.0,no_cached_windows,,,,,,,,,,,,,,,mua,0.0,True,True
rescue_luke0804_v2v1_g0_imec0,198,0,0.0,0.0,0.0,no_cached_windows,,,,,,,,,,,,,,,good,0.0,True,True
rescue_luke0804_v2v1_g0_imec0,199,0,0.0,0.0,0.0,no_cached_windows,,,,,,,,,,,,,,,mua,173.5,True,True
rescue_luke0804_v2v1_g0_imec0,200,0,0.0,0.0,0.0,no_cached_windows,,,,,,,,,,,,,,,mua,447.5,True,True
rescue_luke0804_v2v1_g0_imec0,201,0,0.0,0.0,0.0,no_cached_windows,,,,,,,,,,,,,,,mua,140.4,True,True
rescue_luke0804_v2v1_g0_imec0,202,0,0.0,0.0,0.0,no_cached_windows,,,,,,,,,,,,,,,mua,147.4,True,True
rescue_luke0804_v2v1_g0_imec0,203,0,0.0,0.0,0.0,no_cached_windows,,,,,,,,,,,,,,,mua,0.0,True,True
rescue_luke0804_v2v1_g0_imec0,204,0,0.0,0.0,0.0,no_cached_windows,,,,,,,,,,,,,,,good,17.2,True,True
rescue_luke0804_v2v1_g0_imec0,205,0,0.0,0.0,0.0,no_cached_windows,,,,,,,,,,,,,,,good,0.0,True,True
rescue_luke0804_v2v1_g0_imec0,206,0,0.0,0.0,0.0,no_cached_windows,,,,,,,,,,,,,,,mua,0.0,True,True
rescue_luke0804_v2v1_g0_imec0,207,0,0.0,0.0,0.0,no_cached_windows,,,,,,,,,,,,,,,mua,153.8,True,True
rescue_luke0804_v2v1_g0_imec0,208,0,0.0,0.0,0.0,no_cached_windows,,,,,,,,,,,,,,,good,0.0,True,True
rescue_luke0804_v2v1_g0_imec0,209,0,0.0,0.0,0.0,no_cached_windows,,,,,,,,,,,,,,,mua,0.0,True,True
rescue_luke0804_v2v1_g0_imec0,210,0,0.0,0.0,0.0,no_cached_windows,,,,,,,,,,,,,,,good,0.0,True,True
rescue_luke0804_v2v1_g0_imec0,211,0,0.0,0.0,0.0,no_cached_windows,,,,,,,,,,,,,,,mua,0.0,True,True
rescue_luke0804_v2v1_g0_imec0,212,0,0.0,0.0,0.0,no_cached_windows,,,,,,,,,,,,,,,mua,57.1,True,True
rescue_luke0804_v2v1_g0_imec0,213,0,0.0,0.0,0.0,no_cached_windows,,,,,,,,,,,,,,,mua,0.0,True,True
rescue_luke0804_v2v1_g0_imec0,214,0,0.0,0.0,0.0,no_cached_windows,,,,,,,,,,,,,,,mua,106.5,True,True
rescue_luke0804_v2v1_g0_imec0,215,0,0.0,0.0,0.0,no_cached_windows,,,,,,,,,,,,,,,good,0.0,True,True
rescue_luke0804_v2v1_g0_imec0,216,0,0.0,0.0,0.0,no_cached_windows,,,,,,,,,,,,,,,good,15.1,True,True
rescue_luke0804_v2v1_g0_imec0,217,0,0.0,0.0,0.0,no_cached_windows,,,,,,,,,,,,,,,mua,111.8,True,True
rescue_luke0804_v2v1_g0_imec0,218,0,0.0,0.0,0.0,no_cached_windows,,,,,,,,,,,,,,,mua,0.0,True,True
rescue_luke0804_v2v1_g0_imec0,219,0,0.0,0.0,0.0,no_cached_windows,,,,,,,,,,,,,,,mua,388.9,True,True
rescue_luke0804_v2v1_g0_imec0,220,0,0.0,0.0,0.0,no_cached_windows,,,,,,,,,,,,,,,mua,0.0,True,True
rescue_luke0804_v2v1_g0_imec0,221,0,0.0,0.0,0.0,no_cached_windows,,,,,,,,,,,,,,,good,0.0,True,True
rescue_luke0804_v2v1_g0_imec0,222,0,0.0,0.0,0.0,no_cached_windows,,,,,,,,,,,,,,,good,0.0,True,True
rescue_luke0804_v2v1_g0_imec0,223,0,0.0,0.0,0.0,no_cached_windows,,,,,,,,,,,,,,,mua,27.4,True,True
rescue_luke0804_v2v1_g0_imec0,224,0,0.0,0.0,0.0,no_cached_windows,,,,,,,,,,,,,,,mua,49.4,True,True
rescue_luke0804_v2v1_g0_imec0,225,0,0.0,0.0,0.0,no_cached_windows,,,,,,,,,,,,,,,mua,288.9,True,True
rescue_luke0804_v2v1_g0_imec0,226,0,0.0,0.0,0.0,no_cached_windows,,,,,,,,,,,,,,,good,6.3,True,True
rescue_luke0804_v2v1_g0_imec0,227,0,0.0,0.0,0.0,no_cached_windows,,,,,,,,,,,,,,,mua,27.8,True,True
rescue_luke0804_v2v1_g0_imec0,228,0,0.0,0.0,0.0,no_cached_windows,,,,,,,,,,,,,,,mua,116.8,True,True
rescue_luke0804_v2v1_g0_imec0,229,0,0.0,0.0,0.0,no_cached_windows,,,,,,,,,,,,,,,good,15.3,True,True
rescue_luke0804_v2v1_g0_imec0,230,0,0.0,0.0,0.0,no_cached_windows,,,,,,,,,,,,,,,good,0.0,True,True
rescue_luke0804_v2v1_g0_imec0,231,0,0.0,0.0,0.0,no_cached_windows,,,,,,,,,,,,,,,good,10.0,True,True
rescue_luke0804_v2v1_g0_imec0,232,33,0.0,0.0,0.0,no_valid_dev_pair,,,,,,,,,,,,,,,mua,118.3,True,True
rescue_luke0804_v2v1_g0_imec0,233,69,0.0,0.0,0.0,no_valid_dev_pair,,,,,,,,,,,,,,,mua,118.4,True,True
rescue_luke0804_v2v1_g0_imec0,234,0,0.0,0.0,0.0,no_cached_windows,,,,,,,,,,,,,,,good,0.0,True,True
rescue_luke0804_v2v1_g0_imec0,235,0,0.0,0.0,0.0,no_cached_windows,,,,,,,,,,,,,,,mua,41.2,True,True
rescue_luke0804_v2v1_g0_imec0,236,0,0.0,0.0,0.0,no_cached_windows,,,,,,,,,,,,,,,good,0.0,True,True
rescue_luke0804_v2v1_g0_imec0,237,0,0.0,0.0,0.0,no_cached_windows,,,,,,,,,,,,,,,mua,2000.0,True,True
rescue_luke0804_v2v1_g0_imec0,238,0,0.0,0.0,0.0,no_cached_windows,,,,,,,,,,,,,,,good,8.5,True,True
rescue_luke0804_v2v1_g0_imec0,239,0,0.0,0.0,0.0,no_cached_windows,,,,,,,,,,,,,,,mua,47.6,True,True
rescue_luke0804_v2v1_g0_imec0,240,84,37.0,11.0,4.0,no_ordered_pair_in_same_dev_interval,,,,,,,,,,,,,,,mua,30.1,True,True
rescue_luke0804_v2v1_g0_imec0,241,0,0.0,0.0,0.0,no_cached_windows,,,,,,,,,,,,,,,mua,24.8,True,True
rescue_luke0804_v2v1_g0_imec0,242,32,0.0,0.0,0.0,no_valid_dev_pair,,,,,,,,,,,,,,,mua,112.0,True,True
rescue_luke0804_v2v1_g0_imec0,243,0,0.0,0.0,0.0,no_cached_windows,,,,,,,,,,,,,,,good,0.0,True,True
rescue_luke0804_v2v1_g0_imec0,244,0,0.0,0.0,0.0,no_cached_windows,,,,,,,,,,,,,,,mua,21.9,True,True
rescue_luke0804_v2v1_g0_imec0,245,0,0.0,0.0,0.0,no_cached_windows,,,,,,,,,,,,,,,good,0.0,True,True
rescue_luke0804_v2v1_g0_imec0,246,84,40.0,40.0,0.0,no_deteriorated_pair,,,,,,,,,,,,,,,good,4.1,True,True
rescue_luke0804_v2v1_g0_imec0,247,97,9.0,0.0,7.0,no_stable_pair,,,,,,,,,,,,,,,mua,110.4,True,True
rescue_luke0804_v2v1_g0_imec0,248,0,0.0,0.0,0.0,no_cached_windows,,,,,,,,,,,,,,,good,0.0,True,True
rescue_luke0804_v2v1_g0_imec0,249,0,0.0,0.0,0.0,no_cached_windows,,,,,,,,,,,,,,,good,0.0,True,True
rescue_luke0804_v2v1_g0_imec0,250,0,0.0,0.0,0.0,no_cached_windows,,,,,,,,,,,,,,,good,0.0,True,True
rescue_luke0804_v2v1_g0_imec0,251,0,0.0,0.0,0.0,no_cached_windows,,,,,,,,,,,,,,,good,4.0,True,True
rescue_luke0804_v2v1_g0_imec0,252,0,0.0,0.0,0.0,no_cached_windows,,,,,,,,,,,,,,,mua,64.7,True,True
rescue_luke0804_v2v1_g0_imec0,253,111,0.0,0.0,0.0,no_valid_dev_pair,,,,,,,,,,,,,,,mua,113.5,True,True
rescue_luke0804_v2v1_g0_imec0,254,111,0.0,0.0,0.0,no_valid_dev_pair,,,,,,,,,,,,,,,mua,111.4,True,True
rescue_luke0804_v2v1_g0_imec0,255,0,0.0,0.0,0.0,no_cached_windows,,,,,,,,,,,,,,,mua,0.0,True,True
rescue_luke0804_v2v1_g0_imec0,256,0,0.0,0.0,0.0,no_cached_windows,,,,,,,,,,,,,,,mua,54.8,True,True
rescue_luke0804_v2v1_g0_imec0,257,0,0.0,0.0,0.0,no_cached_windows,,,,,,,,,,,,,,,good,19.3,True,True
rescue_luke0804_v2v1_g0_imec0,258,0,0.0,0.0,0.0,no_cached_windows,,,,,,,,,,,,,,,good,0.0,True,True
rescue_luke0804_v2v1_g0_imec0,259,0,0.0,0.0,0.0,no_cached_windows,,,,,,,,,,,,,,,good,0.0,True,True
rescue_luke0804_v2v1_g0_imec0,260,0,0.0,0.0,0.0,no_cached_windows,,,,,,,,,,,,,,,good,0.0,True,True
rescue_luke0804_v2v1_g0_imec0,261,0,0.0,0.0,0.0,no_cached_windows,,,,,,,,,,,,,,,mua,0.0,True,True
rescue_luke0804_v2v1_g0_imec0,262,0,0.0,0.0,0.0,no_cached_windows,,,,,,,,,,,,,,,mua,27.9,True,True
rescue_luke0804_v2v1_g0_imec0,263,23,5.0,5.0,0.0,no_deteriorated_pair,,,,,,,,,,,,,,,good,14.7,True,True
rescue_luke0804_v2v1_g0_imec0,264,96,0.0,0.0,0.0,no_valid_dev_pair,,,,,,,,,,,,,,,mua,115.7,True,True
rescue_luke0804_v2v1_g0_imec0,265,0,0.0,0.0,0.0,no_cached_windows,,,,,,,,,,,,,,,mua,24.2,True,True
rescue_luke0804_v2v1_g0_imec0,266,0,0.0,0.0,0.0,no_cached_windows,,,,,,,,,,,,,,,good,0.0,True,True
rescue_luke0804_v2v1_g0_imec0,267,0,0.0,0.0,0.0,no_cached_windows,,,,,,,,,,,,,,,good,0.0,True,True
rescue_luke0804_v2v1_g0_imec0,268,0,0.0,0.0,0.0,no_cached_windows,,,,,,,,,,,,,,,mua,177.8,True,True
rescue_luke0804_v2v1_g0_imec0,269,29,8.0,8.0,0.0,no_deteriorated_pair,,,,,,,,,,,,,,,good,4.6,True,True
rescue_luke0804_v2v1_g0_imec0,270,0,0.0,0.0,0.0,no_cached_windows,,,,,,,,,,,,,,,mua,59.4,True,True
rescue_luke0804_v2v1_g0_imec0,271,8,0.0,0.0,0.0,no_valid_dev_pair,,,,,,,,,,,,,,,mua,86.7,True,True
rescue_luke0804_v2v1_g0_imec0,272,0,0.0,0.0,0.0,no_cached_windows,,,,,,,,,,,,,,,mua,21.5,True,True
rescue_luke0804_v2v1_g0_imec0,273,0,0.0,0.0,0.0,no_cached_windows,,,,,,,,,,,,,,,mua,0.0,True,True
rescue_luke0804_v2v1_g0_imec0,274,0,0.0,0.0,0.0,no_cached_windows,,,,,,,,,,,,,,,good,0.0,True,True
rescue_luke0804_v2v1_g0_imec0,275,0,0.0,0.0,0.0,no_cached_windows,,,,,,,,,,,,,,,good,0.0,True,True
rescue_luke0804_v2v1_g0_imec0,276,0,0.0,0.0,0.0,no_cached_windows,,,,,,,,,,,,,,,good,0.0,True,True
rescue_luke0804_v2v1_g0_imec0,277,0,0.0,0.0,0.0,no_cached_windows,,,,,,,,,,,,,,,mua,44.9,True,True
rescue_luke0804_v2v1_g0_imec0,278,0,0.0,0.0,0.0,no_cached_windows,,,,,,,,,,,,,,,good,6.0,True,True
rescue_luke0804_v2v1_g0_imec0,279,0,0.0,0.0,0.0,no_cached_windows,,,,,,,,,,,,,,,good,0.0,True,True
rescue_luke0804_v2v1_g0_imec0,280,0,0.0,0.0,0.0,no_cached_windows,,,,,,,,,,,,,,,good,6.6,True,True
rescue_luke0804_v2v1_g0_imec0,281,0,0.0,0.0,0.0,no_cached_windows,,,,,,,,,,,,,,,good,6.4,True,True
rescue_luke0804_v2v1_g0_imec0,282,0,0.0,0.0,0.0,no_cached_windows,,,,,,,,,,,,,,,mua,27.4,True,True
rescue_luke0804_v2v1_g0_imec0,283,0,0.0,0.0,0.0,no_cached_windows,,,,,,,,,,,,,,,mua,31.3,True,True
rescue_luke0804_v2v1_g0_imec0,284,102,0.0,0.0,0.0,no_valid_dev_pair,,,,,,,,,,,,,,,mua,116.9,True,True
rescue_luke0804_v2v1_g0_imec0,285,0,0.0,0.0,0.0,no_cached_windows,,,,,,,,,,,,,,,good,0.0,True,True
rescue_luke0804_v2v1_g0_imec0,286,0,0.0,0.0,0.0,no_cached_windows,,,,,,,,,,,,,,,good,9.2,True,True
rescue_luke0804_v2v1_g0_imec0,287,0,0.0,0.0,0.0,no_cached_windows,,,,,,,,,,,,,,,good,10.2,True,True
rescue_luke0804_v2v1_g0_imec0,288,0,0.0,0.0,0.0,no_cached_windows,,,,,,,,,,,,,,,mua,238.8,True,True
rescue_luke0804_v2v1_g0_imec0,289,0,0.0,0.0,0.0,no_cached_windows,,,,,,,,,,,,,,,mua,21.1,True,True
rescue_luke0804_v2v1_g0_imec0,290,146,0.0,0.0,0.0,no_valid_dev_pair,,,,,,,,,,,,,,,mua,117.9,True,True
rescue_luke0804_v2v1_g0_imec0,291,0,0.0,0.0,0.0,no_cached_windows,,,,,,,,,,,,,,,good,0.0,True,True
rescue_luke0804_v2v1_g0_imec0,292,0,0.0,0.0,0.0,no_cached_windows,,,,,,,,,,,,,,,mua,0.0,True,True
rescue_luke0804_v2v1_g0_imec0,293,0,0.0,0.0,0.0,no_cached_windows,,,,,,,,,,,,,,,good,0.0,True,True
rescue_luke0804_v2v1_g0_imec0,294,31,3.0,3.0,0.0,no_deteriorated_pair,,,,,,,,,,,,,,,good,14.1,True,True
rescue_luke0804_v2v1_g0_imec0,295,0,0.0,0.0,0.0,no_cached_windows,,,,,,,,,,,,,,,good,0.0,True,True
rescue_luke0804_v2v1_g0_imec0,296,0,0.0,0.0,0.0,no_cached_windows,,,,,,,,,,,,,,,good,5.1,True,True
rescue_luke0804_v2v1_g0_imec0,297,0,0.0,0.0,0.0,no_cached_windows,,,,,,,,,,,,,,,good,0.0,True,True
rescue_luke0804_v2v1_g0_imec0,298,0,0.0,0.0,0.0,no_cached_windows,,,,,,,,,,,,,,,mua,119.1,True,True
rescue_luke0804_v2v1_g0_imec0,299,0,0.0,0.0,0.0,no_cached_windows,,,,,,,,,,,,,,,good,8.9,True,True
rescue_luke0804_v2v1_g0_imec0,300,0,0.0,0.0,0.0,no_cached_windows,,,,,,,,,,,,,,,good,12.4,True,True
rescue_luke0804_v2v1_g0_imec0,301,10,0.0,0.0,0.0,no_valid_dev_pair,,,,,,,,,,,,,,,good,3.5,True,True
rescue_luke0804_v2v1_g0_imec0,302,85,0.0,0.0,0.0,no_valid_dev_pair,,,,,,,,,,,,,,,mua,117.1,True,True
rescue_luke0804_v2v1_g0_imec0,303,0,0.0,0.0,0.0,no_cached_windows,,,,,,,,,,,,,,,good,10.8,True,True
rescue_luke0804_v2v1_g0_imec0,304,0,0.0,0.0,0.0,no_cached_windows,,,,,,,,,,,,,,,mua,0.0,True,True
rescue_luke0804_v2v1_g0_imec0,305,0,0.0,0.0,0.0,no_cached_windows,,,,,,,,,,,,,,,good,0.0,True,True
rescue_luke0804_v2v1_g0_imec0,306,0,0.0,0.0,0.0,no_cached_windows,,,,,,,,,,,,,,,mua,44.4,True,True
rescue_luke0804_v2v1_g0_imec0,307,0,0.0,0.0,0.0,no_cached_windows,,,,,,,,,,,,,,,mua,0.0,True,True
rescue_luke0804_v2v1_g0_imec0,308,0,0.0,0.0,0.0,no_cached_windows,,,,,,,,,,,,,,,good,2.7,True,True
rescue_luke0804_v2v1_g0_imec0,309,0,0.0,0.0,0.0,no_cached_windows,,,,,,,,,,,,,,,mua,47.6,True,True
rescue_luke0804_v2v1_g0_imec0,310,0,0.0,0.0,0.0,no_cached_windows,,,,,,,,,,,,,,,good,0.0,True,True
rescue_luke0804_v2v1_g0_imec0,311,131,0.0,0.0,0.0,no_valid_dev_pair,,,,,,,,,,,,,,,mua,113.7,True,True
rescue_luke0804_v2v1_g0_imec0,312,6,1.0,1.0,0.0,no_deteriorated_pair,,,,,,,,,,,,,,,mua,21.1,True,True
rescue_luke0804_v2v1_g0_imec0,313,1,0.0,0.0,0.0,no_valid_dev_pair,,,,,,,,,,,,,,,mua,37.9,True,True
rescue_luke0804_v2v1_g0_imec0,314,0,0.0,0.0,0.0,no_cached_windows,,,,,,,,,,,,,,,good,2.7,True,True
rescue_luke0804_v2v1_g0_imec0,315,0,0.0,0.0,0.0,no_cached_windows,,,,,,,,,,,,,,,good,0.0,True,True
rescue_luke0804_v2v1_g0_imec0,316,0,0.0,0.0,0.0,no_cached_windows,,,,,,,,,,,,,,,good,0.6,True,True
rescue_luke0804_v2v1_g0_imec0,317,22,9.0,9.0,0.0,no_deteriorated_pair,,,,,,,,,,,,,,,good,1.5,True,True
rescue_luke0804_v2v1_g0_imec0,318,129,0.0,0.0,0.0,no_valid_dev_pair,,,,,,,,,,,,,,,mua,112.2,True,True
rescue_luke0804_v2v1_g0_imec0,319,7,3.0,0.0,3.0,no_stable_pair,,,,,,,,,,,,,,,good,8.7,True,True
rescue_luke0804_v2v1_g0_imec0,320,0,0.0,0.0,0.0,no_cached_windows,,,,,,,,,,,,,,,mua,0.0,True,True
rescue_luke0804_v2v1_g0_imec0,321,0,0.0,0.0,0.0,no_cached_windows,,,,,,,,,,,,,,,mua,0.0,True,True
rescue_luke0804_v2v1_g0_imec0,322,0,0.0,0.0,0.0,no_cached_windows,,,,,,,,,,,,,,,mua,0.0,True,True
rescue_luke0804_v2v1_g0_imec0,323,0,0.0,0.0,0.0,no_cached_windows,,,,,,,,,,,,,,,mua,0.0,True,True
rescue_luke0804_v2v1_g0_imec0,324,0,0.0,0.0,0.0,no_cached_windows,,,,,,,,,,,,,,,good,4.7,True,True
rescue_luke0804_v2v1_g0_imec0,325,101,0.0,0.0,0.0,no_valid_dev_pair,,,,,,,,,,,,,,,mua,101.4,True,True
rescue_luke0804_v2v1_g0_imec0,326,0,0.0,0.0,0.0,no_cached_windows,,,,,,,,,,,,,,,good,0.0,True,True
rescue_luke0804_v2v1_g0_imec0,327,0,0.0,0.0,0.0,no_cached_windows,,,,,,,,,,,,,,,good,13.6,True,True
rescue_luke0804_v2v1_g0_imec0,328,0,0.0,0.0,0.0,no_cached_windows,,,,,,,,,,,,,,,good,0.0,True,True
rescue_luke0804_v2v1_g0_imec0,329,0,0.0,0.0,0.0,no_cached_windows,,,,,,,,,,,,,,,mua,80.0,True,True
rescue_luke0804_v2v1_g0_imec0,330,0,0.0,0.0,0.0,no_cached_windows,,,,,,,,,,,,,,,good,0.0,True,True
rescue_luke0804_v2v1_g0_imec0,331,16,4.0,0.0,1.0,no_stable_pair,,,,,,,,,,,,,,,mua,30.1,True,True
rescue_luke0804_v2v1_g0_imec0,332,0,0.0,0.0,0.0,no_cached_windows,,,,,,,,,,,,,,,good,1.1,True,True
rescue_luke0804_v2v1_g0_imec0,333,170,0.0,0.0,0.0,no_valid_dev_pair,,,,,,,,,,,,,,,mua,113.9,True,True
rescue_luke0804_v2v1_g0_imec0,334,0,0.0,0.0,0.0,no_cached_windows,,,,,,,,,,,,,,,mua,0.0,True,True
rescue_luke0804_v2v1_g0_imec0,335,0,0.0,0.0,0.0,no_cached_windows,,,,,,,,,,,,,,,good,0.8,True,True
rescue_luke0804_v2v1_g0_imec0,336,0,0.0,0.0,0.0,no_cached_windows,,,,,,,,,,,,,,,good,0.0,True,True
rescue_luke0804_v2v1_g0_imec0,337,0,0.0,0.0,0.0,no_cached_windows,,,,,,,,,,,,,,,good,0.0,True,True
rescue_luke0804_v2v1_g0_imec0,338,0,0.0,0.0,0.0,no_cached_windows,,,,,,,,,,,,,,,good,0.0,True,True
rescue_luke0804_v2v1_g0_imec0,339,1,0.0,0.0,0.0,no_valid_dev_pair,,,,,,,,,,,,,,,good,8.5,True,True
rescue_luke0804_v2v1_g0_imec0,340,0,0.0,0.0,0.0,no_cached_windows,,,,,,,,,,,,,,,good,0.0,True,True
rescue_luke0804_v2v1_g0_imec0,341,15,2.0,2.0,0.0,no_deteriorated_pair,,,,,,,,,,,,,,,good,1.4,True,True
rescue_luke0804_v2v1_g0_imec0,342,191,0.0,0.0,0.0,no_valid_dev_pair,,,,,,,,,,,,,,,mua,116.1,True,True
rescue_luke0804_v2v1_g0_imec0,343,13,2.0,1.0,0.0,no_deteriorated_pair,,,,,,,,,,,,,,,good,9.8,True,True
rescue_luke0804_v2v1_g0_imec0,344,47,12.0,0.0,6.0,no_stable_pair,,,,,,,,,,,,,,,mua,30.4,True,True
rescue_luke0804_v2v1_g0_imec0,345,29,6.0,6.0,0.0,no_deteriorated_pair,,,,,,,,,,,,,,,good,13.1,True,True
rescue_luke0804_v2v1_g0_imec0,346,0,0.0,0.0,0.0,no_cached_windows,,,,,,,,,,,,,,,good,0.0,True,True
rescue_luke0804_v2v1_g0_imec0,347,0,0.0,0.0,0.0,no_cached_windows,,,,,,,,,,,,,,,mua,0.0,True,True
rescue_luke0804_v2v1_g0_imec0,348,0,0.0,0.0,0.0,no_cached_windows,,,,,,,,,,,,,,,good,0.0,True,True
rescue_luke0804_v2v1_g0_imec0,349,0,0.0,0.0,0.0,no_cached_windows,,,,,,,,,,,,,,,mua,0.0,True,True
rescue_luke0804_v2v1_g0_imec0,350,0,0.0,0.0,0.0,no_cached_windows,,,,,,,,,,,,,,,good,0.0,True,True
rescue_luke0804_v2v1_g0_imec0,351,0,0.0,0.0,0.0,no_cached_windows,,,,,,,,,,,,,,,good,3.0,True,True
rescue_luke0804_v2v1_g0_imec0,352,10,0.0,0.0,0.0,no_valid_dev_pair,,,,,,,,,,,,,,,good,0.8,True,True
rescue_luke0804_v2v1_g0_imec0,353,39,12.0,12.0,0.0,no_deteriorated_pair,,,,,,,,,,,,,,,mua,27.3,True,True
rescue_luke0804_v2v1_g0_imec0,354,127,19.0,0.0,19.0,no_stable_pair,,,,,,,,,,,,,,,mua,120.7,True,True
rescue_luke0804_v2v1_g0_imec0,355,0,0.0,0.0,0.0,no_cached_windows,,,,,,,,,,,,,,,mua,68.6,True,True
rescue_luke0804_v2v1_g0_imec0,356,0,0.0,0.0,0.0,no_cached_windows,,,,,,,,,,,,,,,good,14.7,True,True
rescue_luke0804_v2v1_g0_imec0,357,0,0.0,0.0,0.0,no_cached_windows,,,,,,,,,,,,,,,good,9.7,True,True
rescue_luke0804_v2v1_g0_imec0,358,0,0.0,0.0,0.0,no_cached_windows,,,,,,,,,,,,,,,good,0.0,True,True
rescue_luke0804_v2v1_g0_imec0,359,1,0.0,0.0,0.0,no_valid_dev_pair,,,,,,,,,,,,,,,good,8.2,True,True
rescue_luke0804_v2v1_g0_imec0,360,0,0.0,0.0,0.0,no_cached_windows,,,,,,,,,,,,,,,mua,30.3,True,True
rescue_luke0804_v2v1_g0_imec0,361,186,0.0,0.0,0.0,no_valid_dev_pair,,,,,,,,,,,,,,,mua,128.2,True,True
rescue_luke0804_v2v1_g0_imec0,362,0,0.0,0.0,0.0,no_cached_windows,,,,,,,,,,,,,,,mua,0.0,True,True
rescue_luke0804_v2v1_g0_imec0,363,27,7.0,0.0,2.0,no_stable_pair,,,,,,,,,,,,,,,mua,98.4,True,True
rescue_luke0804_v2v1_g0_imec0,364,0,0.0,0.0,0.0,no_cached_windows,,,,,,,,,,,,,,,mua,22.6,True,True
rescue_luke0804_v2v1_g0_imec0,365,0,0.0,0.0,0.0,no_cached_windows,,,,,,,,,,,,,,,good,13.0,True,True
rescue_luke0804_v2v1_g0_imec0,366,0,0.0,0.0,0.0,no_cached_windows,,,,,,,,,,,,,,,good,8.3,True,True
rescue_luke0804_v2v1_g0_imec0,367,0,0.0,0.0,0.0,no_cached_windows,,,,,,,,,,,,,,,good,0.0,True,True
rescue_luke0804_v2v1_g0_imec0,368,0,0.0,0.0,0.0,no_cached_windows,,,,,,,,,,,,,,,good,0.0,True,True
rescue_luke0804_v2v1_g0_imec0,369,0,0.0,0.0,0.0,no_cached_windows,,,,,,,,,,,,,,,mua,80.9,True,True
rescue_luke0804_v2v1_g0_imec0,370,0,0.0,0.0,0.0,no_cached_windows,,,,,,,,,,,,,,,mua,0.0,True,True
rescue_luke0804_v2v1_g0_imec0,371,6,1.0,0.0,1.0,no_stable_pair,,,,,,,,,,,,,,,mua,144.1,True,True
rescue_luke0804_v2v1_g0_imec0,372,0,0.0,0.0,0.0,no_cached_windows,,,,,,,,,,,,,,,good,15.7,True,True
rescue_luke0804_v2v1_g0_imec0,373,218,0.0,0.0,0.0,no_valid_dev_pair,,,,,,,,,,,,,,,mua,134.6,True,True
rescue_luke0804_v2v1_g0_imec0,374,0,0.0,0.0,0.0,no_cached_windows,,,,,,,,,,,,,,,good,11.5,True,True
rescue_luke0804_v2v1_g0_imec0,375,0,0.0,0.0,0.0,no_cached_windows,,,,,,,,,,,,,,,good,10.4,True,True
rescue_luke0804_v2v1_g0_imec0,376,0,0.0,0.0,0.0,no_cached_windows,,,,,,,,,,,,,,,mua,0.0,True,True
rescue_luke0804_v2v1_g0_imec0,377,0,0.0,0.0,0.0,no_cached_windows,,,,,,,,,,,,,,,mua,44.3,True,True
rescue_luke0804_v2v1_g0_imec0,378,2,1.0,1.0,0.0,no_deteriorated_pair,,,,,,,,,,,,,,,good,2.5,True,True
rescue_luke0804_v2v1_g0_imec0,379,4,2.0,0.0,0.0,no_stable_pair,,,,,,,,,,,,,,,good,4.9,True,True
rescue_luke0804_v2v1_g0_imec0,380,219,0.0,0.0,0.0,no_valid_dev_pair,,,,,,,,,,,,,,,mua,130.7,True,True
rescue_luke0804_v2v1_g0_imec0,381,0,0.0,0.0,0.0,no_cached_windows,,,,,,,,,,,,,,,mua,64.0,True,True
rescue_luke0804_v2v1_g0_imec0,382,0,0.0,0.0,0.0,no_cached_windows,,,,,,,,,,,,,,,mua,36.4,True,True
rescue_luke0804_v2v1_g0_imec0,383,0,0.0,0.0,0.0,no_cached_windows,,,,,,,,,,,,,,,good,5.2,True,True
rescue_luke0804_v2v1_g0_imec0,384,0,0.0,0.0,0.0,no_cached_windows,,,,,,,,,,,,,,,good,11.3,True,True
rescue_luke0804_v2v1_g0_imec0,385,0,0.0,0.0,0.0,no_cached_windows,,,,,,,,,,,,,,,mua,21.1,True,True
rescue_luke0804_v2v1_g0_imec0,386,12,1.0,1.0,0.0,no_deteriorated_pair,,,,,,,,,,,,,,,mua,35.2,True,True
rescue_luke0804_v2v1_g0_imec0,387,0,0.0,0.0,0.0,no_cached_windows,,,,,,,,,,,,,,,good,3.4,True,True
rescue_luke0804_v2v1_g0_imec0,388,0,0.0,0.0,0.0,no_cached_windows,,,,,,,,,,,,,,,good,19.1,True,True
rescue_luke0804_v2v1_g0_imec0,389,304,0.0,0.0,0.0,no_valid_dev_pair,,,,,,,,,,,,,,,mua,127.7,True,True
rescue_luke0804_v2v1_g0_imec0,390,0,0.0,0.0,0.0,no_cached_windows,,,,,,,,,,,,,,,good,0.0,True,True
rescue_luke0804_v2v1_g0_imec0,391,0,0.0,0.0,0.0,no_cached_windows,,,,,,,,,,,,,,,good,0.0,True,True
rescue_luke0804_v2v1_g0_imec0,392,7,0.0,0.0,0.0,no_valid_dev_pair,,,,,,,,,,,,,,,good,18.7,True,True
rescue_luke0804_v2v1_g0_imec0,393,0,0.0,0.0,0.0,no_cached_windows,,,,,,,,,,,,,,,mua,0.0,True,True
rescue_luke0804_v2v1_g0_imec0,394,0,0.0,0.0,0.0,no_cached_windows,,,,,,,,,,,,,,,mua,24.0,True,True
rescue_luke0804_v2v1_g0_imec0,395,0,0.0,0.0,0.0,no_cached_windows,,,,,,,,,,,,,,,good,0.0,True,True
rescue_luke0804_v2v1_g0_imec0,396,0,0.0,0.0,0.0,no_cached_windows,,,,,,,,,,,,,,,good,10.8,True,True
rescue_luke0804_v2v1_g0_imec0,397,0,0.0,0.0,0.0,no_cached_windows,,,,,,,,,,,,,,,good,0.0,True,True
rescue_luke0804_v2v1_g0_imec0,398,0,0.0,0.0,0.0,no_cached_windows,,,,,,,,,,,,,,,mua,20.4,True,True
rescue_luke0804_v2v1_g0_imec0,399,39,12.0,10.0,0.0,no_deteriorated_pair,,,,,,,,,,,,,,,good,13.4,True,True
rescue_luke0804_v2v1_g0_imec0,400,0,0.0,0.0,0.0,no_cached_windows,,,,,,,,,,,,,,,mua,29.4,True,True
rescue_luke0804_v2v1_g0_imec0,401,201,13.0,1.0,9.0,qualifying_transition,6685.370783756586,6993.221133510242,307.8503497536558,6781.438942316115,6884.296037992286,4.1450197886018,32.57209922023216,28.42707943163036,2.0,5.0,"[9112, 9113, 9116, 9117]",4000.0,3996.0,204.57451845482865,mua,131.2,True,True
rescue_luke0804_v2v1_g0_imec0,402,38,13.0,13.0,0.0,no_deteriorated_pair,,,,,,,,,,,,,,,mua,1119.4,True,True
rescue_luke0804_v2v1_g0_imec0,403,0,0.0,0.0,0.0,no_cached_windows,,,,,,,,,,,,,,,mua,0.0,True,True
rescue_luke0804_v2v1_g0_imec0,404,0,0.0,0.0,0.0,no_cached_windows,,,,,,,,,,,,,,,mua,39.4,True,True
rescue_luke0804_v2v1_g0_imec0,405,275,0.0,0.0,0.0,no_valid_dev_pair,,,,,,,,,,,,,,,mua,131.1,True,True
rescue_luke0804_v2v1_g0_imec0,406,0,0.0,0.0,0.0,no_cached_windows,,,,,,,,,,,,,,,good,1.5,True,True
rescue_luke0804_v2v1_g0_imec0,407,2,0.0,0.0,0.0,no_valid_dev_pair,,,,,,,,,,,,,,,good,0.2,True,True
rescue_luke0804_v2v1_g0_imec0,408,0,0.0,0.0,0.0,no_cached_windows,,,,,,,,,,,,,,,good,2.9,True,True
rescue_luke0804_v2v1_g0_imec0,409,0,0.0,0.0,0.0,no_cached_windows,,,,,,,,,,,,,,,mua,21.3,True,True
rescue_luke0804_v2v1_g0_imec0,410,0,0.0,0.0,0.0,no_cached_windows,,,,,,,,,,,,,,,mua,20.8,True,True
rescue_luke0804_v2v1_g0_imec0,411,0,0.0,0.0,0.0,no_cached_windows,,,,,,,,,,,,,,,good,0.0,True,True
rescue_luke0804_v2v1_g0_imec0,412,105,58.0,58.0,0.0,no_deteriorated_pair,,,,,,,,,,,,,,,mua,29.5,True,True
rescue_luke0804_v2v1_g0_imec0,413,0,0.0,0.0,0.0,no_cached_windows,,,,,,,,,,,,,,,good,4.7,True,True
rescue_luke0804_v2v1_g0_imec0,414,95,24.0,1.0,18.0,no_ordered_pair_in_same_dev_interval,,,,,,,,,,,,,,,mua,123.1,True,True
rescue_luke0804_v2v1_g0_imec0,415,231,1.0,0.0,1.0,no_stable_pair,,,,,,,,,,,,,,,mua,127.1,True,True
rescue_luke0804_v2v1_g0_imec0,416,30,9.0,5.0,0.0,no_deteriorated_pair,,,,,,,,,,,,,,,mua,116.7,True,True
rescue_luke0804_v2v1_g0_imec0,417,0,0.0,0.0,0.0,no_cached_windows,,,,,,,,,,,,,,,mua,83.3,True,True
rescue_luke0804_v2v1_g0_imec0,418,21,6.0,0.0,6.0,no_stable_pair,,,,,,,,,,,,,,,mua,53.1,True,True
rescue_luke0804_v2v1_g0_imec0,419,11,6.0,5.0,0.0,no_deteriorated_pair,,,,,,,,,,,,,,,good,14.6,True,True
rescue_luke0804_v2v1_g0_imec0,420,4,0.0,0.0,0.0,no_valid_dev_pair,,,,,,,,,,,,,,,good,0.4,True,True
rescue_luke0804_v2v1_g0_imec0,421,0,0.0,0.0,0.0,no_cached_windows,,,,,,,,,,,,,,,mua,52.8,True,True
rescue_luke0804_v2v1_g0_imec0,422,0,0.0,0.0,0.0,no_cached_windows,,,,,,,,,,,,,,,mua,24.7,True,True
rescue_luke0804_v2v1_g0_imec0,423,3,2.0,2.0,0.0,no_deteriorated_pair,,,,,,,,,,,,,,,mua,46.0,True,True
rescue_luke0804_v2v1_g0_imec0,424,48,22.0,8.0,2.0,no_ordered_pair_in_same_dev_interval,,,,,,,,,,,,,,,good,12.1,True,True
rescue_luke0804_v2v1_g0_imec0,425,52,24.0,16.0,0.0,no_deteriorated_pair,,,,,,,,,,,,,,,good,14.9,True,True
rescue_luke0804_v2v1_g0_imec0,426,0,0.0,0.0,0.0,no_cached_windows,,,,,,,,,,,,,,,mua,20.7,True,True
rescue_luke0804_v2v1_g0_imec0,427,216,0.0,0.0,0.0,no_valid_dev_pair,,,,,,,,,,,,,,,mua,131.9,True,True
rescue_luke0804_v2v1_g0_imec0,428,39,11.0,1.0,0.0,no_deteriorated_pair,,,,,,,,,,,,,,,mua,27.1,True,True
rescue_luke0804_v2v1_g0_imec0,429,1,0.0,0.0,0.0,no_valid_dev_pair,,,,,,,,,,,,,,,mua,37.3,True,True
rescue_luke0804_v2v1_g0_imec0,430,0,0.0,0.0,0.0,no_cached_windows,,,,,,,,,,,,,,,mua,0.0,True,True
rescue_luke0804_v2v1_g0_imec0,431,0,0.0,0.0,0.0,no_cached_windows,,,,,,,,,,,,,,,good,14.0,True,True
rescue_luke0804_v2v1_g0_imec0,432,0,0.0,0.0,0.0,no_cached_windows,,,,,,,,,,,,,,,mua,33.9,True,True
rescue_luke0804_v2v1_g0_imec0,433,0,0.0,0.0,0.0,no_cached_windows,,,,,,,,,,,,,,,good,0.0,True,True
rescue_luke0804_v2v1_g0_imec0,434,0,0.0,0.0,0.0,no_cached_windows,,,,,,,,,,,,,,,mua,625.2,True,True
rescue_luke0804_v2v1_g0_imec0,435,0,0.0,0.0,0.0,no_cached_windows,,,,,,,,,,,,,,,mua,38.2,True,True
rescue_luke0804_v2v1_g0_imec0,436,10,2.0,2.0,0.0,no_deteriorated_pair,,,,,,,,,,,,,,,mua,48.0,True,True
rescue_luke0804_v2v1_g0_imec0,437,0,0.0,0.0,0.0,no_cached_windows,,,,,,,,,,,,,,,good,0.0,True,True
rescue_luke0804_v2v1_g0_imec0,438,113,59.0,56.0,0.0,no_deteriorated_pair,,,,,,,,,,,,,,,good,9.2,True,True
rescue_luke0804_v2v1_g0_imec0,439,227,0.0,0.0,0.0,no_valid_dev_pair,,,,,,,,,,,,,,,mua,135.9,True,True
rescue_luke0804_v2v1_g0_imec0,440,0,0.0,0.0,0.0,no_cached_windows,,,,,,,,,,,,,,,mua,0.0,True,True
rescue_luke0804_v2v1_g0_imec0,441,0,0.0,0.0,0.0,no_cached_windows,,,,,,,,,,,,,,,good,0.0,True,True
rescue_luke0804_v2v1_g0_imec0,442,101,51.0,44.0,0.0,no_deteriorated_pair,,,,,,,,,,,,,,,mua,37.3,True,True
rescue_luke0804_v2v1_g0_imec0,443,0,0.0,0.0,0.0,no_cached_windows,,,,,,,,,,,,,,,good,0.0,True,True
rescue_luke0804_v2v1_g0_imec0,444,0,0.0,0.0,0.0,no_cached_windows,,,,,,,,,,,,,,,good,3.6,True,True
rescue_luke0804_v2v1_g0_imec0,445,23,5.0,5.0,0.0,no_deteriorated_pair,,,,,,,,,,,,,,,good,6.1,True,True
rescue_luke0804_v2v1_g0_imec0,446,14,0.0,0.0,0.0,no_valid_dev_pair,,,,,,,,,,,,,,,mua,28.3,True,True
rescue_luke0804_v2v1_g0_imec0,447,0,0.0,0.0,0.0,no_cached_windows,,,,,,,,,,,,,,,good,5.2,True,True
rescue_luke0804_v2v1_g0_imec0,448,8,3.0,3.0,0.0,no_deteriorated_pair,,,,,,,,,,,,,,,good,14.9,True,True
rescue_luke0804_v2v1_g0_imec0,449,280,0.0,0.0,0.0,no_valid_dev_pair,,,,,,,,,,,,,,,mua,116.7,True,True
rescue_luke0804_v2v1_g0_imec0,450,68,30.0,0.0,8.0,no_stable_pair,,,,,,,,,,,,,,,good,17.0,True,True
rescue_luke0804_v2v1_g0_imec0,451,0,0.0,0.0,0.0,no_cached_windows,,,,,,,,,,,,,,,good,0.0,True,True
rescue_luke0804_v2v1_g0_imec0,452,52,26.0,15.0,3.0,qualifying_transition,3869.575789173073,4198.764755589737,329.18896641666424,3992.419594121072,3992.434360868472,2.1533527772648506,21.189051517259443,19.035698739994594,0.0,3.0,"[11220, 11221, 11222, 11223]",4000.0,3996.0,328.4024954501833,good,1.3,True,True
rescue_luke0804_v2v1_g0_imec0,453,102,18.0,0.0,18.0,no_stable_pair,,,,,,,,,,,,,,,mua,49.5,True,True
rescue_luke0804_v2v1_g0_imec0,454,134,0.0,0.0,0.0,no_valid_dev_pair,,,,,,,,,,,,,,,mua,114.0,True,True
rescue_luke0804_v2v1_g0_imec0,455,94,49.0,1.0,11.0,no_ordered_pair_in_same_dev_interval,,,,,,,,,,,,,,,mua,20.5,True,True
rescue_luke0804_v2v1_g0_imec0,456,0,0.0,0.0,0.0,no_cached_windows,,,,,,,,,,,,,,,mua,0.0,True,True
rescue_luke0804_v2v1_g0_imec0,457,0,0.0,0.0,0.0,no_cached_windows,,,,,,,,,,,,,,,mua,20.4,True,True
rescue_luke0804_v2v1_g0_imec0,458,80,40.0,40.0,0.0,no_deteriorated_pair,,,,,,,,,,,,,,,good,2.9,True,True
rescue_luke0804_v2v1_g0_imec0,459,312,0.0,0.0,0.0,no_valid_dev_pair,,,,,,,,,,,,,,,mua,111.4,True,True
rescue_luke0804_v2v1_g0_imec0,460,0,0.0,0.0,0.0,no_cached_windows,,,,,,,,,,,,,,,good,7.1,True,True
rescue_luke0804_v2v1_g0_imec0,461,0,0.0,0.0,0.0,no_cached_windows,,,,,,,,,,,,,,,mua,37.0,True,True
rescue_luke0804_v2v1_g0_imec0,462,153,0.0,0.0,0.0,no_valid_dev_pair,,,,,,,,,,,,,,,mua,104.7,True,True
rescue_luke0804_v2v1_g0_imec0,463,41,12.0,12.0,0.0,no_deteriorated_pair,,,,,,,,,,,,,,,good,4.8,True,True
rescue_luke0804_v2v1_g0_imec0,464,0,0.0,0.0,0.0,no_cached_windows,,,,,,,,,,,,,,,mua,625.4,True,True
rescue_luke0804_v2v1_g0_imec0,465,56,24.0,24.0,0.0,no_deteriorated_pair,,,,,,,,,,,,,,,good,7.3,True,True
rescue_luke0804_v2v1_g0_imec0,466,172,0.0,0.0,0.0,no_valid_dev_pair,,,,,,,,,,,,,,,mua,93.8,True,True
rescue_luke0804_v2v1_g0_imec0,467,0,0.0,0.0,0.0,no_cached_windows,,,,,,,,,,,,,,,good,5.4,True,True
rescue_luke0804_v2v1_g0_imec0,468,79,35.0,25.0,0.0,no_deteriorated_pair,,,,,,,,,,,,,,,mua,23.5,True,True
rescue_luke0804_v2v1_g0_imec0,469,32,3.0,0.0,2.0,no_stable_pair,,,,,,,,,,,,,,,mua,36.1,True,True
rescue_luke0804_v2v1_g0_imec0,470,90,9.0,6.0,0.0,no_deteriorated_pair,,,,,,,,,,,,,,,mua,35.1,True,True
rescue_luke0804_v2v1_g0_imec0,471,0,0.0,0.0,0.0,no_cached_windows,,,,,,,,,,,,,,,good,0.0,True,True
rescue_luke0804_v2v1_g0_imec0,472,72,27.0,8.0,3.0,qualifying_transition,3755.328231222687,4249.285998467383,493.95776724469624,3983.249110650647,4049.2315047245447,3.025091408200405,28.34116083427852,25.316069426078116,1.0,3.0,"[12633, 12634, 12636, 12637]",4000.0,3996.0,427.59300441363666,good,11.3,True,True
rescue_luke0804_v2v1_g0_imec0,473,0,0.0,0.0,0.0,no_cached_windows,,,,,,,,,,,,,,,mua,0.0,True,True
rescue_luke0804_v2v1_g0_imec0,474,17,3.0,2.0,0.0,no_deteriorated_pair,,,,,,,,,,,,,,,good,13.7,True,True
rescue_luke0804_v2v1_g0_imec0,475,42,13.0,6.0,0.0,no_deteriorated_pair,,,,,,,,,,,,,,,good,6.4,True,True
rescue_luke0804_v2v1_g0_imec0,476,261,17.0,0.0,13.0,no_stable_pair,,,,,,,,,,,,,,,mua,101.6,True,True
rescue_luke0804_v2v1_g0_imec0,477,120,0.0,0.0,0.0,no_valid_dev_pair,,,,,,,,,,,,,,,mua,103.3,True,True
rescue_luke0804_v2v1_g0_imec0,478,1217,790.0,0.0,298.0,no_stable_pair,,,,,,,,,,,,,,,good,0.1,True,True
rescue_luke0804_v2v1_g0_imec0,479,0,0.0,0.0,0.0,no_cached_windows,,,,,,,,,,,,,,,mua,0.0,True,True
rescue_luke0804_v2v1_g0_imec0,480,0,0.0,0.0,0.0,no_cached_windows,,,,,,,,,,,,,,,mua,0.0,True,True
rescue_luke0804_v2v1_g0_imec0,481,33,7.0,3.0,2.0,no_ordered_pair_in_same_dev_interval,,,,,,,,,,,,,,,mua,32.6,True,True
rescue_luke0804_v2v1_g0_imec0,482,114,0.0,0.0,0.0,no_valid_dev_pair,,,,,,,,,,,,,,,mua,69.5,True,True
rescue_luke0804_v2v1_g0_imec0,483,0,0.0,0.0,0.0,no_cached_windows,,,,,,,,,,,,,,,mua,0.0,True,True
rescue_luke0804_v2v1_g0_imec0,484,0,0.0,0.0,0.0,no_cached_windows,,,,,,,,,,,,,,,good,0.0,True,True
rescue_luke0804_v2v1_g0_imec0,485,0,0.0,0.0,0.0,no_cached_windows,,,,,,,,,,,,,,,mua,0.0,True,True
rescue_luke0804_v2v1_g0_imec0,486,0,0.0,0.0,0.0,no_cached_windows,,,,,,,,,,,,,,,mua,66.6,True,True
rescue_luke0804_v2v1_g0_imec0,487,0,0.0,0.0,0.0,no_cached_windows,,,,,,,,,,,,,,,mua,0.0,True,True
rescue_luke0804_v2v1_g0_imec0,488,0,0.0,0.0,0.0,no_cached_windows,,,,,,,,,,,,,,,mua,428.6,True,True
rescue_luke0804_v2v1_g0_imec0,489,116,7.0,0.0,7.0,no_stable_pair,,,,,,,,,,,,,,,mua,65.6,True,True
rescue_luke0804_v2v1_g0_imec0,490,19,6.0,6.0,0.0,no_deteriorated_pair,,,,,,,,,,,,,,,good,2.9,True,True
rescue_luke0804_v2v1_g0_imec0,491,74,11.0,0.0,8.0,no_stable_pair,,,,,,,,,,,,,,,mua,74.8,True,True
rescue_luke0804_v2v1_g0_imec0,492,196,80.0,0.0,80.0,no_stable_pair,,,,,,,,,,,,,,,mua,62.1,True,True
rescue_luke0804_v2v1_g0_imec0,493,136,76.0,52.0,16.0,no_ordered_pair_in_same_dev_interval,,,,,,,,,,,,,,,mua,40.9,True,True
rescue_luke0804_v2v1_g0_imec0,494,0,0.0,0.0,0.0,no_cached_windows,,,,,,,,,,,,,,,good,0.0,True,True
rescue_luke0804_v2v1_g0_imec0,495,114,8.0,0.0,8.0,no_stable_pair,,,,,,,,,,,,,,,mua,77.2,True,True
rescue_luke0804_v2v1_g0_imec0,496,66,33.0,33.0,0.0,no_deteriorated_pair,,,,,,,,,,,,,,,good,2.5,True,True
rescue_luke0804_v2v1_g0_imec0,497,0,0.0,0.0,0.0,no_cached_windows,,,,,,,,,,,,,,,mua,0.0,True,True
rescue_luke0804_v2v1_g0_imec0,498,0,0.0,0.0,0.0,no_cached_windows,,,,,,,,,,,,,,,mua,0.0,True,True
rescue_luke0804_v2v1_g0_imec0,499,0,0.0,0.0,0.0,no_cached_windows,,,,,,,,,,,,,,,good,13.9,True,True
rescue_luke0804_v2v1_g0_imec0,500,0,0.0,0.0,0.0,no_cached_windows,,,,,,,,,,,,,,,mua,21.5,True,True
rescue_luke0804_v2v1_g0_imec0,501,128,17.0,1.0,10.0,no_ordered_pair_in_same_dev_interval,,,,,,,,,,,,,,,mua,61.2,True,True
rescue_luke0804_v2v1_g0_imec0,502,84,39.0,14.0,0.0,no_deteriorated_pair,,,,,,,,,,,,,,,mua,24.4,True,True
rescue_luke0804_v2v1_g0_imec0,503,1,0.0,0.0,0.0,no_valid_dev_pair,,,,,,,,,,,,,,,good,18.2,True,True
rescue_luke0804_v2v1_g0_imec0,504,0,0.0,0.0,0.0,no_cached_windows,,,,,,,,,,,,,,,mua,33.5,True,True
rescue_luke0804_v2v1_g0_imec0,505,2,0.0,0.0,0.0,no_valid_dev_pair,,,,,,,,,,,,,,,good,17.3,True,True
rescue_luke0804_v2v1_g0_imec0,506,0,0.0,0.0,0.0,no_cached_windows,,,,,,,,,,,,,,,mua,0.0,True,True
rescue_luke0804_v2v1_g0_imec0,507,0,0.0,0.0,0.0,no_cached_windows,,,,,,,,,,,,,,,mua,0.0,True,True
rescue_luke0804_v2v1_g0_imec0,508,0,0.0,0.0,0.0,no_cached_windows,,,,,,,,,,,,,,,good,0.0,True,True
rescue_luke0804_v2v1_g0_imec0,509,0,0.0,0.0,0.0,no_cached_windows,,,,,,,,,,,,,,,mua,59.2,True,True
rescue_luke0804_v2v1_g0_imec0,510,42,20.0,20.0,0.0,no_deteriorated_pair,,,,,,,,,,,,,,,mua,20.6,True,True
rescue_luke0804_v2v1_g0_imec0,511,0,0.0,0.0,0.0,no_cached_windows,,,,,,,,,,,,,,,good,0.0,True,True
rescue_luke0804_v2v1_g0_imec0,512,0,0.0,0.0,0.0,no_cached_windows,,,,,,,,,,,,,,,good,0.0,True,True
rescue_luke0804_v2v1_g0_imec0,513,0,0.0,0.0,0.0,no_cached_windows,,,,,,,,,,,,,,,good,18.8,True,True
rescue_luke0804_v2v1_g0_imec0,514,0,0.0,0.0,0.0,no_cached_windows,,,,,,,,,,,,,,,good,0.0,True,True
rescue_luke0804_v2v1_g0_imec0,515,0,0.0,0.0,0.0,no_cached_windows,,,,,,,,,,,,,,,mua,26.7,True,True
rescue_luke0804_v2v1_g0_imec0,516,0,0.0,0.0,0.0,no_cached_windows,,,,,,,,,,,,,,,good,13.3,True,True
rescue_luke0804_v2v1_g0_imec0,517,0,0.0,0.0,0.0,no_cached_windows,,,,,,,,,,,,,,,mua,32.0,True,True
rescue_luke0804_v2v1_g0_imec0,518,0,0.0,0.0,0.0,no_cached_windows,,,,,,,,,,,,,,,mua,46.5,True,True
rescue_luke0804_v2v1_g0_imec0,519,0,0.0,0.0,0.0,no_cached_windows,,,,,,,,,,,,,,,mua,33.3,True,True
rescue_luke0804_v2v1_g0_imec0,520,57,2.0,0.0,2.0,no_stable_pair,,,,,,,,,,,,,,,mua,75.8,True,True
rescue_luke0804_v2v1_g0_imec0,521,19,6.0,0.0,4.0,no_stable_pair,,,,,,,,,,,,,,,mua,40.0,True,True
rescue_luke0804_v2v1_g0_imec0,522,0,0.0,0.0,0.0,no_cached_windows,,,,,,,,,,,,,,,mua,31.2,True,True
rescue_luke0804_v2v1_g0_imec0,523,0,0.0,0.0,0.0,no_cached_windows,,,,,,,,,,,,,,,good,0.0,True,True
rescue_luke0804_v2v1_g0_imec0,524,0,0.0,0.0,0.0,no_cached_windows,,,,,,,,,,,,,,,good,0.0,True,True
rescue_luke0804_v2v1_g0_imec0,525,0,0.0,0.0,0.0,no_cached_windows,,,,,,,,,,,,,,,good,0.0,True,True
rescue_luke0804_v2v1_g0_imec0,526,1,0.0,0.0,0.0,no_valid_dev_pair,,,,,,,,,,,,,,,mua,135.7,True,True
rescue_luke0804_v2v1_g0_imec0,527,0,0.0,0.0,0.0,no_cached_windows,,,,,,,,,,,,,,,good,7.9,True,True
rescue_luke0804_v2v1_g0_imec0,528,40,5.0,0.0,0.0,no_stable_pair,,,,,,,,,,,,,,,good,15.4,True,True
rescue_luke0804_v2v1_g0_imec0,529,28,1.0,0.0,1.0,no_stable_pair,,,,,,,,,,,,,,,mua,37.1,True,True
rescue_luke0804_v2v1_g0_imec0,530,56,31.0,4.0,1.0,no_ordered_pair_in_same_dev_interval,,,,,,,,,,,,,,,mua,32.7,True,True
rescue_luke0804_v2v1_g0_imec0,531,24,9.0,1.0,1.0,qualifying_transition,185.96491671195747,783.8640855609699,597.8991688490124,352.2717592821428,645.2784945490915,2.282967070538262,27.693210806958014,25.41024373641975,4.0,0.0,"[15669, 15670, 15675, 15676]",4000.0,3996.0,304.79039969088814,mua,72.7,True,True
rescue_luke0804_v2v1_g0_imec0,532,44,6.0,1.0,1.0,no_ordered_pair_in_same_dev_interval,,,,,,,,,,,,,,,mua,44.8,True,True
rescue_luke0804_v2v1_g0_imec0,533,0,0.0,0.0,0.0,no_cached_windows,,,,,,,,,,,,,,,mua,0.0,True,True
rescue_luke0804_v2v1_g0_imec0,534,3,1.0,0.0,0.0,no_stable_pair,,,,,,,,,,,,,,,mua,97.3,True,True
rescue_luke0804_v2v1_g0_imec0,535,37,14.0,6.0,0.0,no_deteriorated_pair,,,,,,,,,,,,,,,good,7.6,True,True
rescue_luke0804_v2v1_g0_imec0,536,0,0.0,0.0,0.0,no_cached_windows,,,,,,,,,,,,,,,good,0.0,True,True
rescue_luke0804_v2v1_g0_imec0,537,84,7.0,2.0,3.0,qualifying_transition,5802.060387833641,5997.230188204097,195.16980037045687,5885.963046548316,5926.54960177746,4.292408844722907,18.90820821654861,14.615799371825702,1.0,5.0,"[15813, 15814, 15816, 15817]",4000.0,3996.0,154.5413115787187,mua,38.2,True,True
rescue_luke0804_v2v1_g0_imec0,538,128,9.0,0.0,4.0,no_stable_pair,,,,,,,,,,,,,,,mua,77.6,True,True
rescue_luke0804_v2v1_g0_imec0,539,0,0.0,0.0,0.0,no_cached_windows,,,,,,,,,,,,,,,good,0.0,True,True
rescue_luke0804_v2v1_g0_imec0,540,70,4.0,0.0,4.0,no_stable_pair,,,,,,,,,,,,,,,mua,74.7,True,True
rescue_luke0804_v2v1_g0_imec0,541,0,0.0,0.0,0.0,no_cached_windows,,,,,,,,,,,,,,,mua,93.5,True,True
rescue_luke0804_v2v1_g0_imec0,542,144,40.0,1.0,7.0,no_ordered_pair_in_same_dev_interval,,,,,,,,,,,,,,,mua,30.4,True,True
rescue_luke0804_v2v1_g0_imec0,543,0,0.0,0.0,0.0,no_cached_windows,,,,,,,,,,,,,,,good,0.0,True,True
rescue_luke0804_v2v1_g0_imec0,544,0,0.0,0.0,0.0,no_cached_windows,,,,,,,,,,,,,,,good,2.5,True,True
rescue_luke0804_v2v1_g0_imec0,545,117,56.0,28.0,2.0,qualifying_transition,7196.433311183515,7378.068870892572,181.6355597090569,7268.055469424603,7268.065869481462,0.6939439496005224,28.811669776990442,28.11772582738992,0.0,5.0,"[16275, 16276, 16277, 16278]",4000.0,3996.0,181.31329128047764,mua,34.6,True,True
rescue_luke0804_v2v1_g0_imec0,546,96,4.0,0.0,4.0,no_stable_pair,,,,,,,,,,,,,,,mua,72.5,True,True
rescue_luke0804_v2v1_g0_imec0,547,16,1.0,0.0,1.0,no_stable_pair,,,,,,,,,,,,,,,mua,42.5,True,True
rescue_luke0804_v2v1_g0_imec0,548,84,13.0,3.0,0.0,no_deteriorated_pair,,,,,,,,,,,,,,,mua,43.8,True,True
rescue_luke0804_v2v1_g0_imec0,549,265,88.0,12.0,40.0,qualifying_transition,4204.790555200804,4334.1342956854105,129.34374048460631,4268.343802660678,4268.390636250062,0.6431752301605647,31.614661091739453,30.971485861578888,0.0,3.0,"[16626, 16627, 16628, 16629]",4000.0,3996.0,129.22133981541356,mua,72.7,True,True
rescue_luke0804_v2v1_g0_imec0,550,0,0.0,0.0,0.0,no_cached_windows,,,,,,,,,,,,,,,good,0.0,True,True
rescue_luke0804_v2v1_g0_imec0,551,33,5.0,3.0,1.0,no_ordered_pair_in_same_dev_interval,,,,,,,,,,,,,,,mua,24.0,True,True
rescue_luke0804_v2v1_g0_imec0,552,1,0.0,0.0,0.0,no_valid_dev_pair,,,,,,,,,,,,,,,mua,21.3,True,True
rescue_luke0804_v2v1_g0_imec0,553,19,14.0,7.0,3.0,qualifying_transition,5802.133888235484,6360.328406676924,558.1945184414399,5954.244219856822,5954.280520055284,2.7631390671189315,34.336835195044266,31.573696127925334,0.0,5.0,"[16816, 16817, 16818, 16819]",4000.0,3996.0,558.0476843053311,good,0.7,True,True
rescue_luke0804_v2v1_g0_imec0,554,53,28.0,21.0,0.0,no_deteriorated_pair,,,,,,,,,,,,,,,mua,60.3,True,True
rescue_luke0804_v2v1_g0_imec0,555,32,6.0,1.0,1.0,no_ordered_pair_in_same_dev_interval,,,,,,,,,,,,,,,mua,51.9,True,True
rescue_luke0804_v2v1_g0_imec0,556,31,20.0,13.0,0.0,no_deteriorated_pair,,,,,,,,,,,,,,,mua,22.0,True,True
rescue_luke0804_v2v1_g0_imec0,557,326,61.0,0.0,42.0,no_stable_pair,,,,,,,,,,,,,,,mua,70.3,True,True
rescue_luke0804_v2v1_g0_imec0,558,0,0.0,0.0,0.0,no_cached_windows,,,,,,,,,,,,,,,good,0.0,True,True
rescue_luke0804_v2v1_g0_imec0,559,0,0.0,0.0,0.0,no_cached_windows,,,,,,,,,,,,,,,mua,75.6,True,True
rescue_luke0804_v2v1_g0_imec0,560,0,0.0,0.0,0.0,no_cached_windows,,,,,,,,,,,,,,,good,0.0,True,True
rescue_luke0804_v2v1_g0_imec0,561,0,0.0,0.0,0.0,no_cached_windows,,,,,,,,,,,,,,,good,0.0,True,True
rescue_luke0804_v2v1_g0_imec0,562,0,0.0,0.0,0.0,no_cached_windows,,,,,,,,,,,,,,,mua,0.0,True,True
rescue_luke0804_v2v1_g0_imec0,563,0,0.0,0.0,0.0,no_cached_windows,,,,,,,,,,,,,,,mua,0.0,True,True
rescue_luke0804_v2v1_g0_imec0,564,2,0.0,0.0,0.0,no_valid_dev_pair,,,,,,,,,,,,,,,mua,40.3,True,True
rescue_luke0804_v2v1_g0_imec0,565,1,0.0,0.0,0.0,no_valid_dev_pair,,,,,,,,,,,,,,,mua,42.5,True,True
rescue_luke0804_v2v1_g0_imec0,566,0,0.0,0.0,0.0,no_cached_windows,,,,,,,,,,,,,,,mua,23.3,True,True
rescue_luke0804_v2v1_g0_imec0,567,0,0.0,0.0,0.0,no_cached_windows,,,,,,,,,,,,,,,mua,35.2,True,True
rescue_luke0804_v2v1_g0_imec0,568,0,0.0,0.0,0.0,no_cached_windows,,,,,,,,,,,,,,,mua,156.4,True,True
rescue_luke0804_v2v1_g0_imec0,569,121,25.0,0.0,18.0,no_stable_pair,,,,,,,,,,,,,,,mua,78.3,True,True
rescue_luke0804_v2v1_g0_imec0,570,42,3.0,0.0,3.0,no_stable_pair,,,,,,,,,,,,,,,mua,86.6,True,True
rescue_luke0804_v2v1_g0_imec0,571,0,0.0,0.0,0.0,no_cached_windows,,,,,,,,,,,,,,,mua,373.6,True,True
rescue_luke0804_v2v1_g0_imec0,572,0,0.0,0.0,0.0,no_cached_windows,,,,,,,,,,,,,,,mua,195.1,True,True
rescue_luke0804_v2v1_g0_imec0,573,0,0.0,0.0,0.0,no_cached_windows,,,,,,,,,,,,,,,good,0.0,True,True
rescue_luke0804_v2v1_g0_imec0,574,0,0.0,0.0,0.0,no_cached_windows,,,,,,,,,,,,,,,mua,526.3,True,True
rescue_luke0804_v2v1_g0_imec0,575,0,0.0,0.0,0.0,no_cached_windows,,,,,,,,,,,,,,,mua,0.0,True,True
rescue_luke0804_v2v1_g0_imec0,576,0,0.0,0.0,0.0,no_cached_windows,,,,,,,,,,,,,,,mua,0.0,True,True
rescue_luke0804_v2v1_g0_imec0,577,0,0.0,0.0,0.0,no_cached_windows,,,,,,,,,,,,,,,mua,333.3,True,True
rescue_luke0804_v2v1_g0_imec0,578,0,0.0,0.0,0.0,no_cached_windows,,,,,,,,,,,,,,,mua,350.9,True,True
rescue_luke0804_v2v1_g0_imec0,579,0,0.0,0.0,0.0,no_cached_windows,,,,,,,,,,,,,,,mua,0.0,True,True
rescue_luke0804_v2v1_g0_imec0,580,0,0.0,0.0,0.0,no_cached_windows,,,,,,,,,,,,,,,mua,0.0,True,True
rescue_luke0804_v2v1_g0_imec0,581,0,0.0,0.0,0.0,no_cached_windows,,,,,,,,,,,,,,,mua,0.0,True,True
rescue_luke0804_v2v1_g0_imec0,582,0,0.0,0.0,0.0,no_cached_windows,,,,,,,,,,,,,,,good,0.0,True,True
rescue_luke0804_v2v1_g0_imec0,583,0,0.0,0.0,0.0,no_cached_windows,,,,,,,,,,,,,,,mua,0.0,True,True
rescue_luke0804_v2v1_g0_imec0,584,3,1.0,1.0,0.0,no_deteriorated_pair,,,,,,,,,,,,,,,good,2.2,True,True
rescue_luke0804_v2v1_g0_imec0,585,0,0.0,0.0,0.0,no_cached_windows,,,,,,,,,,,,,,,mua,0.0,True,True
rescue_luke0804_v2v1_g0_imec0,586,0,0.0,0.0,0.0,no_cached_windows,,,,,,,,,,,,,,,mua,39.2,True,True
rescue_luke0804_v2v1_g0_imec0,587,16,0.0,0.0,0.0,no_valid_dev_pair,,,,,,,,,,,,,,,good,2.0,True,True
rescue_luke0804_v2v1_g0_imec0,588,4,0.0,0.0,0.0,no_valid_dev_pair,,,,,,,,,,,,,,,good,2.2,True,True
rescue_luke0804_v2v1_g0_imec0,589,13,1.0,0.0,0.0,no_stable_pair,,,,,,,,,,,,,,,mua,23.4,True,True
rescue_luke0804_v2v1_g0_imec0,590,214,5.0,1.0,1.0,no_ordered_pair_in_same_dev_interval,,,,,,,,,,,,,,,mua,91.6,True,True
rescue_luke0804_v2v1_g0_imec0,591,1,0.0,0.0,0.0,no_valid_dev_pair,,,,,,,,,,,,,,,good,0.0,True,True
rescue_luke0804_v2v1_g0_imec0,592,0,0.0,0.0,0.0,no_cached_windows,,,,,,,,,,,,,,,mua,0.0,True,True
rescue_luke0804_v2v1_g0_imec0,593,0,0.0,0.0,0.0,no_cached_windows,,,,,,,,,,,,,,,mua,44927212976896.1,True,True
rescue_luke0804_v2v1_g0_imec0,594,0,0.0,0.0,0.0,no_cached_windows,,,,,,,,,,,,,,,mua,402.7,True,True
rescue_luke0804_v2v1_g0_imec0,595,0,0.0,0.0,0.0,no_cached_windows,,,,,,,,,,,,,,,mua,54.5,True,True
rescue_luke0804_v2v1_g0_imec0,596,0,0.0,0.0,0.0,no_cached_windows,,,,,,,,,,,,,,,mua,0.0,True,True
rescue_luke0804_v2v1_g0_imec0,597,0,0.0,0.0,0.0,no_cached_windows,,,,,,,,,,,,,,,good,0.0,True,True
rescue_luke0804_v2v1_g0_imec0,598,0,0.0,0.0,0.0,no_cached_windows,,,,,,,,,,,,,,,good,0.0,True,True
rescue_luke0804_v2v1_g0_imec0,599,0,0.0,0.0,0.0,no_cached_windows,,,,,,,,,,,,,,,mua,0.0,True,True
rescue_luke0804_v2v1_g0_imec0,600,0,0.0,0.0,0.0,no_cached_windows,,,,,,,,,,,,,,,good,0.0,True,True
rescue_luke0804_v2v1_g0_imec0,601,0,0.0,0.0,0.0,no_cached_windows,,,,,,,,,,,,,,,mua,0.0,True,True
rescue_luke0804_v2v1_g0_imec0,602,2,0.0,0.0,0.0,no_valid_dev_pair,,,,,,,,,,,,,,,good,0.0,True,True
rescue_luke0804_v2v1_g0_imec0,603,1,0.0,0.0,0.0,no_valid_dev_pair,,,,,,,,,,,,,,,good,0.0,True,True
rescue_luke0804_v2v1_g0_imec0,604,22,4.0,2.0,0.0,no_deteriorated_pair,,,,,,,,,,,,,,,good,11.0,True,True
rescue_luke0804_v2v1_g0_imec0,605,46,9.0,9.0,0.0,no_deteriorated_pair,,,,,,,,,,,,,,,mua,20.6,True,True
rescue_luke0804_v2v1_g0_imec0,606,232,20.0,0.0,15.0,no_stable_pair,,,,,,,,,,,,,,,mua,88.2,True,True
rescue_luke0804_v2v1_g0_imec0,607,0,0.0,0.0,0.0,no_cached_windows,,,,,,,,,,,,,,,mua,37.3,True,True
rescue_luke0804_v2v1_g0_imec0,608,0,0.0,0.0,0.0,no_cached_windows,,,,,,,,,,,,,,,mua,170.3,True,True
rescue_luke0804_v2v1_g0_imec0,609,0,0.0,0.0,0.0,no_cached_windows,,,,,,,,,,,,,,,good,0.0,True,True
rescue_luke0804_v2v1_g0_imec0,610,169,17.0,0.0,2.0,no_stable_pair,,,,,,,,,,,,,,,mua,61.1,True,True
rescue_luke0804_v2v1_g0_imec0,611,0,0.0,0.0,0.0,no_cached_windows,,,,,,,,,,,,,,,mua,171.4,True,True
rescue_luke0804_v2v1_g0_imec0,612,69,27.0,21.0,0.0,no_deteriorated_pair,,,,,,,,,,,,,,,mua,28.4,True,True
rescue_luke0804_v2v1_g0_imec0,613,0,0.0,0.0,0.0,no_cached_windows,,,,,,,,,,,,,,,mua,191.1,True,True
rescue_luke0804_v2v1_g0_imec0,614,0,0.0,0.0,0.0,no_cached_windows,,,,,,,,,,,,,,,good,0.0,True,True
rescue_luke0804_v2v1_g0_imec0,615,0,0.0,0.0,0.0,no_cached_windows,,,,,,,,,,,,,,,mua,188.4,True,True
rescue_luke0804_v2v1_g0_imec0,616,108,11.0,7.0,1.0,no_ordered_pair_in_same_dev_interval,,,,,,,,,,,,,,,mua,66.5,True,True
rescue_luke0804_v2v1_g0_imec0,617,0,0.0,0.0,0.0,no_cached_windows,,,,,,,,,,,,,,,good,0.0,True,True
rescue_luke0804_v2v1_g0_imec0,618,270,120.0,23.0,34.0,qualifying_transition,5995.604879318169,6114.905398227561,119.30051890939194,6023.423164740315,6075.170880990033,1.9638837341666382,17.277363497326785,15.313479763160148,3.0,5.0,"[18472, 18473, 18477, 18478]",4000.0,3996.0,67.52723585322747,mua,66.2,True,True
rescue_luke0804_v2v1_g0_imec0,619,0,0.0,0.0,0.0,no_cached_windows,,,,,,,,,,,,,,,good,0.0,True,True
rescue_luke0804_v2v1_g0_imec0,620,0,0.0,0.0,0.0,no_cached_windows,,,,,,,,,,,,,,,mua,31.2,True,True
rescue_luke0804_v2v1_g0_imec0,621,0,0.0,0.0,0.0,no_cached_windows,,,,,,,,,,,,,,,mua,119.4,True,True
rescue_luke0804_v2v1_g0_imec0,622,0,0.0,0.0,0.0,no_cached_windows,,,,,,,,,,,,,,,mua,153.8,True,True
rescue_luke0804_v2v1_g0_imec0,623,0,0.0,0.0,0.0,no_cached_windows,,,,,,,,,,,,,,,good,0.0,True,True
rescue_luke0804_v2v1_g0_imec0,624,51,13.0,3.0,2.0,qualifying_transition,1652.7873028259792,1912.5435229715624,259.75622014558326,1755.4800309368495,1755.6637986082155,4.004144941993805,21.723924468212417,17.719779526218613,0.0,1.0,"[18612, 18613, 18614, 18615]",4000.0,3996.0,259.52341887280613,mua,52.5,True,True
rescue_luke0804_v2v1_g0_imec0,625,181,9.0,0.0,9.0,no_stable_pair,,,,,,,,,,,,,,,good,11.7,True,True
rescue_luke0804_v2v1_g0_imec0,626,191,66.0,0.0,66.0,no_stable_pair,,,,,,,,,,,,,,,good,14.2,True,True
rescue_luke0804_v2v1_g0_imec0,627,0,0.0,0.0,0.0,no_cached_windows,,,,,,,,,,,,,,,good,7.0,True,True
rescue_luke0804_v2v1_g0_imec0,628,54,18.0,15.0,0.0,no_deteriorated_pair,,,,,,,,,,,,,,,mua,140.2,True,True
rescue_luke0804_v2v1_g0_imec0,629,175,18.0,3.0,2.0,qualifying_transition,5932.175165867016,6802.229455982521,870.054290115505,5964.771177410064,6740.286650660629,0.6478058060545875,31.11832656315398,30.47052075709939,21.0,5.0,"[19169, 19170, 19192, 19193]",4000.0,3996.0,94.52881681026884,mua,50.0,True,True
rescue_luke0804_v2v1_g0_imec0,630,0,0.0,0.0,0.0,no_cached_windows,,,,,,,,,,,,,,,mua,33.6,True,True
rescue_luke0804_v2v1_g0_imec0,631,48,22.0,3.0,17.0,no_ordered_pair_in_same_dev_interval,,,,,,,,,,,,,,,mua,26.5,True,True
rescue_luke0804_v2v1_g0_imec0,632,74,49.0,39.0,0.0,no_deteriorated_pair,,,,,,,,,,,,,,,mua,28.7,True,True
rescue_luke0804_v2v1_g0_imec0,633,16,11.0,11.0,0.0,no_deteriorated_pair,,,,,,,,,,,,,,,mua,89.2,True,True
rescue_luke0804_v2v1_g0_imec0,634,140,11.0,3.0,4.0,no_ordered_pair_in_same_dev_interval,,,,,,,,,,,,,,,mua,66.9,True,True
rescue_luke0804_v2v1_g0_imec0,635,49,14.0,0.0,7.0,no_stable_pair,,,,,,,,,,,,,,,mua,31.9,True,True
rescue_luke0804_v2v1_g0_imec0,636,0,0.0,0.0,0.0,no_cached_windows,,,,,,,,,,,,,,,good,13.8,True,True
rescue_luke0804_v2v1_g0_imec0,637,273,81.0,8.0,12.0,qualifying_transition,5428.331077904917,5572.185297721572,143.85421981665513,5488.4982735191525,5488.527307011218,4.177323987757641,31.74171947806984,27.564395490312197,0.0,4.0,"[19761, 19762, 19763, 19764]",4000.0,3996.0,143.76368598835415,mua,59.2,True,True
rescue_luke0804_v2v1_g0_imec0,638,24,4.0,2.0,1.0,no_ordered_pair_in_same_dev_interval,,,,,,,,,,,,,,,good,1.0,True,True
rescue_luke0804_v2v1_g0_imec0,639,343,81.0,6.0,21.0,qualifying_transition,6728.280385019679,6925.794231538895,197.5138465192158,6785.421030753752,6868.886853746815,3.588165698346879,28.02297550862172,24.434809810274842,3.0,5.0,"[20128, 20129, 20133, 20134]",4000.0,3996.0,113.96465640370116,mua,65.7,True,True
rescue_luke0804_v2v1_g0_imec0,640,127,39.0,9.0,14.0,no_ordered_pair_in_same_dev_interval,,,,,,,,,,,,,,,mua,47.9,True,True
rescue_luke0804_v2v1_g0_imec0,641,0,0.0,0.0,0.0,no_cached_windows,,,,,,,,,,,,,,,mua,23.4,True,True
rescue_luke0804_v2v1_g0_imec0,642,8,2.0,2.0,0.0,no_deteriorated_pair,,,,,,,,,,,,,,,good,1.1,True,True
rescue_luke0804_v2v1_g0_imec0,643,17,7.0,0.0,4.0,no_stable_pair,,,,,,,,,,,,,,,good,3.1,True,True
rescue_luke0804_v2v1_g0_imec0,644,254,70.0,8.0,24.0,qualifying_transition,6740.196283499904,6941.117615315275,200.92133181537065,6792.281868263492,6867.031610270449,1.8338391229378566,37.246059448582,35.41222032564414,3.0,5.0,"[20568, 20569, 20573, 20574]",4000.0,3996.0,126.14542299868663,mua,42.8,True,True
rescue_luke0804_v2v1_g0_imec0,645,5,2.0,0.0,0.0,no_stable_pair,,,,,,,,,,,,,,,good,18.2,True,True
rescue_luke0804_v2v1_g0_imec0,646,9,8.0,7.0,0.0,no_deteriorated_pair,,,,,,,,,,,,,,,good,0.5,True,True
rescue_luke0804_v2v1_g0_imec0,647,0,0.0,0.0,0.0,no_cached_windows,,,,,,,,,,,,,,,good,13.8,True,True
rescue_luke0804_v2v1_g0_imec0,648,0,0.0,0.0,0.0,no_cached_windows,,,,,,,,,,,,,,,mua,23.0,True,True
rescue_luke0804_v2v1_g0_imec0,649,197,52.0,5.0,24.0,no_ordered_pair_in_same_dev_interval,,,,,,,,,,,,,,,mua,49.3,True,True
rescue_luke0804_v2v1_g0_imec0,650,458,113.0,6.0,67.0,qualifying_transition,3869.6306894732256,3950.405264419298,80.77457494607233,3911.787053284866,3911.808220067256,0.16087482568182065,32.507096340849,32.34622151516718,0.0,3.0,"[20979, 20980, 20981, 20982]",4000.0,3996.0,80.72130798818444,mua,59.2,True,True
rescue_luke0804_v2v1_g0_imec0,651,5,0.0,0.0,0.0,no_valid_dev_pair,,,,,,,,,,,,,,,good,2.8,True,True
rescue_luke0804_v2v1_g0_imec0,652,35,11.0,5.0,1.0,qualifying_transition,3916.901881248779,4307.955252558703,391.0533713099244,4045.5067510271465,4159.118238833328,1.1206352207969155,21.46772200968448,20.347086788887562,2.0,3.0,"[21325, 21326, 21329, 21330]",4000.0,3996.0,277.2548158143354,good,11.8,True,True
rescue_luke0804_v2v1_g0_imec0,653,14,5.0,3.0,0.0,no_deteriorated_pair,,,,,,,,,,,,,,,good,8.6,True,True
rescue_luke0804_v2v1_g0_imec0,654,122,44.0,16.0,10.0,no_ordered_pair_in_same_dev_interval,,,,,,,,,,,,,,,mua,41.3,True,True
rescue_luke0804_v2v1_g0_imec0,655,192,29.0,3.0,10.0,qualifying_transition,3805.2555041862993,4004.126291457549,198.8707872712498,3919.8337972782224,3919.882064208775,0.014652355384079151,18.53993336822905,18.52528101284497,0.0,3.0,"[21590, 21591, 21592, 21593]",4000.0,3996.0,198.76652003453137,mua,53.2,True,True
rescue_luke0804_v2v1_g0_imec0,656,344,110.0,12.0,40.0,qualifying_transition,4142.903550183984,4194.953534752937,52.04998456895282,4159.296073138921,4175.441128074229,3.096234161513637,40.11906021905426,37.02282605754063,2.0,3.0,"[21792, 21793, 21796, 21797]",4000.0,3996.0,35.881062836493584,mua,64.3,True,True
rescue_luke0804_v2v1_g0_imec0,657,149,84.0,62.0,2.0,qualifying_transition,7178.952282277471,7410.057079112622,231.10479683515132,7252.581018155636,7252.586751520315,1.3018787011272959,21.579537538082107,20.27765883695481,0.0,5.0,"[22117, 22118, 22119, 22120]",4000.0,3996.0,230.52002697141597,mua,37.1,True,True
rescue_luke0804_v2v1_g0_imec0,658,28,8.0,6.0,0.0,no_deteriorated_pair,,,,,,,,,,,,,,,good,2.3,True,True
rescue_luke0804_v2v1_g0_imec0,659,229,70.0,21.0,19.0,qualifying_transition,6965.71581646583,7217.148191103081,251.4323746372511,7066.887536261007,7172.802481988465,2.1096343966112086,42.031464857815436,39.92183046120423,4.0,5.0,"[22350, 22351, 22356, 22357]",4000.0,3996.0,145.49699546474403,mua,52.0,True,True
rescue_luke0804_v2v1_g0_imec0,660,225,77.0,20.0,9.0,qualifying_transition,6278.7091604461775,6403.553876333605,124.84471588742781,6337.19548020402,6337.220513674217,1.8626816755432434,27.021412659926916,25.158730984383674,0.0,5.0,"[22585, 22586, 22587, 22588]",4000.0,3996.0,124.75271538444031,mua,38.1,True,True
rescue_luke0804_v2v1_g0_imec0,661,7,0.0,0.0,0.0,no_valid_dev_pair,,,,,,,,,,,,,,,mua,42.8,True,True
rescue_luke0804_v2v1_g0_imec0,662,22,11.0,5.0,2.0,no_ordered_pair_in_same_dev_interval,,,,,,,,,,,,,,,good,2.9,True,True
rescue_luke0804_v2v1_g0_imec0,663,130,34.0,18.0,2.0,no_ordered_pair_in_same_dev_interval,,,,,,,,,,,,,,,mua,41.2,True,True
rescue_luke0804_v2v1_g0_imec0,664,230,94.0,0.0,56.0,no_stable_pair,,,,,,,,,,,,,,,mua,72.4,True,True
rescue_luke0804_v2v1_g0_imec0,665,83,28.0,12.0,1.0,no_ordered_pair_in_same_dev_interval,,,,,,,,,,,,,,,good,14.6,True,True
rescue_luke0804_v2v1_g0_imec0,666,139,102.0,99.0,0.0,no_deteriorated_pair,,,,,,,,,,,,,,,mua,55.0,True,True
rescue_luke0804_v2v1_g0_imec0,667,95,29.0,11.0,2.0,no_ordered_pair_in_same_dev_interval,,,,,,,,,,,,,,,mua,45.5,True,True
rescue_luke0804_v2v1_g0_imec0,668,0,0.0,0.0,0.0,no_cached_windows,,,,,,,,,,,,,,,good,11.8,True,True
rescue_luke0804_v2v1_g0_imec0,669,6,0.0,0.0,0.0,no_valid_dev_pair,,,,,,,,,,,,,,,good,16.5,True,True
rescue_luke0804_v2v1_g0_imec0,670,0,0.0,0.0,0.0,no_cached_windows,,,,,,,,,,,,,,,mua,0.0,True,True
rescue_luke0804_v2v1_g0_imec0,671,0,0.0,0.0,0.0,no_cached_windows,,,,,,,,,,,,,,,mua,0.0,True,True
rescue_luke0804_v2v1_g0_imec0,672,0,0.0,0.0,0.0,no_cached_windows,,,,,,,,,,,,,,,mua,140.0,True,True
rescue_luke0804_v2v1_g0_imec0,673,101,51.0,26.0,3.0,qualifying_transition,6605.264279129671,6745.8993146796565,140.63503554998533,6683.85860882252,6683.864775522901,0.3082857677918254,33.744649390799786,33.43636362300796,0.0,5.0,"[23426, 23427, 23428, 23429]",4000.0,3996.0,140.61150208798972,mua,37.5,True,True
rescue_luke0804_v2v1_g0_imec0,674,140,35.0,8.0,10.0,qualifying_transition,7232.259473719856,7987.003766743049,754.7442930231928,7270.732150725287,7790.0293898398995,1.93013807583748,31.520979184698394,29.590841108860914,5.0,5.0,"[23567, 23568, 23574, 23575]",4000.0,3996.0,235.41522040120617,mua,38.8,True,True
rescue_luke0804_v2v1_g0_imec0,675,238,79.0,22.0,16.0,qualifying_transition,3999.108664025053,4070.228252851815,71.11958882676208,4037.622341254641,4037.641308025004,3.9196322007234663,15.41221243275605,11.492580232032584,0.0,3.0,"[23687, 23688, 23689, 23690]",4000.0,3996.0,71.06395518926593,mua,62.8,True,True
rescue_luke0804_v2v1_g0_imec0,676,28,8.0,0.0,8.0,no_stable_pair,,,,,,,,,,,,,,,good,0.0,True,True
rescue_luke0804_v2v1_g0_imec0,677,0,0.0,0.0,0.0,no_cached_windows,,,,,,,,,,,,,,,mua,0.0,True,True
rescue_luke0804_v2v1_g0_imec0,678,118,57.0,8.0,34.0,qualifying_transition,6540.856126995841,6794.78171526405,253.92558826820914,6653.236308070192,6730.955899647318,0.7568358811319873,18.706878252332313,17.950042371200325,2.0,5.0,"[23899, 23900, 23903, 23904]",4000.0,3996.0,176.1702298288701,mua,54.6,True,True
rescue_luke0804_v2v1_g0_imec0,679,140,57.0,13.0,10.0,no_ordered_pair_in_same_dev_interval,,,,,,,,,,,,,,,mua,54.2,True,True
rescue_luke0804_v2v1_g0_imec0,680,90,24.0,0.0,24.0,no_stable_pair,,,,,,,,,,,,,,,mua,40.7,True,True
rescue_luke0804_v2v1_g0_imec0,681,115,57.0,13.0,16.0,qualifying_transition,6667.558753040881,6738.599574770339,71.040821729458,6694.434399976078,6710.110785682399,2.419948267184838,33.31531880414096,30.89537053695612,1.0,5.0,"[24264, 24265, 24267, 24268]",4000.0,3996.0,55.356069310726525,mua,58.9,True,True
rescue_luke0804_v2v1_g0_imec0,682,60,24.0,2.0,11.0,no_ordered_pair_in_same_dev_interval,,,,,,,,,,,,,,,good,11.0,True,True
rescue_luke0804_v2v1_g0_imec0,683,12,0.0,0.0,0.0,no_valid_dev_pair,,,,,,,,,,,,,,,good,0.2,True,True
rescue_luke0804_v2v1_g0_imec0,684,140,94.0,12.0,43.0,qualifying_transition,7217.192358011218,7409.560876399771,192.36851838855273,7261.610567522211,7261.618767567042,3.762549201347482,36.76243657507958,32.9998873737321,0.0,5.0,"[24502, 24503, 24504, 24505]",4000.0,3996.0,192.29155130108938,mua,36.6,True,True
rescue_luke0804_v2v1_g0_imec0,685,0,0.0,0.0,0.0,no_cached_windows,,,,,,,,,,,,,,,mua,0.0,True,True
rescue_luke0804_v2v1_g0_imec0,686,12,5.0,0.0,0.0,no_stable_pair,,,,,,,,,,,,,,,good,6.7,True,True
rescue_luke0804_v2v1_g0_imec0,687,84,55.0,20.0,6.0,no_ordered_pair_in_same_dev_interval,,,,,,,,,,,,,,,good,0.7,True,True
rescue_luke0804_v2v1_g0_imec0,688,0,0.0,0.0,0.0,no_cached_windows,,,,,,,,,,,,,,,mua,0.0,True,True
rescue_luke0804_v2v1_g0_imec0,689,0,0.0,0.0,0.0,no_cached_windows,,,,,,,,,,,,,,,mua,31914460491752.3,True,True
rescue_luke0804_v2v1_g0_imec0,690,0,0.0,0.0,0.0,no_cached_windows,,,,,,,,,,,,,,,mua,0.0,True,True
rescue_luke0804_v2v1_g0_imec0,691,390,10.0,0.0,7.0,no_stable_pair,,,,,,,,,,,,,,,mua,69.8,True,True
rescue_luke0804_v2v1_g0_imec0,692,236,75.0,13.0,28.0,qualifying_transition,7126.348928016455,7648.182747665789,521.8338196493341,7219.405470110799,7553.122994619441,0.33805266375951426,27.275029950078274,26.936977286318758,9.0,5.0,"[25181, 25182, 25192, 25193]",4000.0,3996.0,187.74932646772504,mua,58.0,True,True
rescue_luke0804_v2v1_g0_imec0,693,295,33.0,1.0,13.0,no_ordered_pair_in_same_dev_interval,,,,,,,,,,,,,,,mua,69.7,True,True
rescue_luke0804_v2v1_g0_imec0,694,189,80.0,29.0,8.0,qualifying_transition,5848.216640180237,5957.200802687792,108.98416250755508,5907.778765819752,5907.7840658487285,0.18146566376979623,16.399562671025585,16.21809700725579,0.0,5.0,"[25636, 25637, 25638, 25639]",4000.0,3996.0,108.95929570493718,mua,37.6,True,True
rescue_luke0804_v2v1_g0_imec0,695,120,1.0,0.0,1.0,no_stable_pair,,,,,,,,,,,,,,,mua,122.9,True,True
rescue_luke0804_v2v1_g0_imec0,696,139,72.0,29.0,16.0,qualifying_transition,7196.308910503388,7476.372175005476,280.0632645020878,7249.402834113124,7313.617151853885,0.4183936260768185,29.921460688515346,29.50306706243853,2.0,5.0,"[25966, 25967, 25970, 25971]",4000.0,3996.0,215.50791156347714,mua,28.6,True,True
rescue_luke0804_v2v1_g0_imec0,697,107,52.0,49.0,1.0,no_ordered_pair_in_same_dev_interval,,,,,,,,,,,,,,,mua,46.8,True,True
rescue_luke0804_v2v1_g0_imec0,698,56,24.0,0.0,18.0,no_stable_pair,,,,,,,,,,,,,,,mua,116.9,True,True
rescue_luke0804_v2v1_g0_imec0,699,14,11.0,11.0,0.0,no_deteriorated_pair,,,,,,,,,,,,,,,mua,57.2,True,True
rescue_luke0804_v2v1_g0_imec0,700,5,1.0,0.0,0.0,no_stable_pair,,,,,,,,,,,,,,,mua,38.4,True,True
rescue_luke0804_v2v1_g0_imec0,701,0,0.0,0.0,0.0,no_cached_windows,,,,,,,,,,,,,,,mua,100.4,True,True
rescue_luke0804_v2v1_g0_imec0,702,12,0.0,0.0,0.0,no_valid_dev_pair,,,,,,,,,,,,,,,mua,67.3,True,True
rescue_luke0804_v2v1_g0_imec0,703,15,1.0,0.0,0.0,no_stable_pair,,,,,,,,,,,,,,,mua,77.2,True,True
rescue_luke0804_v2v1_g0_imec0,704,10,6.0,4.0,0.0,no_deteriorated_pair,,,,,,,,,,,,,,,mua,35.4,True,True
rescue_luke0804_v2v1_g0_imec0,705,1,0.0,0.0,0.0,no_valid_dev_pair,,,,,,,,,,,,,,,mua,186.8,True,True
rescue_luke0804_v2v1_g0_imec0,706,2,0.0,0.0,0.0,no_valid_dev_pair,,,,,,,,,,,,,,,mua,93.8,True,True
rescue_luke0804_v2v1_g0_imec0,707,0,0.0,0.0,0.0,no_cached_windows,,,,,,,,,,,,,,,mua,84.7,True,True
rescue_luke0804_v2v1_g0_imec0,708,0,0.0,0.0,0.0,no_cached_windows,,,,,,,,,,,,,,,mua,149.2,True,True
rescue_luke0804_v2v1_g0_imec0,709,0,0.0,0.0,0.0,no_cached_windows,,,,,,,,,,,,,,,mua,199.1,True,True
legacy_luke0804_v2v1_g0_imec0,0,15,1.0,0.0,1.0,no_stable_pair,,,,,,,,,,,,,,,mua,72.7,False,True
legacy_luke0804_v2v1_g0_imec0,1,36,10.0,0.0,6.0,no_stable_pair,,,,,,,,,,,,,,,good,13.7,False,True
legacy_luke0804_v2v1_g0_imec0,2,137,64.0,17.0,7.0,qualifying_transition,7091.4836374000815,7371.915203915759,280.43156651567733,7191.659518417451,7264.359215883021,0.4234834652467635,36.611534064151186,36.188050598904425,2.0,5.0,"[128, 129, 132, 133]",4000.0,3996.0,207.69250216821365,mua,27.3,False,True
legacy_luke0804_v2v1_g0_imec0,3,78,27.0,2.0,9.0,qualifying_transition,6457.145102662207,6928.097544131622,470.95244146941513,6641.588244387613,6812.23181066764,0.05800621645660365,45.07193494636513,45.01392872990853,3.0,5.0,"[224, 225, 229, 230]",4000.0,3996.0,300.23880813965025,mua,42.6,False,True
legacy_luke0804_v2v1_g0_imec0,4,222,19.0,0.0,19.0,no_stable_pair,,,,,,,,,,,,,,,mua,123.6,False,True
legacy_luke0804_v2v1_g0_imec0,5,136,0.0,0.0,0.0,no_valid_dev_pair,,,,,,,,,,,,,,,mua,124.6,False,True
legacy_luke0804_v2v1_g0_imec0,6,0,0.0,0.0,0.0,no_cached_windows,,,,,,,,,,,,,,,good,0.0,False,True
legacy_luke0804_v2v1_g0_imec0,7,2,0.0,0.0,0.0,no_valid_dev_pair,,,,,,,,,,,,,,,good,6.2,False,True
legacy_luke0804_v2v1_g0_imec0,8,0,0.0,0.0,0.0,no_cached_windows,,,,,,,,,,,,,,,good,0.0,False,True
legacy_luke0804_v2v1_g0_imec0,9,1,0.0,0.0,0.0,no_valid_dev_pair,,,,,,,,,,,,,,,good,7.1,False,True
legacy_luke0804_v2v1_g0_imec0,10,29,13.0,13.0,0.0,no_deteriorated_pair,,,,,,,,,,,,,,,good,5.4,False,True
legacy_luke0804_v2v1_g0_imec0,11,1,0.0,0.0,0.0,no_valid_dev_pair,,,,,,,,,,,,,,,mua,209.9,False,True
legacy_luke0804_v2v1_g0_imec0,12,45,18.0,0.0,5.0,no_stable_pair,,,,,,,,,,,,,,,mua,82.4,False,True
legacy_luke0804_v2v1_g0_imec0,13,13,0.0,0.0,0.0,no_valid_dev_pair,,,,,,,,,,,,,,,mua,39.4,False,True
legacy_luke0804_v2v1_g0_imec0,14,287,0.0,0.0,0.0,no_valid_dev_pair,,,,,,,,,,,,,,,mua,137.7,False,True
legacy_luke0804_v2v1_g0_imec0,15,33,12.0,12.0,0.0,no_deteriorated_pair,,,,,,,,,,,,,,,mua,50.7,False,True
legacy_luke0804_v2v1_g0_imec0,16,0,0.0,0.0,0.0,no_cached_windows,,,,,,,,,,,,,,,mua,438.8,False,True
legacy_luke0804_v2v1_g0_imec0,17,0,0.0,0.0,0.0,no_cached_windows,,,,,,,,,,,,,,,good,7.2,False,True
legacy_luke0804_v2v1_g0_imec0,18,0,0.0,0.0,0.0,no_cached_windows,,,,,,,,,,,,,,,good,9.3,False,True
legacy_luke0804_v2v1_g0_imec0,19,30,16.0,5.0,0.0,no_deteriorated_pair,,,,,,,,,,,,,,,mua,23.7,False,True
legacy_luke0804_v2v1_g0_imec0,20,27,8.0,5.0,0.0,no_deteriorated_pair,,,,,,,,,,,,,,,mua,70.2,False,True
legacy_luke0804_v2v1_g0_imec0,21,21,8.0,4.0,0.0,no_deteriorated_pair,,,,,,,,,,,,,,,mua,66.0,False,True
legacy_luke0804_v2v1_g0_imec0,22,9,0.0,0.0,0.0,no_valid_dev_pair,,,,,,,,,,,,,,,good,2.2,False,True
legacy_luke0804_v2v1_g0_imec0,23,1,0.0,0.0,0.0,no_valid_dev_pair,,,,,,,,,,,,,,,mua,90.1,False,True
legacy_luke0804_v2v1_g0_imec0,24,106,54.0,43.0,0.0,no_deteriorated_pair,,,,,,,,,,,,,,,good,7.5,False,True
legacy_luke0804_v2v1_g0_imec0,25,152,87.0,21.0,19.0,qualifying_transition,6551.41135137029,6765.842623714205,214.43127234391523,6640.178870015579,6670.74540379635,1.2237790177622767,30.284024292585976,29.0602452748237,1.0,5.0,"[1323, 1324, 1326, 1327]",4000.0,3996.0,183.83980509349294,mua,294.2,False,True
legacy_luke0804_v2v1_g0_imec0,26,221,0.0,0.0,0.0,no_valid_dev_pair,,,,,,,,,,,,,,,mua,130.5,False,True
legacy_luke0804_v2v1_g0_imec0,27,331,17.0,0.0,12.0,no_stable_pair,,,,,,,,,,,,,,,mua,143.5,False,True
legacy_luke0804_v2v1_g0_imec0,28,34,4.0,0.0,0.0,no_stable_pair,,,,,,,,,,,,,,,mua,55.3,False,True
legacy_luke0804_v2v1_g0_imec0,29,63,39.0,39.0,0.0,no_deteriorated_pair,,,,,,,,,,,,,,,good,16.2,False,True
legacy_luke0804_v2v1_g0_imec0,30,41,23.0,21.0,0.0,no_deteriorated_pair,,,,,,,,,,,,,,,good,3.9,False,True
legacy_luke0804_v2v1_g0_imec0,31,87,52.0,52.0,0.0,no_deteriorated_pair,,,,,,,,,,,,,,,mua,20.4,False,True
legacy_luke0804_v2v1_g0_imec0,32,76,31.0,25.0,2.0,no_ordered_pair_in_same_dev_interval,,,,,,,,,,,,,,,mua,31.1,False,True
legacy_luke0804_v2v1_g0_imec0,33,58,7.0,6.0,0.0,no_deteriorated_pair,,,,,,,,,,,,,,,mua,96.3,False,True
legacy_luke0804_v2v1_g0_imec0,34,287,0.0,0.0,0.0,no_valid_dev_pair,,,,,,,,,,,,,,,mua,131.2,False,True
legacy_luke0804_v2v1_g0_imec0,35,189,1.0,0.0,0.0,no_stable_pair,,,,,,,,,,,,,,,mua,145.6,False,True
legacy_luke0804_v2v1_g0_imec0,36,114,53.0,0.0,49.0,no_stable_pair,,,,,,,,,,,,,,,mua,84.0,False,True
legacy_luke0804_v2v1_g0_imec0,37,47,12.0,3.0,0.0,no_deteriorated_pair,,,,,,,,,,,,,,,mua,97.8,False,True
legacy_luke0804_v2v1_g0_imec0,38,34,24.0,24.0,0.0,no_deteriorated_pair,,,,,,,,,,,,,,,mua,51.2,False,True
legacy_luke0804_v2v1_g0_imec0,39,84,40.0,5.0,11.0,no_ordered_pair_in_same_dev_interval,,,,,,,,,,,,,,,mua,56.1,False,True
legacy_luke0804_v2v1_g0_imec0,40,113,65.0,34.0,2.0,qualifying_transition,7161.56758723144,7403.639377358939,242.0717901274993,7228.599920378923,7274.088535742065,0.40795931091852317,34.27992314870484,33.87196383778632,1.0,5.0,"[3111, 3112, 3114, 3115]",4000.0,3996.0,196.1017387989068,mua,48.9,False,True
legacy_luke0804_v2v1_g0_imec0,41,179,13.0,0.0,12.0,no_stable_pair,,,,,,,,,,,,,,,mua,140.3,False,True
legacy_luke0804_v2v1_g0_imec0,42,0,0.0,0.0,0.0,no_cached_windows,,,,,,,,,,,,,,,good,1.2,False,True
legacy_luke0804_v2v1_g0_imec0,43,15,7.0,7.0,0.0,no_deteriorated_pair,,,,,,,,,,,,,,,good,9.6,False,True
legacy_luke0804_v2v1_g0_imec0,44,0,0.0,0.0,0.0,no_cached_windows,,,,,,,,,,,,,,,good,0.0,False,True
legacy_luke0804_v2v1_g0_imec0,45,13,0.0,0.0,0.0,no_valid_dev_pair,,,,,,,,,,,,,,,mua,57.2,False,True
legacy_luke0804_v2v1_g0_imec0,46,210,3.0,0.0,1.0,no_stable_pair,,,,,,,,,,,,,,,mua,150.7,False,True
legacy_luke0804_v2v1_g0_imec0,47,47,25.0,1.0,0.0,no_deteriorated_pair,,,,,,,,,,,,,,,mua,67.8,False,True
legacy_luke0804_v2v1_g0_imec0,48,0,0.0,0.0,0.0,no_cached_windows,,,,,,,,,,,,,,,good,1.0,False,True
legacy_luke0804_v2v1_g0_imec0,49,5,0.0,0.0,0.0,no_valid_dev_pair,,,,,,,,,,,,,,,good,11.0,False,True
legacy_luke0804_v2v1_g0_imec0,50,208,2.0,0.0,2.0,no_stable_pair,,,,,,,,,,,,,,,mua,143.7,False,True
legacy_luke0804_v2v1_g0_imec0,51,0,0.0,0.0,0.0,no_cached_windows,,,,,,,,,,,,,,,good,0.0,False,True
legacy_luke0804_v2v1_g0_imec0,52,1,0.0,0.0,0.0,no_valid_dev_pair,,,,,,,,,,,,,,,good,0.0,False,True
legacy_luke0804_v2v1_g0_imec0,53,0,0.0,0.0,0.0,no_cached_windows,,,,,,,,,,,,,,,good,0.0,False,True
legacy_luke0804_v2v1_g0_imec0,54,0,0.0,0.0,0.0,no_cached_windows,,,,,,,,,,,,,,,good,0.0,False,True
legacy_luke0804_v2v1_g0_imec0,55,0,0.0,0.0,0.0,no_cached_windows,,,,,,,,,,,,,,,mua,71.6,False,True
legacy_luke0804_v2v1_g0_imec0,56,0,0.0,0.0,0.0,no_cached_windows,,,,,,,,,,,,,,,good,4.7,False,True
legacy_luke0804_v2v1_g0_imec0,57,0,0.0,0.0,0.0,no_cached_windows,,,,,,,,,,,,,,,good,0.0,False,True
legacy_luke0804_v2v1_g0_imec0,58,3,0.0,0.0,0.0,no_valid_dev_pair,,,,,,,,,,,,,,,good,4.7,False,True
legacy_luke0804_v2v1_g0_imec0,59,0,0.0,0.0,0.0,no_cached_windows,,,,,,,,,,,,,,,good,1.7,False,True
legacy_luke0804_v2v1_g0_imec0,60,195,0.0,0.0,0.0,no_valid_dev_pair,,,,,,,,,,,,,,,mua,143.3,False,True
legacy_luke0804_v2v1_g0_imec0,61,0,0.0,0.0,0.0,no_cached_windows,,,,,,,,,,,,,,,good,9.5,False,True
legacy_luke0804_v2v1_g0_imec0,62,5,0.0,0.0,0.0,no_valid_dev_pair,,,,,,,,,,,,,,,mua,23.7,False,True
legacy_luke0804_v2v1_g0_imec0,63,6,0.0,0.0,0.0,no_valid_dev_pair,,,,,,,,,,,,,,,mua,125.6,False,True
legacy_luke0804_v2v1_g0_imec0,64,0,0.0,0.0,0.0,no_cached_windows,,,,,,,,,,,,,,,good,4.0,False,True
legacy_luke0804_v2v1_g0_imec0,65,14,6.0,6.0,0.0,no_deteriorated_pair,,,,,,,,,,,,,,,good,8.1,False,True
legacy_luke0804_v2v1_g0_imec0,66,209,0.0,0.0,0.0,no_valid_dev_pair,,,,,,,,,,,,,,,mua,137.6,False,True
legacy_luke0804_v2v1_g0_imec0,67,0,0.0,0.0,0.0,no_cached_windows,,,,,,,,,,,,,,,good,7.1,False,True
legacy_luke0804_v2v1_g0_imec0,68,0,0.0,0.0,0.0,no_cached_windows,,,,,,,,,,,,,,,good,9.5,False,True
legacy_luke0804_v2v1_g0_imec0,69,40,17.0,17.0,0.0,no_deteriorated_pair,,,,,,,,,,,,,,,good,5.4,False,True
legacy_luke0804_v2v1_g0_imec0,70,0,0.0,0.0,0.0,no_cached_windows,,,,,,,,,,,,,,,mua,65.9,False,True
legacy_luke0804_v2v1_g0_imec0,71,0,0.0,0.0,0.0,no_cached_windows,,,,,,,,,,,,,,,good,9.4,False,True
legacy_luke0804_v2v1_g0_imec0,72,230,0.0,0.0,0.0,no_valid_dev_pair,,,,,,,,,,,,,,,mua,129.5,False,True
legacy_luke0804_v2v1_g0_imec0,73,0,0.0,0.0,0.0,no_cached_windows,,,,,,,,,,,,,,,good,0.0,False,True
legacy_luke0804_v2v1_g0_imec0,74,8,3.0,3.0,0.0,no_deteriorated_pair,,,,,,,,,,,,,,,good,10.9,False,True
legacy_luke0804_v2v1_g0_imec0,75,0,0.0,0.0,0.0,no_cached_windows,,,,,,,,,,,,,,,mua,49.5,False,True
legacy_luke0804_v2v1_g0_imec0,76,1,0.0,0.0,0.0,no_valid_dev_pair,,,,,,,,,,,,,,,good,7.2,False,True
legacy_luke0804_v2v1_g0_imec0,77,270,27.0,0.0,25.0,no_stable_pair,,,,,,,,,,,,,,,mua,117.5,False,True
legacy_luke0804_v2v1_g0_imec0,78,0,0.0,0.0,0.0,no_cached_windows,,,,,,,,,,,,,,,mua,0.0,False,True
legacy_luke0804_v2v1_g0_imec0,79,0,0.0,0.0,0.0,no_cached_windows,,,,,,,,,,,,,,,good,0.0,False,True
legacy_luke0804_v2v1_g0_imec0,80,1,0.0,0.0,0.0,no_valid_dev_pair,,,,,,,,,,,,,,,mua,136.9,False,True
legacy_luke0804_v2v1_g0_imec0,81,0,0.0,0.0,0.0,no_cached_windows,,,,,,,,,,,,,,,good,0.0,False,True
legacy_luke0804_v2v1_g0_imec0,82,2,0.0,0.0,0.0,no_valid_dev_pair,,,,,,,,,,,,,,,good,18.9,False,True
legacy_luke0804_v2v1_g0_imec0,83,0,0.0,0.0,0.0,no_cached_windows,,,,,,,,,,,,,,,good,9.2,False,True
legacy_luke0804_v2v1_g0_imec0,84,277,0.0,0.0,0.0,no_valid_dev_pair,,,,,,,,,,,,,,,mua,122.0,False,True
legacy_luke0804_v2v1_g0_imec0,85,296,8.0,0.0,1.0,no_stable_pair,,,,,,,,,,,,,,,mua,121.3,False,True
legacy_luke0804_v2v1_g0_imec0,86,0,0.0,0.0,0.0,no_cached_windows,,,,,,,,,,,,,,,mua,38.6,False,True
legacy_luke0804_v2v1_g0_imec0,87,0,0.0,0.0,0.0,no_cached_windows,,,,,,,,,,,,,,,good,3.2,False,True
legacy_luke0804_v2v1_g0_imec0,88,0,0.0,0.0,0.0,no_cached_windows,,,,,,,,,,,,,,,good,14.1,False,True
legacy_luke0804_v2v1_g0_imec0,89,0,0.0,0.0,0.0,no_cached_windows,,,,,,,,,,,,,,,good,10.6,False,True
legacy_luke0804_v2v1_g0_imec0,90,0,0.0,0.0,0.0,no_cached_windows,,,,,,,,,,,,,,,good,0.0,False,True
legacy_luke0804_v2v1_g0_imec0,91,0,0.0,0.0,0.0,no_cached_windows,,,,,,,,,,,,,,,good,0.0,False,True
legacy_luke0804_v2v1_g0_imec0,92,1,0.0,0.0,0.0,no_valid_dev_pair,,,,,,,,,,,,,,,mua,182.4,False,True
legacy_luke0804_v2v1_g0_imec0,93,185,0.0,0.0,0.0,no_valid_dev_pair,,,,,,,,,,,,,,,mua,123.0,False,True
legacy_luke0804_v2v1_g0_imec0,94,0,0.0,0.0,0.0,no_cached_windows,,,,,,,,,,,,,,,good,5.3,False,True
legacy_luke0804_v2v1_g0_imec0,95,0,0.0,0.0,0.0,no_cached_windows,,,,,,,,,,,,,,,mua,0.0,False,True
legacy_luke0804_v2v1_g0_imec0,96,0,0.0,0.0,0.0,no_cached_windows,,,,,,,,,,,,,,,good,15.2,False,True
legacy_luke0804_v2v1_g0_imec0,97,6,1.0,1.0,0.0,no_deteriorated_pair,,,,,,,,,,,,,,,good,16.4,False,True
legacy_luke0804_v2v1_g0_imec0,98,0,0.0,0.0,0.0,no_cached_windows,,,,,,,,,,,,,,,mua,439.1,False,True
legacy_luke0804_v2v1_g0_imec0,99,0,0.0,0.0,0.0,no_cached_windows,,,,,,,,,,,,,,,mua,57.0,False,True
legacy_luke0804_v2v1_g0_imec0,100,0,0.0,0.0,0.0,no_cached_windows,,,,,,,,,,,,,,,good,10.6,False,True
legacy_luke0804_v2v1_g0_imec0,101,181,0.0,0.0,0.0,no_valid_dev_pair,,,,,,,,,,,,,,,mua,124.4,False,True
legacy_luke0804_v2v1_g0_imec0,102,39,17.0,17.0,0.0,no_deteriorated_pair,,,,,,,,,,,,,,,good,16.2,False,True
legacy_luke0804_v2v1_g0_imec0,103,0,0.0,0.0,0.0,no_cached_windows,,,,,,,,,,,,,,,good,6.0,False,True
legacy_luke0804_v2v1_g0_imec0,104,0,0.0,0.0,0.0,no_cached_windows,,,,,,,,,,,,,,,mua,702.4,False,True
legacy_luke0804_v2v1_g0_imec0,105,1,0.0,0.0,0.0,no_valid_dev_pair,,,,,,,,,,,,,,,mua,30.2,False,True
legacy_luke0804_v2v1_g0_imec0,106,0,0.0,0.0,0.0,no_cached_windows,,,,,,,,,,,,,,,mua,22.7,False,True
legacy_luke0804_v2v1_g0_imec0,107,0,0.0,0.0,0.0,no_cached_windows,,,,,,,,,,,,,,,mua,115.7,False,True
legacy_luke0804_v2v1_g0_imec0,108,0,0.0,0.0,0.0,no_cached_windows,,,,,,,,,,,,,,,mua,49.4,False,True
legacy_luke0804_v2v1_g0_imec0,109,0,0.0,0.0,0.0,no_cached_windows,,,,,,,,,,,,,,,good,5.3,False,True
legacy_luke0804_v2v1_g0_imec0,110,0,0.0,0.0,0.0,no_cached_windows,,,,,,,,,,,,,,,mua,192.1,False,True
legacy_luke0804_v2v1_g0_imec0,111,1,0.0,0.0,0.0,no_valid_dev_pair,,,,,,,,,,,,,,,mua,28.8,False,True
legacy_luke0804_v2v1_g0_imec0,112,143,0.0,0.0,0.0,no_valid_dev_pair,,,,,,,,,,,,,,,mua,122.2,False,True
legacy_luke0804_v2v1_g0_imec0,113,0,0.0,0.0,0.0,no_cached_windows,,,,,,,,,,,,,,,mua,51.4,False,True
legacy_luke0804_v2v1_g0_imec0,114,0,0.0,0.0,0.0,no_cached_windows,,,,,,,,,,,,,,,good,0.0,False,True
legacy_luke0804_v2v1_g0_imec0,115,0,0.0,0.0,0.0,no_cached_windows,,,,,,,,,,,,,,,mua,37.9,False,True
legacy_luke0804_v2v1_g0_imec0,116,0,0.0,0.0,0.0,no_cached_windows,,,,,,,,,,,,,,,mua,135.6,False,True
legacy_luke0804_v2v1_g0_imec0,117,0,0.0,0.0,0.0,no_cached_windows,,,,,,,,,,,,,,,mua,65.6,False,True
legacy_luke0804_v2v1_g0_imec0,118,0,0.0,0.0,0.0,no_cached_windows,,,,,,,,,,,,,,,mua,46.0,False,True
legacy_luke0804_v2v1_g0_imec0,119,0,0.0,0.0,0.0,no_cached_windows,,,,,,,,,,,,,,,good,0.0,False,True
legacy_luke0804_v2v1_g0_imec0,120,0,0.0,0.0,0.0,no_cached_windows,,,,,,,,,,,,,,,good,0.0,False,True
legacy_luke0804_v2v1_g0_imec0,121,0,0.0,0.0,0.0,no_cached_windows,,,,,,,,,,,,,,,mua,27.4,False,True
legacy_luke0804_v2v1_g0_imec0,122,0,0.0,0.0,0.0,no_cached_windows,,,,,,,,,,,,,,,mua,20.3,False,True
legacy_luke0804_v2v1_g0_imec0,123,0,0.0,0.0,0.0,no_cached_windows,,,,,,,,,,,,,,,good,9.0,False,True
legacy_luke0804_v2v1_g0_imec0,124,0,0.0,0.0,0.0,no_cached_windows,,,,,,,,,,,,,,,mua,251.9,False,True
legacy_luke0804_v2v1_g0_imec0,125,173,0.0,0.0,0.0,no_valid_dev_pair,,,,,,,,,,,,,,,mua,128.7,False,True
legacy_luke0804_v2v1_g0_imec0,126,0,0.0,0.0,0.0,no_cached_windows,,,,,,,,,,,,,,,mua,50.0,False,True
legacy_luke0804_v2v1_g0_imec0,127,0,0.0,0.0,0.0,no_cached_windows,,,,,,,,,,,,,,,good,0.0,False,True
legacy_luke0804_v2v1_g0_imec0,128,0,0.0,0.0,0.0,no_cached_windows,,,,,,,,,,,,,,,good,11.8,False,True
legacy_luke0804_v2v1_g0_imec0,129,0,0.0,0.0,0.0,no_cached_windows,,,,,,,,,,,,,,,good,0.0,False,True
legacy_luke0804_v2v1_g0_imec0,130,0,0.0,0.0,0.0,no_cached_windows,,,,,,,,,,,,,,,good,0.0,False,True
legacy_luke0804_v2v1_g0_imec0,131,0,0.0,0.0,0.0,no_cached_windows,,,,,,,,,,,,,,,mua,40.7,False,True
legacy_luke0804_v2v1_g0_imec0,132,5,1.0,1.0,0.0,no_deteriorated_pair,,,,,,,,,,,,,,,mua,40.0,False,True
legacy_luke0804_v2v1_g0_imec0,133,110,0.0,0.0,0.0,no_valid_dev_pair,,,,,,,,,,,,,,,mua,130.4,False,True
legacy_luke0804_v2v1_g0_imec0,134,182,1.0,0.0,1.0,no_stable_pair,,,,,,,,,,,,,,,mua,122.6,False,True
legacy_luke0804_v2v1_g0_imec0,135,0,0.0,0.0,0.0,no_cached_windows,,,,,,,,,,,,,,,good,4.0,False,True
legacy_luke0804_v2v1_g0_imec0,136,15,6.0,5.0,0.0,no_deteriorated_pair,,,,,,,,,,,,,,,mua,31.5,False,True
legacy_luke0804_v2v1_g0_imec0,137,1,0.0,0.0,0.0,no_valid_dev_pair,,,,,,,,,,,,,,,good,19.6,False,True
legacy_luke0804_v2v1_g0_imec0,138,6,0.0,0.0,0.0,no_valid_dev_pair,,,,,,,,,,,,,,,mua,29.6,False,True
legacy_luke0804_v2v1_g0_imec0,139,12,2.0,2.0,0.0,no_deteriorated_pair,,,,,,,,,,,,,,,mua,39.6,False,True
legacy_luke0804_v2v1_g0_imec0,140,3,0.0,0.0,0.0,no_valid_dev_pair,,,,,,,,,,,,,,,good,16.9,False,True
legacy_luke0804_v2v1_g0_imec0,141,0,0.0,0.0,0.0,no_cached_windows,,,,,,,,,,,,,,,mua,1000.0,False,True
legacy_luke0804_v2v1_g0_imec0,142,0,0.0,0.0,0.0,no_cached_windows,,,,,,,,,,,,,,,good,17.7,False,True
legacy_luke0804_v2v1_g0_imec0,143,0,0.0,0.0,0.0,no_cached_windows,,,,,,,,,,,,,,,good,0.0,False,True
legacy_luke0804_v2v1_g0_imec0,144,0,0.0,0.0,0.0,no_cached_windows,,,,,,,,,,,,,,,good,12.5,False,True
legacy_luke0804_v2v1_g0_imec0,145,166,30.0,0.0,13.0,no_stable_pair,,,,,,,,,,,,,,,mua,94.3,False,True
legacy_luke0804_v2v1_g0_imec0,146,0,0.0,0.0,0.0,no_cached_windows,,,,,,,,,,,,,,,mua,50.9,False,True
legacy_luke0804_v2v1_g0_imec0,147,18,1.0,1.0,0.0,no_deteriorated_pair,,,,,,,,,,,,,,,good,1.0,False,True
legacy_luke0804_v2v1_g0_imec0,148,2,1.0,1.0,0.0,no_deteriorated_pair,,,,,,,,,,,,,,,good,4.2,False,True
legacy_luke0804_v2v1_g0_imec0,149,0,0.0,0.0,0.0,no_cached_windows,,,,,,,,,,,,,,,good,18.6,False,True
legacy_luke0804_v2v1_g0_imec0,150,39,12.0,0.0,10.0,no_stable_pair,,,,,,,,,,,,,,,mua,66.6,False,True
legacy_luke0804_v2v1_g0_imec0,151,0,0.0,0.0,0.0,no_cached_windows,,,,,,,,,,,,,,,good,12.6,False,True
legacy_luke0804_v2v1_g0_imec0,152,0,0.0,0.0,0.0,no_cached_windows,,,,,,,,,,,,,,,good,7.2,False,True
legacy_luke0804_v2v1_g0_imec0,153,0,0.0,0.0,0.0,no_cached_windows,,,,,,,,,,,,,,,good,8.2,False,True
legacy_luke0804_v2v1_g0_imec0,154,59,27.0,27.0,0.0,no_deteriorated_pair,,,,,,,,,,,,,,,good,12.3,False,True
legacy_luke0804_v2v1_g0_imec0,155,282,10.0,0.0,10.0,no_stable_pair,,,,,,,,,,,,,,,mua,98.8,False,True
legacy_luke0804_v2v1_g0_imec0,156,142,0.0,0.0,0.0,no_valid_dev_pair,,,,,,,,,,,,,,,mua,116.2,False,True
legacy_luke0804_v2v1_g0_imec0,157,0,0.0,0.0,0.0,no_cached_windows,,,,,,,,,,,,,,,mua,27.0,False,True
legacy_luke0804_v2v1_g0_imec0,158,0,0.0,0.0,0.0,no_cached_windows,,,,,,,,,,,,,,,mua,38.6,False,True
legacy_luke0804_v2v1_g0_imec0,159,0,0.0,0.0,0.0,no_cached_windows,,,,,,,,,,,,,,,mua,23.8,False,True
legacy_luke0804_v2v1_g0_imec0,160,16,0.0,0.0,0.0,no_valid_dev_pair,,,,,,,,,,,,,,,mua,129.8,False,True
legacy_luke0804_v2v1_g0_imec0,161,0,0.0,0.0,0.0,no_cached_windows,,,,,,,,,,,,,,,mua,0.0,False,True
legacy_luke0804_v2v1_g0_imec0,162,0,0.0,0.0,0.0,no_cached_windows,,,,,,,,,,,,,,,mua,55.0,False,True
legacy_luke0804_v2v1_g0_imec0,163,17,0.0,0.0,0.0,no_valid_dev_pair,,,,,,,,,,,,,,,mua,126.5,False,True
legacy_luke0804_v2v1_g0_imec0,164,0,0.0,0.0,0.0,no_cached_windows,,,,,,,,,,,,,,,mua,162.6,False,True
legacy_luke0804_v2v1_g0_imec0,165,0,0.0,0.0,0.0,no_cached_windows,,,,,,,,,,,,,,,good,0.0,False,True
legacy_luke0804_v2v1_g0_imec0,166,0,0.0,0.0,0.0,no_cached_windows,,,,,,,,,,,,,,,mua,134.4,False,True
legacy_luke0804_v2v1_g0_imec0,167,0,0.0,0.0,0.0,no_cached_windows,,,,,,,,,,,,,,,mua,0.0,False,True
legacy_luke0804_v2v1_g0_imec0,168,0,0.0,0.0,0.0,no_cached_windows,,,,,,,,,,,,,,,mua,45.7,False,True
legacy_luke0804_v2v1_g0_imec0,169,0,0.0,0.0,0.0,no_cached_windows,,,,,,,,,,,,,,,mua,800.0,False,True
legacy_luke0804_v2v1_g0_imec0,170,0,0.0,0.0,0.0,no_cached_windows,,,,,,,,,,,,,,,mua,415.9,False,True
legacy_luke0804_v2v1_g0_imec0,171,0,0.0,0.0,0.0,no_cached_windows,,,,,,,,,,,,,,,mua,130.5,False,True
legacy_luke0804_v2v1_g0_imec0,172,0,0.0,0.0,0.0,no_cached_windows,,,,,,,,,,,,,,,good,11.5,False,True
legacy_luke0804_v2v1_g0_imec0,173,0,0.0,0.0,0.0,no_cached_windows,,,,,,,,,,,,,,,mua,118.1,False,True
legacy_luke0804_v2v1_g0_imec0,174,0,0.0,0.0,0.0,no_cached_windows,,,,,,,,,,,,,,,good,0.0,False,True
legacy_luke0804_v2v1_g0_imec0,175,0,0.0,0.0,0.0,no_cached_windows,,,,,,,,,,,,,,,good,18.0,False,True
legacy_luke0804_v2v1_g0_imec0,176,0,0.0,0.0,0.0,no_cached_windows,,,,,,,,,,,,,,,good,0.0,False,True
legacy_luke0804_v2v1_g0_imec0,177,0,0.0,0.0,0.0,no_cached_windows,,,,,,,,,,,,,,,mua,54.1,False,True
legacy_luke0804_v2v1_g0_imec0,178,1,0.0,0.0,0.0,no_valid_dev_pair,,,,,,,,,,,,,,,mua,119.5,False,True
legacy_luke0804_v2v1_g0_imec0,179,11,0.0,0.0,0.0,no_valid_dev_pair,,,,,,,,,,,,,,,mua,112.2,False,True
legacy_luke0804_v2v1_g0_imec0,180,0,0.0,0.0,0.0,no_cached_windows,,,,,,,,,,,,,,,good,0.0,False,True
legacy_luke0804_v2v1_g0_imec0,181,0,0.0,0.0,0.0,no_cached_windows,,,,,,,,,,,,,,,mua,31.7,False,True
legacy_luke0804_v2v1_g0_imec0,182,0,0.0,0.0,0.0,no_cached_windows,,,,,,,,,,,,,,,good,11.2,False,True
legacy_luke0804_v2v1_g0_imec0,183,0,0.0,0.0,0.0,no_cached_windows,,,,,,,,,,,,,,,good,17.1,False,True
legacy_luke0804_v2v1_g0_imec0,184,31,0.0,0.0,0.0,no_valid_dev_pair,,,,,,,,,,,,,,,mua,117.2,False,True
legacy_luke0804_v2v1_g0_imec0,185,0,0.0,0.0,0.0,no_cached_windows,,,,,,,,,,,,,,,mua,24.2,False,True
legacy_luke0804_v2v1_g0_imec0,186,71,33.0,7.0,0.0,no_deteriorated_pair,,,,,,,,,,,,,,,mua,37.5,False,True
legacy_luke0804_v2v1_g0_imec0,187,60,0.0,0.0,0.0,no_valid_dev_pair,,,,,,,,,,,,,,,mua,115.8,False,True
legacy_luke0804_v2v1_g0_imec0,188,0,0.0,0.0,0.0,no_cached_windows,,,,,,,,,,,,,,,good,0.0,False,True
legacy_luke0804_v2v1_g0_imec0,189,0,0.0,0.0,0.0,no_cached_windows,,,,,,,,,,,,,,,good,0.0,False,True
legacy_luke0804_v2v1_g0_imec0,190,0,0.0,0.0,0.0,no_cached_windows,,,,,,,,,,,,,,,mua,30.0,False,True
legacy_luke0804_v2v1_g0_imec0,191,0,0.0,0.0,0.0,no_cached_windows,,,,,,,,,,,,,,,good,0.0,False,True
legacy_luke0804_v2v1_g0_imec0,192,144,5.0,0.0,5.0,no_stable_pair,,,,,,,,,,,,,,,mua,108.6,False,True
legacy_luke0804_v2v1_g0_imec0,193,0,0.0,0.0,0.0,no_cached_windows,,,,,,,,,,,,,,,good,0.0,False,True
legacy_luke0804_v2v1_g0_imec0,194,0,0.0,0.0,0.0,no_cached_windows,,,,,,,,,,,,,,,good,0.0,False,True
legacy_luke0804_v2v1_g0_imec0,195,0,0.0,0.0,0.0,no_cached_windows,,,,,,,,,,,,,,,mua,20.5,False,True
legacy_luke0804_v2v1_g0_imec0,196,164,0.0,0.0,0.0,no_valid_dev_pair,,,,,,,,,,,,,,,mua,111.9,False,True
legacy_luke0804_v2v1_g0_imec0,197,94,46.0,46.0,0.0,no_deteriorated_pair,,,,,,,,,,,,,,,good,9.5,False,True
legacy_luke0804_v2v1_g0_imec0,198,0,0.0,0.0,0.0,no_cached_windows,,,,,,,,,,,,,,,mua,22.0,False,True
legacy_luke0804_v2v1_g0_imec0,199,0,0.0,0.0,0.0,no_cached_windows,,,,,,,,,,,,,,,mua,36.4,False,True
legacy_luke0804_v2v1_g0_imec0,200,0,0.0,0.0,0.0,no_cached_windows,,,,,,,,,,,,,,,good,10.0,False,True
legacy_luke0804_v2v1_g0_imec0,201,0,0.0,0.0,0.0,no_cached_windows,,,,,,,,,,,,,,,good,0.0,False,True
legacy_luke0804_v2v1_g0_imec0,202,135,0.0,0.0,0.0,no_valid_dev_pair,,,,,,,,,,,,,,,mua,114.0,False,True
legacy_luke0804_v2v1_g0_imec0,203,115,0.0,0.0,0.0,no_valid_dev_pair,,,,,,,,,,,,,,,mua,110.9,False,True
legacy_luke0804_v2v1_g0_imec0,204,35,14.0,14.0,0.0,no_deteriorated_pair,,,,,,,,,,,,,,,good,8.5,False,True
legacy_luke0804_v2v1_g0_imec0,205,0,0.0,0.0,0.0,no_cached_windows,,,,,,,,,,,,,,,good,0.0,False,True
legacy_luke0804_v2v1_g0_imec0,206,25,6.0,6.0,0.0,no_deteriorated_pair,,,,,,,,,,,,,,,mua,21.5,False,True
legacy_luke0804_v2v1_g0_imec0,207,0,0.0,0.0,0.0,no_cached_windows,,,,,,,,,,,,,,,good,7.5,False,True
legacy_luke0804_v2v1_g0_imec0,208,0,0.0,0.0,0.0,no_cached_windows,,,,,,,,,,,,,,,mua,0.0,False,True
legacy_luke0804_v2v1_g0_imec0,209,0,0.0,0.0,0.0,no_cached_windows,,,,,,,,,,,,,,,good,5.2,False,True
legacy_luke0804_v2v1_g0_imec0,210,0,0.0,0.0,0.0,no_cached_windows,,,,,,,,,,,,,,,mua,0.0,False,True
legacy_luke0804_v2v1_g0_imec0,211,0,0.0,0.0,0.0,no_cached_windows,,,,,,,,,,,,,,,mua,0.0,False,True
legacy_luke0804_v2v1_g0_imec0,212,0,0.0,0.0,0.0,no_cached_windows,,,,,,,,,,,,,,,good,0.0,False,True
legacy_luke0804_v2v1_g0_imec0,213,0,0.0,0.0,0.0,no_cached_windows,,,,,,,,,,,,,,,good,13.5,False,True
legacy_luke0804_v2v1_g0_imec0,214,153,0.0,0.0,0.0,no_valid_dev_pair,,,,,,,,,,,,,,,mua,114.2,False,True
legacy_luke0804_v2v1_g0_imec0,215,157,0.0,0.0,0.0,no_valid_dev_pair,,,,,,,,,,,,,,,mua,117.7,False,True
legacy_luke0804_v2v1_g0_imec0,216,0,0.0,0.0,0.0,no_cached_windows,,,,,,,,,,,,,,,mua,58.0,False,True
legacy_luke0804_v2v1_g0_imec0,217,0,0.0,0.0,0.0,no_cached_windows,,,,,,,,,,,,,,,good,5.3,False,True
legacy_luke0804_v2v1_g0_imec0,218,0,0.0,0.0,0.0,no_cached_windows,,,,,,,,,,,,,,,mua,57.6,False,True
legacy_luke0804_v2v1_g0_imec0,219,0,0.0,0.0,0.0,no_cached_windows,,,,,,,,,,,,,,,good,15.0,False,True
legacy_luke0804_v2v1_g0_imec0,220,0,0.0,0.0,0.0,no_cached_windows,,,,,,,,,,,,,,,good,3.7,False,True
legacy_luke0804_v2v1_g0_imec0,221,0,0.0,0.0,0.0,no_cached_windows,,,,,,,,,,,,,,,mua,31.2,False,True
legacy_luke0804_v2v1_g0_imec0,222,0,0.0,0.0,0.0,no_cached_windows,,,,,,,,,,,,,,,good,0.0,False,True
legacy_luke0804_v2v1_g0_imec0,223,0,0.0,0.0,0.0,no_cached_windows,,,,,,,,,,,,,,,mua,28.4,False,True
legacy_luke0804_v2v1_g0_imec0,224,0,0.0,0.0,0.0,no_cached_windows,,,,,,,,,,,,,,,good,8.7,False,True
legacy_luke0804_v2v1_g0_imec0,225,0,0.0,0.0,0.0,no_cached_windows,,,,,,,,,,,,,,,good,4.7,False,True
legacy_luke0804_v2v1_g0_imec0,226,0,0.0,0.0,0.0,no_cached_windows,,,,,,,,,,,,,,,mua,25.7,False,True
legacy_luke0804_v2v1_g0_imec0,227,8,0.0,0.0,0.0,no_valid_dev_pair,,,,,,,,,,,,,,,good,6.4,False,True
legacy_luke0804_v2v1_g0_imec0,228,0,0.0,0.0,0.0,no_cached_windows,,,,,,,,,,,,,,,good,13.6,False,True
legacy_luke0804_v2v1_g0_imec0,229,0,0.0,0.0,0.0,no_cached_windows,,,,,,,,,,,,,,,mua,20.9,False,True
legacy_luke0804_v2v1_g0_imec0,230,100,0.0,0.0,0.0,no_valid_dev_pair,,,,,,,,,,,,,,,mua,116.4,False,True
legacy_luke0804_v2v1_g0_imec0,231,0,0.0,0.0,0.0,no_cached_windows,,,,,,,,,,,,,,,mua,38.1,False,True
legacy_luke0804_v2v1_g0_imec0,232,31,4.0,4.0,0.0,no_deteriorated_pair,,,,,,,,,,,,,,,good,14.9,False,True
legacy_luke0804_v2v1_g0_imec0,233,0,0.0,0.0,0.0,no_cached_windows,,,,,,,,,,,,,,,good,0.0,False,True
legacy_luke0804_v2v1_g0_imec0,234,0,0.0,0.0,0.0,no_cached_windows,,,,,,,,,,,,,,,good,14.5,False,True
legacy_luke0804_v2v1_g0_imec0,235,0,0.0,0.0,0.0,no_cached_windows,,,,,,,,,,,,,,,good,4.7,False,True
legacy_luke0804_v2v1_g0_imec0,236,0,0.0,0.0,0.0,no_cached_windows,,,,,,,,,,,,,,,mua,21.2,False,True
legacy_luke0804_v2v1_g0_imec0,237,97,0.0,0.0,0.0,no_valid_dev_pair,,,,,,,,,,,,,,,mua,118.2,False,True
legacy_luke0804_v2v1_g0_imec0,238,5,1.0,1.0,0.0,no_deteriorated_pair,,,,,,,,,,,,,,,mua,20.1,False,True
legacy_luke0804_v2v1_g0_imec0,239,0,0.0,0.0,0.0,no_cached_windows,,,,,,,,,,,,,,,mua,357.4,False,True
legacy_luke0804_v2v1_g0_imec0,240,0,0.0,0.0,0.0,no_cached_windows,,,,,,,,,,,,,,,good,0.0,False,True
legacy_luke0804_v2v1_g0_imec0,241,0,0.0,0.0,0.0,no_cached_windows,,,,,,,,,,,,,,,good,0.0,False,True
legacy_luke0804_v2v1_g0_imec0,242,0,0.0,0.0,0.0,no_cached_windows,,,,,,,,,,,,,,,good,0.0,False,True
legacy_luke0804_v2v1_g0_imec0,243,0,0.0,0.0,0.0,no_cached_windows,,,,,,,,,,,,,,,mua,0.0,False,True
legacy_luke0804_v2v1_g0_imec0,244,0,0.0,0.0,0.0,no_cached_windows,,,,,,,,,,,,,,,good,0.0,False,True
legacy_luke0804_v2v1_g0_imec0,245,0,0.0,0.0,0.0,no_cached_windows,,,,,,,,,,,,,,,good,8.8,False,True
legacy_luke0804_v2v1_g0_imec0,246,0,0.0,0.0,0.0,no_cached_windows,,,,,,,,,,,,,,,good,9.1,False,True
legacy_luke0804_v2v1_g0_imec0,247,143,0.0,0.0,0.0,no_valid_dev_pair,,,,,,,,,,,,,,,mua,116.3,False,True
legacy_luke0804_v2v1_g0_imec0,248,0,0.0,0.0,0.0,no_cached_windows,,,,,,,,,,,,,,,good,7.3,False,True
legacy_luke0804_v2v1_g0_imec0,249,0,0.0,0.0,0.0,no_cached_windows,,,,,,,,,,,,,,,good,1.2,False,True
legacy_luke0804_v2v1_g0_imec0,250,0,0.0,0.0,0.0,no_cached_windows,,,,,,,,,,,,,,,good,3.5,False,True
legacy_luke0804_v2v1_g0_imec0,251,0,0.0,0.0,0.0,no_cached_windows,,,,,,,,,,,,,,,good,3.1,False,True
legacy_luke0804_v2v1_g0_imec0,252,0,0.0,0.0,0.0,no_cached_windows,,,,,,,,,,,,,,,good,18.8,False,True
legacy_luke0804_v2v1_g0_imec0,253,26,10.0,10.0,0.0,no_deteriorated_pair,,,,,,,,,,,,,,,good,3.3,False,True
legacy_luke0804_v2v1_g0_imec0,254,0,0.0,0.0,0.0,no_cached_windows,,,,,,,,,,,,,,,good,13.7,False,True
legacy_luke0804_v2v1_g0_imec0,255,155,0.0,0.0,0.0,no_valid_dev_pair,,,,,,,,,,,,,,,mua,113.8,False,True
legacy_luke0804_v2v1_g0_imec0,256,0,0.0,0.0,0.0,no_cached_windows,,,,,,,,,,,,,,,good,0.0,False,True
legacy_luke0804_v2v1_g0_imec0,257,0,0.0,0.0,0.0,no_cached_windows,,,,,,,,,,,,,,,good,0.0,False,True
legacy_luke0804_v2v1_g0_imec0,258,1,0.0,0.0,0.0,no_valid_dev_pair,,,,,,,,,,,,,,,good,1.1,False,True
legacy_luke0804_v2v1_g0_imec0,259,0,0.0,0.0,0.0,no_cached_windows,,,,,,,,,,,,,,,good,2.5,False,True
legacy_luke0804_v2v1_g0_imec0,260,107,0.0,0.0,0.0,no_valid_dev_pair,,,,,,,,,,,,,,,mua,112.2,False,True
legacy_luke0804_v2v1_g0_imec0,261,0,0.0,0.0,0.0,no_cached_windows,,,,,,,,,,,,,,,good,2.5,False,True
legacy_luke0804_v2v1_g0_imec0,262,0,0.0,0.0,0.0,no_cached_windows,,,,,,,,,,,,,,,good,0.0,False,True
legacy_luke0804_v2v1_g0_imec0,263,0,0.0,0.0,0.0,no_cached_windows,,,,,,,,,,,,,,,good,12.0,False,True
legacy_luke0804_v2v1_g0_imec0,264,12,2.0,2.0,0.0,no_deteriorated_pair,,,,,,,,,,,,,,,good,0.1,False,True
legacy_luke0804_v2v1_g0_imec0,265,0,0.0,0.0,0.0,no_cached_windows,,,,,,,,,,,,,,,good,0.0,False,True
legacy_luke0804_v2v1_g0_imec0,266,10,1.0,0.0,0.0,no_stable_pair,,,,,,,,,,,,,,,mua,27.4,False,True
legacy_luke0804_v2v1_g0_imec0,267,329,1.0,0.0,1.0,no_stable_pair,,,,,,,,,,,,,,,mua,111.2,False,True
legacy_luke0804_v2v1_g0_imec0,268,0,0.0,0.0,0.0,no_cached_windows,,,,,,,,,,,,,,,good,0.0,False,True
legacy_luke0804_v2v1_g0_imec0,269,0,0.0,0.0,0.0,no_cached_windows,,,,,,,,,,,,,,,good,16.1,False,True
legacy_luke0804_v2v1_g0_imec0,270,0,0.0,0.0,0.0,no_cached_windows,,,,,,,,,,,,,,,mua,185.4,False,True
legacy_luke0804_v2v1_g0_imec0,271,0,0.0,0.0,0.0,no_cached_windows,,,,,,,,,,,,,,,good,0.0,False,True
legacy_luke0804_v2v1_g0_imec0,272,0,0.0,0.0,0.0,no_cached_windows,,,,,,,,,,,,,,,good,0.0,False,True
legacy_luke0804_v2v1_g0_imec0,273,5,0.0,0.0,0.0,no_valid_dev_pair,,,,,,,,,,,,,,,good,10.2,False,True
legacy_luke0804_v2v1_g0_imec0,274,0,0.0,0.0,0.0,no_cached_windows,,,,,,,,,,,,,,,good,10.1,False,True
legacy_luke0804_v2v1_g0_imec0,275,155,0.0,0.0,0.0,no_valid_dev_pair,,,,,,,,,,,,,,,mua,114.1,False,True
legacy_luke0804_v2v1_g0_imec0,276,0,0.0,0.0,0.0,no_cached_windows,,,,,,,,,,,,,,,good,15.8,False,True
legacy_luke0804_v2v1_g0_imec0,277,31,7.0,7.0,0.0,no_deteriorated_pair,,,,,,,,,,,,,,,good,11.1,False,True
legacy_luke0804_v2v1_g0_imec0,278,14,2.0,1.0,0.0,no_deteriorated_pair,,,,,,,,,,,,,,,good,12.2,False,True
legacy_luke0804_v2v1_g0_imec0,279,0,0.0,0.0,0.0,no_cached_windows,,,,,,,,,,,,,,,good,0.0,False,True
legacy_luke0804_v2v1_g0_imec0,280,0,0.0,0.0,0.0,no_cached_windows,,,,,,,,,,,,,,,good,0.0,False,True
legacy_luke0804_v2v1_g0_imec0,281,0,0.0,0.0,0.0,no_cached_windows,,,,,,,,,,,,,,,mua,0.0,False,True
legacy_luke0804_v2v1_g0_imec0,282,0,0.0,0.0,0.0,no_cached_windows,,,,,,,,,,,,,,,good,1.7,False,True
legacy_luke0804_v2v1_g0_imec0,283,1,0.0,0.0,0.0,no_valid_dev_pair,,,,,,,,,,,,,,,mua,39.8,False,True
legacy_luke0804_v2v1_g0_imec0,284,39,14.0,14.0,0.0,no_deteriorated_pair,,,,,,,,,,,,,,,good,10.1,False,True
legacy_luke0804_v2v1_g0_imec0,285,21,2.0,2.0,0.0,no_deteriorated_pair,,,,,,,,,,,,,,,good,3.5,False,True
legacy_luke0804_v2v1_g0_imec0,286,0,0.0,0.0,0.0,no_cached_windows,,,,,,,,,,,,,,,good,6.0,False,True
legacy_luke0804_v2v1_g0_imec0,287,348,9.0,0.0,9.0,no_stable_pair,,,,,,,,,,,,,,,mua,114.4,False,True
legacy_luke0804_v2v1_g0_imec0,288,0,0.0,0.0,0.0,no_cached_windows,,,,,,,,,,,,,,,good,1.7,False,True
legacy_luke0804_v2v1_g0_imec0,289,0,0.0,0.0,0.0,no_cached_windows,,,,,,,,,,,,,,,good,12.2,False,True
legacy_luke0804_v2v1_g0_imec0,290,140,0.0,0.0,0.0,no_valid_dev_pair,,,,,,,,,,,,,,,mua,121.9,False,True
legacy_luke0804_v2v1_g0_imec0,291,0,0.0,0.0,0.0,no_cached_windows,,,,,,,,,,,,,,,good,0.0,False,True
legacy_luke0804_v2v1_g0_imec0,292,0,0.0,0.0,0.0,no_cached_windows,,,,,,,,,,,,,,,good,0.0,False,True
legacy_luke0804_v2v1_g0_imec0,293,0,0.0,0.0,0.0,no_cached_windows,,,,,,,,,,,,,,,mua,33.3,False,True
legacy_luke0804_v2v1_g0_imec0,294,0,0.0,0.0,0.0,no_cached_windows,,,,,,,,,,,,,,,mua,63.0,False,True
legacy_luke0804_v2v1_g0_imec0,295,0,0.0,0.0,0.0,no_cached_windows,,,,,,,,,,,,,,,good,13.7,False,True
legacy_luke0804_v2v1_g0_imec0,296,272,21.0,0.0,21.0,no_stable_pair,,,,,,,,,,,,,,,mua,134.2,False,True
legacy_luke0804_v2v1_g0_imec0,297,9,4.0,4.0,0.0,no_deteriorated_pair,,,,,,,,,,,,,,,mua,38.4,False,True
legacy_luke0804_v2v1_g0_imec0,298,0,0.0,0.0,0.0,no_cached_windows,,,,,,,,,,,,,,,good,0.0,False,True
legacy_luke0804_v2v1_g0_imec0,299,10,1.0,1.0,0.0,no_deteriorated_pair,,,,,,,,,,,,,,,mua,86.9,False,True
legacy_luke0804_v2v1_g0_imec0,300,2,0.0,0.0,0.0,no_valid_dev_pair,,,,,,,,,,,,,,,mua,25.7,False,True
legacy_luke0804_v2v1_g0_imec0,301,0,0.0,0.0,0.0,no_cached_windows,,,,,,,,,,,,,,,good,16.0,False,True
legacy_luke0804_v2v1_g0_imec0,302,252,0.0,0.0,0.0,no_valid_dev_pair,,,,,,,,,,,,,,,mua,139.0,False,True
legacy_luke0804_v2v1_g0_imec0,303,0,0.0,0.0,0.0,no_cached_windows,,,,,,,,,,,,,,,mua,24.3,False,True
legacy_luke0804_v2v1_g0_imec0,304,0,0.0,0.0,0.0,no_cached_windows,,,,,,,,,,,,,,,good,3.7,False,True
legacy_luke0804_v2v1_g0_imec0,305,0,0.0,0.0,0.0,no_cached_windows,,,,,,,,,,,,,,,mua,24.1,False,True
legacy_luke0804_v2v1_g0_imec0,306,0,0.0,0.0,0.0,no_cached_windows,,,,,,,,,,,,,,,good,0.0,False,True
legacy_luke0804_v2v1_g0_imec0,307,0,0.0,0.0,0.0,no_cached_windows,,,,,,,,,,,,,,,good,2.8,False,True
legacy_luke0804_v2v1_g0_imec0,308,8,2.0,2.0,0.0,no_deteriorated_pair,,,,,,,,,,,,,,,mua,27.8,False,True
legacy_luke0804_v2v1_g0_imec0,309,177,0.0,0.0,0.0,no_valid_dev_pair,,,,,,,,,,,,,,,mua,142.0,False,True
legacy_luke0804_v2v1_g0_imec0,310,56,20.0,13.0,0.0,no_deteriorated_pair,,,,,,,,,,,,,,,mua,781.4,False,True
legacy_luke0804_v2v1_g0_imec0,311,126,37.0,8.0,6.0,qualifying_transition,7561.993409782659,7881.899892116565,319.90648233390584,7695.199004714223,7752.301683574058,0.7120243325369895,41.99988373358564,41.28785940104865,1.0,5.0,"[11045, 11046, 11048, 11049]",4000.0,3996.0,262.75720321929657,mua,57.8,False,True
legacy_luke0804_v2v1_g0_imec0,312,55,2.0,0.0,2.0,no_stable_pair,,,,,,,,,,,,,,,mua,127.3,False,True
legacy_luke0804_v2v1_g0_imec0,313,202,1.0,0.0,1.0,no_stable_pair,,,,,,,,,,,,,,,mua,136.9,False,True
legacy_luke0804_v2v1_g0_imec0,314,0,0.0,0.0,0.0,no_cached_windows,,,,,,,,,,,,,,,good,0.0,False,True
legacy_luke0804_v2v1_g0_imec0,315,13,0.0,0.0,0.0,no_valid_dev_pair,,,,,,,,,,,,,,,mua,120.0,False,True
legacy_luke0804_v2v1_g0_imec0,316,0,0.0,0.0,0.0,no_cached_windows,,,,,,,,,,,,,,,good,0.0,False,True
legacy_luke0804_v2v1_g0_imec0,317,0,0.0,0.0,0.0,no_cached_windows,,,,,,,,,,,,,,,mua,0.0,False,True
legacy_luke0804_v2v1_g0_imec0,318,0,0.0,0.0,0.0,no_cached_windows,,,,,,,,,,,,,,,good,0.0,False,True
legacy_luke0804_v2v1_g0_imec0,319,4,0.0,0.0,0.0,no_valid_dev_pair,,,,,,,,,,,,,,,mua,27.0,False,True
legacy_luke0804_v2v1_g0_imec0,320,0,0.0,0.0,0.0,no_cached_windows,,,,,,,,,,,,,,,good,14.3,False,True
legacy_luke0804_v2v1_g0_imec0,321,0,0.0,0.0,0.0,no_cached_windows,,,,,,,,,,,,,,,good,0.0,False,True
legacy_luke0804_v2v1_g0_imec0,322,343,0.0,0.0,0.0,no_valid_dev_pair,,,,,,,,,,,,,,,mua,139.9,False,True
legacy_luke0804_v2v1_g0_imec0,323,33,3.0,0.0,3.0,no_stable_pair,,,,,,,,,,,,,,,mua,133.5,False,True
legacy_luke0804_v2v1_g0_imec0,324,95,54.0,14.0,14.0,qualifying_transition,6472.033450726816,6801.055216229355,329.021765502539,6651.161730061342,6651.219863712505,4.1511919821518966,25.616451894520118,21.46525991236822,0.0,5.0,"[11786, 11787, 11788, 11789]",4000.0,3996.0,328.9290316622082,mua,26.9,False,True
legacy_luke0804_v2v1_g0_imec0,325,199,87.0,3.0,47.0,qualifying_transition,7015.842823854769,7243.887470626059,228.04464677129,7127.227632820531,7179.953854419958,3.7424203014812303,21.538735250681924,17.796314949200692,1.0,5.0,"[11959, 11960, 11962, 11963]",4000.0,3996.0,175.30765844633243,mua,114.8,False,True
legacy_luke0804_v2v1_g0_imec0,326,319,2.0,0.0,2.0,no_stable_pair,,,,,,,,,,,,,,,mua,125.8,False,True
legacy_luke0804_v2v1_g0_imec0,327,0,0.0,0.0,0.0,no_cached_windows,,,,,,,,,,,,,,,mua,45.2,False,True
legacy_luke0804_v2v1_g0_imec0,328,5,0.0,0.0,0.0,no_valid_dev_pair,,,,,,,,,,,,,,,mua,51.2,False,True
legacy_luke0804_v2v1_g0_imec0,329,65,29.0,29.0,0.0,no_deteriorated_pair,,,,,,,,,,,,,,,mua,32.8,False,True
legacy_luke0804_v2v1_g0_imec0,330,0,0.0,0.0,0.0,no_cached_windows,,,,,,,,,,,,,,,mua,271.4,False,True
legacy_luke0804_v2v1_g0_imec0,331,4,3.0,3.0,0.0,no_deteriorated_pair,,,,,,,,,,,,,,,mua,38.6,False,True
legacy_luke0804_v2v1_g0_imec0,332,17,8.0,8.0,0.0,no_deteriorated_pair,,,,,,,,,,,,,,,mua,51.8,False,True
legacy_luke0804_v2v1_g0_imec0,333,0,0.0,0.0,0.0,no_cached_windows,,,,,,,,,,,,,,,good,3.9,False,True
legacy_luke0804_v2v1_g0_imec0,334,0,0.0,0.0,0.0,no_cached_windows,,,,,,,,,,,,,,,good,6.4,False,True
legacy_luke0804_v2v1_g0_imec0,335,0,0.0,0.0,0.0,no_cached_windows,,,,,,,,,,,,,,,mua,52.7,False,True
legacy_luke0804_v2v1_g0_imec0,336,29,13.0,11.0,0.0,no_deteriorated_pair,,,,,,,,,,,,,,,good,11.9,False,True
legacy_luke0804_v2v1_g0_imec0,337,64,29.0,1.0,16.0,no_ordered_pair_in_same_dev_interval,,,,,,,,,,,,,,,mua,127.6,False,True
legacy_luke0804_v2v1_g0_imec0,338,0,0.0,0.0,0.0,no_cached_windows,,,,,,,,,,,,,,,good,14.9,False,True
legacy_luke0804_v2v1_g0_imec0,339,84,48.0,47.0,0.0,no_deteriorated_pair,,,,,,,,,,,,,,,mua,39.4,False,True
legacy_luke0804_v2v1_g0_imec0,340,402,0.0,0.0,0.0,no_valid_dev_pair,,,,,,,,,,,,,,,mua,122.3,False,True
legacy_luke0804_v2v1_g0_imec0,341,3,1.0,1.0,0.0,no_deteriorated_pair,,,,,,,,,,,,,,,mua,35.9,False,True
legacy_luke0804_v2v1_g0_imec0,342,0,0.0,0.0,0.0,no_cached_windows,,,,,,,,,,,,,,,mua,29.9,False,True
legacy_luke0804_v2v1_g0_imec0,343,19,7.0,7.0,0.0,no_deteriorated_pair,,,,,,,,,,,,,,,mua,22.7,False,True
legacy_luke0804_v2v1_g0_imec0,344,2,1.0,1.0,0.0,no_deteriorated_pair,,,,,,,,,,,,,,,mua,35.8,False,True
legacy_luke0804_v2v1_g0_imec0,345,8,2.0,2.0,0.0,no_deteriorated_pair,,,,,,,,,,,,,,,mua,43.4,False,True
legacy_luke0804_v2v1_g0_imec0,346,64,24.0,0.0,15.0,no_stable_pair,,,,,,,,,,,,,,,mua,72.3,False,True
legacy_luke0804_v2v1_g0_imec0,347,0,0.0,0.0,0.0,no_cached_windows,,,,,,,,,,,,,,,good,0.0,False,True
legacy_luke0804_v2v1_g0_imec0,348,3,1.0,1.0,0.0,no_deteriorated_pair,,,,,,,,,,,,,,,mua,32.1,False,True
legacy_luke0804_v2v1_g0_imec0,349,132,71.0,71.0,0.0,no_deteriorated_pair,,,,,,,,,,,,,,,good,17.2,False,True
legacy_luke0804_v2v1_g0_imec0,350,239,3.0,0.0,3.0,no_stable_pair,,,,,,,,,,,,,,,mua,119.0,False,True
legacy_luke0804_v2v1_g0_imec0,351,170,16.0,0.0,16.0,no_stable_pair,,,,,,,,,,,,,,,mua,129.7,False,True
legacy_luke0804_v2v1_g0_imec0,352,29,6.0,6.0,0.0,no_deteriorated_pair,,,,,,,,,,,,,,,good,6.7,False,True
legacy_luke0804_v2v1_g0_imec0,353,246,0.0,0.0,0.0,no_valid_dev_pair,,,,,,,,,,,,,,,mua,118.1,False,True
legacy_luke0804_v2v1_g0_imec0,354,235,0.0,0.0,0.0,no_valid_dev_pair,,,,,,,,,,,,,,,mua,112.6,False,True
legacy_luke0804_v2v1_g0_imec0,355,122,57.0,0.0,50.0,no_stable_pair,,,,,,,,,,,,,,,mua,54.3,False,True
legacy_luke0804_v2v1_g0_imec0,356,64,26.0,3.0,3.0,qualifying_transition,6701.743106601085,7189.253471929721,487.510365328636,6845.804760885164,6937.301694452779,2.3993848271126783,21.670553675719187,19.271168848606507,1.0,5.0,"[14328, 14329, 14331, 14332]",4000.0,3996.0,395.73926359541474,good,16.4,False,True
legacy_luke0804_v2v1_g0_imec0,357,134,8.0,0.0,7.0,no_stable_pair,,,,,,,,,,,,,,,mua,63.1,False,True
legacy_luke0804_v2v1_g0_imec0,358,208,113.0,4.0,33.0,qualifying_transition,6445.011869660431,6856.389252086287,411.377382425856,6623.034976286063,6776.889317442294,2.151461890371389,17.854980580303994,15.703518689932606,3.0,5.0,"[14630, 14631, 14635, 14636]",4000.0,3996.0,257.44044081802986,mua,68.2,False,True
legacy_luke0804_v2v1_g0_imec0,359,221,0.0,0.0,0.0,no_valid_dev_pair,,,,,,,,,,,,,,,mua,105.8,False,True
legacy_luke0804_v2v1_g0_imec0,360,84,41.0,41.0,0.0,no_deteriorated_pair,,,,,,,,,,,,,,,good,2.4,False,True
legacy_luke0804_v2v1_g0_imec0,361,130,62.0,2.0,20.0,no_ordered_pair_in_same_dev_interval,,,,,,,,,,,,,,,mua,54.4,False,True
legacy_luke0804_v2v1_g0_imec0,362,236,0.0,0.0,0.0,no_valid_dev_pair,,,,,,,,,,,,,,,mua,112.2,False,True
legacy_luke0804_v2v1_g0_imec0,363,167,0.0,0.0,0.0,no_valid_dev_pair,,,,,,,,,,,,,,,mua,113.2,False,True
legacy_luke0804_v2v1_g0_imec0,364,34,10.0,10.0,0.0,no_deteriorated_pair,,,,,,,,,,,,,,,good,0.2,False,True
legacy_luke0804_v2v1_g0_imec0,365,0,0.0,0.0,0.0,no_cached_windows,,,,,,,,,,,,,,,mua,30.5,False,True
legacy_luke0804_v2v1_g0_imec0,366,0,0.0,0.0,0.0,no_cached_windows,,,,,,,,,,,,,,,good,0.0,False,True
legacy_luke0804_v2v1_g0_imec0,367,64,30.0,30.0,0.0,no_deteriorated_pair,,,,,,,,,,,,,,,good,13.4,False,True
legacy_luke0804_v2v1_g0_imec0,368,35,0.0,0.0,0.0,no_valid_dev_pair,,,,,,,,,,,,,,,mua,115.7,False,True
legacy_luke0804_v2v1_g0_imec0,369,51,11.0,4.0,1.0,no_ordered_pair_in_same_dev_interval,,,,,,,,,,,,,,,good,10.0,False,True
legacy_luke0804_v2v1_g0_imec0,370,191,82.0,1.0,72.0,qualifying_transition,3757.8566117125774,4128.5385383139055,370.6819266013281,3842.4125406654944,4034.7082586560314,4.2438013619113075,22.619341151205937,18.375539789294628,4.0,3.0,"[15787, 15788, 15793, 15794]",4000.0,3996.0,178.28960808265447,mua,70.7,False,True
legacy_luke0804_v2v1_g0_imec0,371,121,0.0,0.0,0.0,no_valid_dev_pair,,,,,,,,,,,,,,,mua,106.7,False,True
legacy_luke0804_v2v1_g0_imec0,372,236,128.0,0.0,119.0,no_stable_pair,,,,,,,,,,,,,,,good,2.4,False,True
legacy_luke0804_v2v1_g0_imec0,373,21,5.0,5.0,0.0,no_deteriorated_pair,,,,,,,,,,,,,,,good,16.0,False,True
legacy_luke0804_v2v1_g0_imec0,374,339,33.0,0.0,25.0,no_stable_pair,,,,,,,,,,,,,,,mua,92.9,False,True
legacy_luke0804_v2v1_g0_imec0,375,95,11.0,0.0,10.0,no_stable_pair,,,,,,,,,,,,,,,mua,29.1,False,True
legacy_luke0804_v2v1_g0_imec0,376,91,0.0,0.0,0.0,no_valid_dev_pair,,,,,,,,,,,,,,,mua,94.4,False,True
legacy_luke0804_v2v1_g0_imec0,377,159,0.0,0.0,0.0,no_valid_dev_pair,,,,,,,,,,,,,,,mua,98.8,False,True
legacy_luke0804_v2v1_g0_imec0,378,26,10.0,10.0,0.0,no_deteriorated_pair,,,,,,,,,,,,,,,good,2.8,False,True
legacy_luke0804_v2v1_g0_imec0,379,18,3.0,3.0,0.0,no_deteriorated_pair,,,,,,,,,,,,,,,good,9.9,False,True
legacy_luke0804_v2v1_g0_imec0,380,6,0.0,0.0,0.0,no_valid_dev_pair,,,,,,,,,,,,,,,mua,20.4,False,True
legacy_luke0804_v2v1_g0_imec0,381,204,115.0,0.0,99.0,no_stable_pair,,,,,,,,,,,,,,,mua,67.9,False,True
legacy_luke0804_v2v1_g0_imec0,382,153,6.0,0.0,6.0,no_stable_pair,,,,,,,,,,,,,,,mua,51.7,False,True
legacy_luke0804_v2v1_g0_imec0,383,102,29.0,0.0,27.0,no_stable_pair,,,,,,,,,,,,,,,good,9.8,False,True
legacy_luke0804_v2v1_g0_imec0,384,13,0.0,0.0,0.0,no_valid_dev_pair,,,,,,,,,,,,,,,good,1.9,False,True
legacy_luke0804_v2v1_g0_imec0,385,123,71.0,67.0,0.0,no_deteriorated_pair,,,,,,,,,,,,,,,mua,29.5,False,True
legacy_luke0804_v2v1_g0_imec0,386,65,15.0,0.0,15.0,no_stable_pair,,,,,,,,,,,,,,,mua,74.3,False,True
legacy_luke0804_v2v1_g0_imec0,387,0,0.0,0.0,0.0,no_cached_windows,,,,,,,,,,,,,,,good,0.0,False,True
legacy_luke0804_v2v1_g0_imec0,388,74,38.0,38.0,0.0,no_deteriorated_pair,,,,,,,,,,,,,,,good,5.6,False,True
legacy_luke0804_v2v1_g0_imec0,389,0,0.0,0.0,0.0,no_cached_windows,,,,,,,,,,,,,,,good,0.0,False,True
legacy_luke0804_v2v1_g0_imec0,390,0,0.0,0.0,0.0,no_cached_windows,,,,,,,,,,,,,,,mua,0.0,False,True
legacy_luke0804_v2v1_g0_imec0,391,149,57.0,14.0,23.0,qualifying_transition,7139.37349922471,7414.806671746378,275.433172521668,7239.912515560754,7285.267396859408,0.208941616658372,32.82975828974088,32.62081667308251,1.0,5.0,"[17851, 17852, 17854, 17855]",4000.0,3996.0,230.01859089661957,mua,54.3,False,True
legacy_luke0804_v2v1_g0_imec0,392,89,45.0,18.0,1.0,qualifying_transition,5860.516940762075,8608.270496681098,2747.753555919023,6019.748144648155,8270.609917281556,3.5832218925986323,16.709799221713197,13.126577329114564,15.0,5.0,"[17968, 17969, 17985, 17986]",4000.0,3996.0,496.8403163375742,mua,22.6,False,True
legacy_luke0804_v2v1_g0_imec0,393,47,23.0,23.0,0.0,no_deteriorated_pair,,,,,,,,,,,,,,,mua,22.1,False,True
legacy_luke0804_v2v1_g0_imec0,394,8,0.0,0.0,0.0,no_valid_dev_pair,,,,,,,,,,,,,,,mua,41.4,False,True
legacy_luke0804_v2v1_g0_imec0,395,185,42.0,1.0,21.0,qualifying_transition,489.617476848688,701.8822040142813,212.26472716559334,545.0836134278447,626.9502943447055,2.536364881349594,40.783341201806124,38.24697632045653,3.0,0.0,"[18064, 18065, 18069, 18070]",4000.0,3996.0,130.26537885674344,mua,68.0,False,True
legacy_luke0804_v2v1_g0_imec0,396,39,2.0,0.0,2.0,no_stable_pair,,,,,,,,,,,,,,,mua,39.8,False,True
legacy_luke0804_v2v1_g0_imec0,397,51,0.0,0.0,0.0,no_valid_dev_pair,,,,,,,,,,,,,,,mua,71.5,False,True
legacy_luke0804_v2v1_g0_imec0,398,0,0.0,0.0,0.0,no_cached_windows,,,,,,,,,,,,,,,good,0.0,False,True
legacy_luke0804_v2v1_g0_imec0,399,0,0.0,0.0,0.0,no_cached_windows,,,,,,,,,,,,,,,good,0.0,False,True
legacy_luke0804_v2v1_g0_imec0,400,0,0.0,0.0,0.0,no_cached_windows,,,,,,,,,,,,,,,good,0.0,False,True
legacy_luke0804_v2v1_g0_imec0,401,0,0.0,0.0,0.0,no_cached_windows,,,,,,,,,,,,,,,mua,52.6,False,True
legacy_luke0804_v2v1_g0_imec0,402,0,0.0,0.0,0.0,no_cached_windows,,,,,,,,,,,,,,,mua,25.0,False,True
legacy_luke0804_v2v1_g0_imec0,403,0,0.0,0.0,0.0,no_cached_windows,,,,,,,,,,,,,,,good,15.6,False,True
legacy_luke0804_v2v1_g0_imec0,404,3,0.0,0.0,0.0,no_valid_dev_pair,,,,,,,,,,,,,,,mua,128.0,False,True
legacy_luke0804_v2v1_g0_imec0,405,0,0.0,0.0,0.0,no_cached_windows,,,,,,,,,,,,,,,good,0.0,False,True
legacy_luke0804_v2v1_g0_imec0,406,55,26.0,13.0,7.0,qualifying_transition,6610.550074694969,7567.862141868335,957.3120671733659,6834.537065948813,7210.733922701502,0.928267225439175,16.866662914295496,15.938395688856321,3.0,5.0,"[18359, 18360, 18364, 18365]",4000.0,3996.0,581.0794435584648,good,10.6,False,True
legacy_luke0804_v2v1_g0_imec0,407,135,18.0,0.0,15.0,no_stable_pair,,,,,,,,,,,,,,,mua,44.4,False,True
legacy_luke0804_v2v1_g0_imec0,408,177,60.0,5.0,15.0,qualifying_transition,6727.733648697214,6995.259244653053,267.525595955839,6841.236469242622,6841.237869250275,2.3594944021424418,21.864875106392635,19.505380704250193,0.0,5.0,"[18646, 18647, 18648, 18649]",4000.0,3996.0,267.4922291067487,mua,59.6,False,True
legacy_luke0804_v2v1_g0_imec0,409,7,1.0,0.0,1.0,no_stable_pair,,,,,,,,,,,,,,,good,11.5,False,True
legacy_luke0804_v2v1_g0_imec0,410,8,1.0,0.0,1.0,no_stable_pair,,,,,,,,,,,,,,,good,17.0,False,True
legacy_luke0804_v2v1_g0_imec0,411,137,30.0,19.0,6.0,qualifying_transition,5929.16054938543,6447.460649715128,518.3001003296977,5983.20981155155,6329.73417274471,3.638574008686728,23.189386806890546,19.55081279820382,7.0,5.0,"[18776, 18777, 18785, 18786]",4000.0,3996.0,171.73860560018784,mua,40.9,False,True
legacy_luke0804_v2v1_g0_imec0,412,1,0.0,0.0,0.0,no_valid_dev_pair,,,,,,,,,,,,,,,mua,64.5,False,True
legacy_luke0804_v2v1_g0_imec0,413,0,0.0,0.0,0.0,no_cached_windows,,,,,,,,,,,,,,,mua,22.2,False,True
legacy_luke0804_v2v1_g0_imec0,414,30,8.0,1.0,2.0,no_ordered_pair_in_same_dev_interval,,,,,,,,,,,,,,,good,18.3,False,True
legacy_luke0804_v2v1_g0_imec0,415,148,79.0,49.0,0.0,no_deteriorated_pair,,,,,,,,,,,,,,,mua,29.5,False,True
legacy_luke0804_v2v1_g0_imec0,416,271,88.0,23.0,41.0,qualifying_transition,7166.014444876742,7319.992853377943,153.97840850120065,7258.900019369701,7258.95268632431,3.810303914483778,24.973306001421044,21.163002086937265,0.0,5.0,"[19212, 19213, 19214, 19215]",4000.0,3996.0,153.90627477349608,mua,67.0,False,True
legacy_luke0804_v2v1_g0_imec0,417,86,20.0,3.0,6.0,no_ordered_pair_in_same_dev_interval,,,,,,,,,,,,,,,mua,33.9,False,True
legacy_luke0804_v2v1_g0_imec0,418,55,41.0,31.0,0.0,no_deteriorated_pair,,,,,,,,,,,,,,,good,7.7,False,True
legacy_luke0804_v2v1_g0_imec0,419,155,19.0,0.0,9.0,no_stable_pair,,,,,,,,,,,,,,,mua,75.8,False,True
legacy_luke0804_v2v1_g0_imec0,420,62,33.0,25.0,0.0,no_deteriorated_pair,,,,,,,,,,,,,,,mua,60.5,False,True
legacy_luke0804_v2v1_g0_imec0,421,0,0.0,0.0,0.0,no_cached_windows,,,,,,,,,,,,,,,mua,27.8,False,True
legacy_luke0804_v2v1_g0_imec0,422,0,0.0,0.0,0.0,no_cached_windows,,,,,,,,,,,,,,,mua,59.7,False,True
legacy_luke0804_v2v1_g0_imec0,423,54,28.0,20.0,2.0,qualifying_transition,6827.261326170709,7306.408912444821,479.14758627411175,7069.836685718003,7069.9889198836345,0.5053016876784354,39.84551503795867,39.34021335028024,0.0,5.0,"[19685, 19686, 19687, 19688]",4000.0,3996.0,478.8132511128915,mua,39.7,False,True
legacy_luke0804_v2v1_g0_imec0,424,52,13.0,2.0,1.0,qualifying_transition,5934.947714358495,6377.845135778149,442.89742141965326,6097.398535846946,6097.42766933956,3.0631628941849645,32.65976369894119,29.59660080475623,0.0,5.0,"[19735, 19736, 19737, 19738]",4000.0,3996.0,442.8422211178595,good,13.2,False,True
legacy_luke0804_v2v1_g0_imec0,425,63,36.0,20.0,1.0,no_ordered_pair_in_same_dev_interval,,,,,,,,,,,,,,,good,11.9,False,True
legacy_luke0804_v2v1_g0_imec0,426,106,39.0,2.0,13.0,no_ordered_pair_in_same_dev_interval,,,,,,,,,,,,,,,mua,49.4,False,True
legacy_luke0804_v2v1_g0_imec0,427,323,79.0,2.0,39.0,qualifying_transition,6502.490683910015,6698.6908232469,196.2001393368855,6611.325612268341,6611.356779105403,0.30145041041683635,24.375090396277386,24.07363998586055,0.0,5.0,"[20150, 20151, 20152, 20153]",4000.0,3996.0,196.12290558129826,mua,75.2,False,True
legacy_luke0804_v2v1_g0_imec0,428,0,0.0,0.0,0.0,no_cached_windows,,,,,,,,,,,,,,,mua,29.7,False,True
legacy_luke0804_v2v1_g0_imec0,429,0,0.0,0.0,0.0,no_cached_windows,,,,,,,,,,,,,,,good,5.1,False,True
legacy_luke0804_v2v1_g0_imec0,430,131,18.0,7.0,3.0,no_ordered_pair_in_same_dev_interval,,,,,,,,,,,,,,,mua,59.5,False,True
legacy_luke0804_v2v1_g0_imec0,431,0,0.0,0.0,0.0,no_cached_windows,,,,,,,,,,,,,,,mua,136.6,False,True
legacy_luke0804_v2v1_g0_imec0,432,238,135.0,4.0,53.0,no_ordered_pair_in_same_dev_interval,,,,,,,,,,,,,,,mua,65.3,False,True
legacy_luke0804_v2v1_g0_imec0,433,238,36.0,0.0,21.0,no_stable_pair,,,,,,,,,,,,,,,mua,73.4,False,True
legacy_luke0804_v2v1_g0_imec0,434,1,0.0,0.0,0.0,no_valid_dev_pair,,,,,,,,,,,,,,,good,0.0,False,True
legacy_luke0804_v2v1_g0_imec0,435,0,0.0,0.0,0.0,no_cached_windows,,,,,,,,,,,,,,,mua,177.4,False,True
legacy_luke0804_v2v1_g0_imec0,436,0,0.0,0.0,0.0,no_cached_windows,,,,,,,,,,,,,,,mua,162.6,False,True
legacy_luke0804_v2v1_g0_imec0,437,0,0.0,0.0,0.0,no_cached_windows,,,,,,,,,,,,,,,mua,68.7,False,True
legacy_luke0804_v2v1_g0_imec0,438,0,0.0,0.0,0.0,no_cached_windows,,,,,,,,,,,,,,,mua,136.4,False,True
legacy_luke0804_v2v1_g0_imec0,439,0,0.0,0.0,0.0,no_cached_windows,,,,,,,,,,,,,,,good,0.0,False,True
legacy_luke0804_v2v1_g0_imec0,440,4,0.0,0.0,0.0,no_valid_dev_pair,,,,,,,,,,,,,,,good,2.5,False,True
legacy_luke0804_v2v1_g0_imec0,441,1,0.0,0.0,0.0,no_valid_dev_pair,,,,,,,,,,,,,,,mua,33.4,False,True
legacy_luke0804_v2v1_g0_imec0,442,57,0.0,0.0,0.0,no_valid_dev_pair,,,,,,,,,,,,,,,mua,87.8,False,True
legacy_luke0804_v2v1_g0_imec0,443,0,0.0,0.0,0.0,no_cached_windows,,,,,,,,,,,,,,,good,0.0,False,True
legacy_luke0804_v2v1_g0_imec0,444,0,0.0,0.0,0.0,no_cached_windows,,,,,,,,,,,,,,,good,0.0,False,True
legacy_luke0804_v2v1_g0_imec0,445,0,0.0,0.0,0.0,no_cached_windows,,,,,,,,,,,,,,,mua,0.0,False,True
legacy_luke0804_v2v1_g0_imec0,446,0,0.0,0.0,0.0,no_cached_windows,,,,,,,,,,,,,,,mua,64.5,False,True
legacy_luke0804_v2v1_g0_imec0,447,0,0.0,0.0,0.0,no_cached_windows,,,,,,,,,,,,,,,mua,163.3,False,True
legacy_luke0804_v2v1_g0_imec0,448,183,8.0,0.0,8.0,no_stable_pair,,,,,,,,,,,,,,,mua,98.8,False,True
legacy_luke0804_v2v1_g0_imec0,449,0,0.0,0.0,0.0,no_cached_windows,,,,,,,,,,,,,,,mua,132.4,False,True
legacy_luke0804_v2v1_g0_imec0,450,0,0.0,0.0,0.0,no_cached_windows,,,,,,,,,,,,,,,mua,25.4,False,True
legacy_luke0804_v2v1_g0_imec0,451,0,0.0,0.0,0.0,no_cached_windows,,,,,,,,,,,,,,,good,0.0,False,True
legacy_luke0804_v2v1_g0_imec0,452,6,0.0,0.0,0.0,no_valid_dev_pair,,,,,,,,,,,,,,,good,1.1,False,True
legacy_luke0804_v2v1_g0_imec0,453,0,0.0,0.0,0.0,no_cached_windows,,,,,,,,,,,,,,,mua,66.7,False,True
legacy_luke0804_v2v1_g0_imec0,454,0,0.0,0.0,0.0,no_cached_windows,,,,,,,,,,,,,,,mua,83.1,False,True
legacy_luke0804_v2v1_g0_imec0,455,18,1.0,0.0,0.0,no_stable_pair,,,,,,,,,,,,,,,good,1.7,False,True
legacy_luke0804_v2v1_g0_imec0,456,0,0.0,0.0,0.0,no_cached_windows,,,,,,,,,,,,,,,mua,32.6,False,True
legacy_luke0804_v2v1_g0_imec0,457,43,17.0,15.0,0.0,no_deteriorated_pair,,,,,,,,,,,,,,,mua,26.0,False,True
legacy_luke0804_v2v1_g0_imec0,458,27,9.0,2.0,0.0,no_deteriorated_pair,,,,,,,,,,,,,,,good,14.5,False,True
legacy_luke0804_v2v1_g0_imec0,459,26,14.0,0.0,7.0,no_stable_pair,,,,,,,,,,,,,,,mua,46.6,False,True
legacy_luke0804_v2v1_g0_imec0,460,32,7.0,7.0,0.0,no_deteriorated_pair,,,,,,,,,,,,,,,good,8.3,False,True
legacy_luke0804_v2v1_g0_imec0,461,64,10.0,3.0,3.0,no_ordered_pair_in_same_dev_interval,,,,,,,,,,,,,,,mua,76.2,False,True
legacy_luke0804_v2v1_g0_imec0,462,86,26.0,12.0,4.0,qualifying_transition,6990.13078328127,7686.409223325182,696.2784400439123,7277.461954185301,7493.854937254329,0.20502154614343543,30.011124240554658,29.806102694411223,2.0,5.0,"[21387, 21388, 21391, 21392]",4000.0,3996.0,479.8273233237205,mua,87.6,False,True
legacy_luke0804_v2v1_g0_imec0,463,0,0.0,0.0,0.0,no_cached_windows,,,,,,,,,,,,,,,mua,0.0,False,True
legacy_luke0804_v2v1_g0_imec0,464,0,0.0,0.0,0.0,no_cached_windows,,,,,,,,,,,,,,,mua,28.4,False,True
legacy_luke0804_v2v1_g0_imec0,465,0,0.0,0.0,0.0,no_cached_windows,,,,,,,,,,,,,,,mua,186.0,False,True
legacy_luke0804_v2v1_g0_imec0,466,93,5.0,0.0,5.0,no_stable_pair,,,,,,,,,,,,,,,mua,83.4,False,True
legacy_luke0804_v2v1_g0_imec0,467,92,47.0,43.0,0.0,no_deteriorated_pair,,,,,,,,,,,,,,,mua,28.3,False,True
legacy_luke0804_v2v1_g0_imec0,468,202,38.0,0.0,19.0,no_stable_pair,,,,,,,,,,,,,,,mua,48.9,False,True
legacy_luke0804_v2v1_g0_imec0,469,0,0.0,0.0,0.0,no_cached_windows,,,,,,,,,,,,,,,mua,43.2,False,True
legacy_luke0804_v2v1_g0_imec0,470,0,0.0,0.0,0.0,no_cached_windows,,,,,,,,,,,,,,,mua,23.6,False,True
legacy_luke0804_v2v1_g0_imec0,471,0,0.0,0.0,0.0,no_cached_windows,,,,,,,,,,,,,,,mua,38.5,False,True
legacy_luke0804_v2v1_g0_imec0,472,131,22.0,0.0,22.0,no_stable_pair,,,,,,,,,,,,,,,mua,25.7,False,True
legacy_luke0804_v2v1_g0_imec0,473,115,7.0,0.0,7.0,no_stable_pair,,,,,,,,,,,,,,,good,17.8,False,True
legacy_luke0804_v2v1_g0_imec0,474,0,0.0,0.0,0.0,no_cached_windows,,,,,,,,,,,,,,,mua,30.0,False,True
legacy_luke0804_v2v1_g0_imec0,475,0,0.0,0.0,0.0,no_cached_windows,,,,,,,,,,,,,,,mua,29.1,False,True
legacy_luke0804_v2v1_g0_imec0,476,0,0.0,0.0,0.0,no_cached_windows,,,,,,,,,,,,,,,mua,48.6,False,True
legacy_luke0804_v2v1_g0_imec0,477,2,0.0,0.0,0.0,no_valid_dev_pair,,,,,,,,,,,,,,,good,7.8,False,True
legacy_luke0804_v2v1_g0_imec0,478,71,6.0,0.0,2.0,no_stable_pair,,,,,,,,,,,,,,,mua,86.1,False,True
legacy_luke0804_v2v1_g0_imec0,479,136,11.0,0.0,4.0,no_stable_pair,,,,,,,,,,,,,,,mua,70.8,False,True
legacy_luke0804_v2v1_g0_imec0,480,297,136.0,14.0,56.0,qualifying_transition,7408.794838878338,7545.997622330097,137.2027834517594,7459.63055014192,7487.748003866353,3.722608664885462,28.009567420911537,24.286958756026074,1.0,5.0,"[22451, 22452, 22454, 22455]",4000.0,3996.0,108.97569579459923,mua,76.0,False,True
legacy_luke0804_v2v1_g0_imec0,481,85,61.0,50.0,0.0,no_deteriorated_pair,,,,,,,,,,,,,,,mua,27.9,False,True
legacy_luke0804_v2v1_g0_imec0,482,118,38.0,0.0,21.0,no_stable_pair,,,,,,,,,,,,,,,good,12.6,False,True
legacy_luke0804_v2v1_g0_imec0,483,0,0.0,0.0,0.0,no_cached_windows,,,,,,,,,,,,,,,mua,89.9,False,True
legacy_luke0804_v2v1_g0_imec0,484,0,0.0,0.0,0.0,no_cached_windows,,,,,,,,,,,,,,,mua,38.3,False,True
legacy_luke0804_v2v1_g0_imec0,485,1,0.0,0.0,0.0,no_valid_dev_pair,,,,,,,,,,,,,,,mua,37.7,False,True
legacy_luke0804_v2v1_g0_imec0,486,237,17.0,1.0,9.0,no_ordered_pair_in_same_dev_interval,,,,,,,,,,,,,,,mua,73.4,False,True
legacy_luke0804_v2v1_g0_imec0,487,18,0.0,0.0,0.0,no_valid_dev_pair,,,,,,,,,,,,,,,mua,62.9,False,True
legacy_luke0804_v2v1_g0_imec0,488,159,97.0,61.0,0.0,no_deteriorated_pair,,,,,,,,,,,,,,,mua,39.5,False,True
legacy_luke0804_v2v1_g0_imec0,489,71,41.0,33.0,0.0,no_deteriorated_pair,,,,,,,,,,,,,,,good,16.0,False,True
legacy_luke0804_v2v1_g0_imec0,490,25,1.0,0.0,1.0,no_stable_pair,,,,,,,,,,,,,,,mua,69.8,False,True
legacy_luke0804_v2v1_g0_imec0,491,319,65.0,1.0,34.0,qualifying_transition,3665.981276076154,3770.431213794084,104.44993771793042,3725.371300774754,3725.399200927291,3.810420778793457,27.0412491232266,23.230828344433142,0.0,3.0,"[23364, 23365, 23366, 23367]",4000.0,3996.0,104.4044374691698,mua,66.7,False,True
legacy_luke0804_v2v1_g0_imec0,492,546,199.0,1.0,149.0,no_ordered_pair_in_same_dev_interval,,,,,,,,,,,,,,,mua,75.4,False,True
legacy_luke0804_v2v1_g0_imec0,493,480,11.0,0.0,11.0,no_stable_pair,,,,,,,,,,,,,,,mua,77.4,False,True
legacy_luke0804_v2v1_g0_imec0,494,0,0.0,0.0,0.0,no_cached_windows,,,,,,,,,,,,,,,good,0.0,False,True
legacy_luke0804_v2v1_g0_imec0,495,0,0.0,0.0,0.0,no_cached_windows,,,,,,,,,,,,,,,mua,42.4,False,True
legacy_luke0804_v2v1_g0_imec0,496,0,0.0,0.0,0.0,no_cached_windows,,,,,,,,,,,,,,,mua,24.4,False,True
legacy_luke0804_v2v1_g0_imec0,497,11,3.0,1.0,0.0,no_deteriorated_pair,,,,,,,,,,,,,,,good,1.0,False,True
legacy_luke0804_v2v1_g0_imec0,498,30,8.0,0.0,8.0,no_stable_pair,,,,,,,,,,,,,,,mua,47.3,False,True
legacy_luke0804_v2v1_g0_imec0,499,0,0.0,0.0,0.0,no_cached_windows,,,,,,,,,,,,,,,mua,121.6,False,True
legacy_luke0804_v2v1_g0_imec0,500,259,58.0,4.0,26.0,qualifying_transition,5238.497773376948,5370.578895494101,132.08112211715252,5292.04146611234,5313.760884857278,1.5556013812201137,36.1168033381173,34.561201956897186,1.0,4.0,"[24780, 24781, 24783, 24784]",4000.0,3996.0,110.33976991896634,mua,44.9,False,True
legacy_luke0804_v2v1_g0_imec0,501,0,0.0,0.0,0.0,no_cached_windows,,,,,,,,,,,,,,,mua,151.4,False,True
legacy_luke0804_v2v1_g0_imec0,502,3,0.0,0.0,0.0,no_valid_dev_pair,,,,,,,,,,,,,,,mua,55.0,False,True
legacy_luke0804_v2v1_g0_imec0,503,13,6.0,3.0,0.0,no_deteriorated_pair,,,,,,,,,,,,,,,good,5.2,False,True
legacy_luke0804_v2v1_g0_imec0,504,41,10.0,6.0,0.0,no_deteriorated_pair,,,,,,,,,,,,,,,good,8.9,False,True
legacy_luke0804_v2v1_g0_imec0,505,232,63.0,3.0,27.0,no_ordered_pair_in_same_dev_interval,,,,,,,,,,,,,,,mua,52.5,False,True
legacy_luke0804_v2v1_g0_imec0,506,522,164.0,1.0,115.0,no_ordered_pair_in_same_dev_interval,,,,,,,,,,,,,,,mua,66.5,False,True
legacy_luke0804_v2v1_g0_imec0,507,175,14.0,3.0,7.0,no_ordered_pair_in_same_dev_interval,,,,,,,,,,,,,,,mua,52.8,False,True
legacy_luke0804_v2v1_g0_imec0,508,147,53.0,40.0,1.0,no_ordered_pair_in_same_dev_interval,,,,,,,,,,,,,,,mua,49.2,False,True
legacy_luke0804_v2v1_g0_imec0,509,385,93.0,5.0,45.0,qualifying_transition,4110.035503820328,4190.23167560414,80.19617178381213,4132.498093295015,4171.055437430006,2.158011270439133,23.14418322584131,20.986171955402178,5.0,3.0,"[26175, 26176, 26182, 26183]",4000.0,3996.0,41.624627571186466,mua,70.5,False,True
legacy_luke0804_v2v1_g0_imec0,510,35,7.0,0.0,5.0,no_stable_pair,,,,,,,,,,,,,,,mua,68.6,False,True
legacy_luke0804_v2v1_g0_imec0,511,54,20.0,6.0,4.0,no_ordered_pair_in_same_dev_interval,,,,,,,,,,,,,,,good,2.2,False,True
legacy_luke0804_v2v1_g0_imec0,512,366,98.0,0.0,35.0,no_stable_pair,,,,,,,,,,,,,,,mua,66.3,False,True
legacy_luke0804_v2v1_g0_imec0,513,366,89.0,9.0,36.0,qualifying_transition,6806.02004337318,6872.760474924772,66.74043155159234,6833.304725878,6833.308125896588,3.7781041008695806,23.842773726238843,20.064669625369262,0.0,5.0,"[27149, 27150, 27151, 27152]",4000.0,3996.0,66.69253128971195,mua,52.9,False,True
legacy_luke0804_v2v1_g0_imec0,514,155,70.0,11.0,18.0,qualifying_transition,6488.996010131604,7138.406093935688,649.410083804084,6648.445315210091,7012.854007514239,1.5923434302560326,16.94812551282639,15.355782082570357,5.0,5.0,"[27335, 27336, 27342, 27343]",4000.0,3996.0,284.9821247279342,mua,32.1,False,True
legacy_luke0804_v2v1_g0_imec0,515,0,0.0,0.0,0.0,no_cached_windows,,,,,,,,,,,,,,,mua,67.8,False,True
legacy_luke0804_v2v1_g0_imec0,516,2,0.0,0.0,0.0,no_valid_dev_pair,,,,,,,,,,,,,,,good,9.6,False,True
legacy_luke0804_v2v1_g0_imec0,517,0,0.0,0.0,0.0,no_cached_windows,,,,,,,,,,,,,,,mua,25.5,False,True
legacy_luke0804_v2v1_g0_imec0,518,24,14.0,11.0,0.0,no_deteriorated_pair,,,,,,,,,,,,,,,good,0.8,False,True
legacy_luke0804_v2v1_g0_imec0,519,192,38.0,9.0,14.0,qualifying_transition,10250.899743970707,10470.831379719675,219.9316357489679,10330.30371142336,10410.342615680687,4.041676107307206,19.70530000767701,15.663623900369805,2.0,7.0,"[27611, 27612, 27615, 27616]",4000.0,3996.0,139.8513645988096,mua,70.7,False,True
legacy_luke0804_v2v1_g0_imec0,520,6,0.0,0.0,0.0,no_valid_dev_pair,,,,,,,,,,,,,,,mua,22.5,False,True
legacy_luke0804_v2v1_g0_imec0,521,158,54.0,0.0,25.0,no_stable_pair,,,,,,,,,,,,,,,mua,62.8,False,True
legacy_luke0804_v2v1_g0_imec0,522,84,27.0,0.0,6.0,no_stable_pair,,,,,,,,,,,,,,,mua,34.0,False,True
legacy_luke0804_v2v1_g0_imec0,523,176,128.0,126.0,0.0,no_deteriorated_pair,,,,,,,,,,,,,,,mua,53.2,False,True
legacy_luke0804_v2v1_g0_imec0,524,8,0.0,0.0,0.0,no_valid_dev_pair,,,,,,,,,,,,,,,mua,22.4,False,True
legacy_luke0804_v2v1_g0_imec0,525,59,31.0,23.0,1.0,no_ordered_pair_in_same_dev_interval,,,,,,,,,,,,,,,mua,26.2,False,True
legacy_luke0804_v2v1_g0_imec0,526,5,0.0,0.0,0.0,no_valid_dev_pair,,,,,,,,,,,,,,,good,8.0,False,True
legacy_luke0804_v2v1_g0_imec0,527,184,68.0,0.0,45.0,no_stable_pair,,,,,,,,,,,,,,,mua,56.9,False,True
legacy_luke0804_v2v1_g0_imec0,528,71,46.0,40.0,0.0,no_deteriorated_pair,,,,,,,,,,,,,,,mua,43.4,False,True
legacy_luke0804_v2v1_g0_imec0,529,311,68.0,1.0,32.0,no_ordered_pair_in_same_dev_interval,,,,,,,,,,,,,,,mua,65.0,False,True
legacy_luke0804_v2v1_g0_imec0,530,81,34.0,0.0,31.0,no_stable_pair,,,,,,,,,,,,,,,good,1.4,False,True
legacy_luke0804_v2v1_g0_imec0,531,91,23.0,0.0,13.0,no_stable_pair,,,,,,,,,,,,,,,mua,50.0,False,True
legacy_luke0804_v2v1_g0_imec0,532,238,73.0,1.0,44.0,no_ordered_pair_in_same_dev_interval,,,,,,,,,,,,,,,mua,62.6,False,True
legacy_luke0804_v2v1_g0_imec0,533,138,78.0,17.0,30.0,qualifying_transition,5828.493299014968,6028.505625860605,200.01232684563638,5908.007800405268,5962.2792304526965,3.5932060623207995,16.140965374519766,12.547759312198966,3.0,5.0,"[29182, 29183, 29187, 29188]",4000.0,3996.0,145.65122964131115,mua,35.1,False,True
legacy_luke0804_v2v1_g0_imec0,534,18,8.0,0.0,4.0,no_stable_pair,,,,,,,,,,,,,,,mua,33.2,False,True
legacy_luke0804_v2v1_g0_imec0,535,0,0.0,0.0,0.0,no_cached_windows,,,,,,,,,,,,,,,mua,0.0,False,True
legacy_luke0804_v2v1_g0_imec0,536,0,0.0,0.0,0.0,no_cached_windows,,,,,,,,,,,,,,,mua,0.0,False,True
legacy_luke0804_v2v1_g0_imec0,537,93,47.0,0.0,37.0,no_stable_pair,,,,,,,,,,,,,,,mua,38.6,False,True
legacy_luke0804_v2v1_g0_imec0,538,0,0.0,0.0,0.0,no_cached_windows,,,,,,,,,,,,,,,mua,0.0,False,True
legacy_luke0804_v2v1_g0_imec0,539,0,0.0,0.0,0.0,no_cached_windows,,,,,,,,,,,,,,,good,0.0,False,True
legacy_luke0804_v2v1_g0_imec0,540,0,0.0,0.0,0.0,no_cached_windows,,,,,,,,,,,,,,,mua,142.9,False,True
legacy_luke0804_v2v1_g0_imec0,541,79,11.0,1.0,4.0,no_ordered_pair_in_same_dev_interval,,,,,,,,,,,,,,,mua,33.2,False,True
legacy_luke0804_v2v1_g0_imec0,542,74,47.0,11.0,2.0,no_ordered_pair_in_same_dev_interval,,,,,,,,,,,,,,,good,0.5,False,True
legacy_luke0804_v2v1_g0_imec0,543,0,0.0,0.0,0.0,no_cached_windows,,,,,,,,,,,,,,,mua,55.6,False,True
legacy_luke0804_v2v1_g0_imec0,544,0,0.0,0.0,0.0,no_cached_windows,,,,,,,,,,,,,,,good,0.0,False,True
legacy_luke0804_v2v1_g0_imec0,545,45,11.0,0.0,11.0,no_stable_pair,,,,,,,,,,,,,,,mua,48.6,False,True
legacy_luke0804_v2v1_g0_imec0,546,0,0.0,0.0,0.0,no_cached_windows,,,,,,,,,,,,,,,mua,593.9,False,True
legacy_luke0804_v2v1_g0_imec0,547,0,0.0,0.0,0.0,no_cached_windows,,,,,,,,,,,,,,,mua,0.0,False,True
legacy_luke0804_v2v1_g0_imec0,548,0,0.0,0.0,0.0,no_cached_windows,,,,,,,,,,,,,,,good,6.0,False,True
legacy_luke0804_v2v1_g0_imec0,549,10,1.0,1.0,0.0,no_deteriorated_pair,,,,,,,,,,,,,,,mua,28.1,False,True
legacy_luke0804_v2v1_g0_imec0,550,1098,710.0,116.0,26.0,qualifying_transition,7028.858561681397,7283.372519833023,254.51395815162596,7044.689581566471,7250.003504063788,4.113725090028349,34.94443955706852,30.83071446704017,24.0,5.0,"[30316, 30317, 30342, 30343]",4000.0,3996.0,49.17810220106094,good,2.1,False,True
legacy_luke0804_v2v1_g0_imec0,551,0,0.0,0.0,0.0,no_cached_windows,,,,,,,,,,,,,,,good,13.0,False,True
legacy_luke0804_v2v1_g0_imec0,552,0,0.0,0.0,0.0,no_cached_windows,,,,,,,,,,,,,,,mua,51.7,False,True
legacy_luke0804_v2v1_g0_imec0,553,0,0.0,0.0,0.0,no_cached_windows,,,,,,,,,,,,,,,good,15.8,False,True
legacy_luke0804_v2v1_g0_imec0,554,0,0.0,0.0,0.0,no_cached_windows,,,,,,,,,,,,,,,good,10.6,False,True
legacy_luke0804_v2v1_g0_imec0,555,0,0.0,0.0,0.0,no_cached_windows,,,,,,,,,,,,,,,good,0.4,False,True
legacy_luke0804_v2v1_g0_imec0,556,0,0.0,0.0,0.0,no_cached_windows,,,,,,,,,,,,,,,good,0.0,False,True
legacy_luke0804_v2v1_g0_imec0,557,0,0.0,0.0,0.0,no_cached_windows,,,,,,,,,,,,,,,mua,115.5,False,True
legacy_luke0804_v2v1_g0_imec0,558,0,0.0,0.0,0.0,no_cached_windows,,,,,,,,,,,,,,,good,0.0,False,True
legacy_luke0804_v2v1_g0_imec0,559,0,0.0,0.0,0.0,no_cached_windows,,,,,,,,,,,,,,,good,0.0,False,True
legacy_luke0804_v2v1_g0_imec0,560,55,18.0,4.0,2.0,no_ordered_pair_in_same_dev_interval,,,,,,,,,,,,,,,mua,54.2,False,True
legacy_luke0804_v2v1_g0_imec0,561,112,68.0,66.0,0.0,no_deteriorated_pair,,,,,,,,,,,,,,,mua,127.2,False,True
legacy_luke0804_v2v1_g0_imec0,562,61,40.0,38.0,0.0,no_deteriorated_pair,,,,,,,,,,,,,,,mua,24.0,False,True
