unit_id,event_count,presence_ratio_60s_full_session,presence_ratio_100_equal_bins,exact_duplicate_count,lag_1_8_count,lag_9_29_count,positive_segment_safe_interval_count,lag_9_29_fraction,raw_adjacent_isi_lt_1ms_fraction,sliding_rp_min_contamination,sliding_rp_pass_10pct_90conf,q0_event_count,displaced_event_count,q0_to_displaced_rate_ratio,q0_to_displaced_median_ptp_ratio,q0_to_displaced_median_z_shift_um,unit_median_observed_z_abs_um,interior_support,state_supported,boundary_crossing_event_count
0,16008,0.9257142857142857,0.97,0,4,39,14851,0.002626085785468992,0.0026863247329293434,,False,14678,1330,2.31530499003982,1.1945855617523193,-1.8097434043884277,2.936558723449707,False,True,0
1,12519,0.7828571428571428,0.85,0,0,9,12101,0.0007437401867614247,0.0007189646908451829,,False,12272,247,10.423446909785483,1.4804214239120483,-1.2830820083618164,3.4186227321624756,False,True,0
2,33211,1.0,1.0,0,8,100,30576,0.003270538984824699,0.0032520325203252032,,False,25120,8091,0.6513439735695049,1.039551019668579,-1.329009771347046,2.3742449283599854,False,True,0
3,9294,0.9314285714285714,0.98,0,3,17,7920,0.0021464646464646464,0.0021521575379317764,,False,6665,2629,0.53186637288002,0.8245373964309692,2.9911208152770996,-0.1639351099729538,False,True,0
4,17608,0.8685714285714285,0.92,0,1,0,17106,0.0,5.679559266200943e-05,0.055,True,17243,365,9.910896233582514,3.337660312652588,-8.426714897155762,9.279214859008789,False,True,0
5,3775,0.8228571428571428,0.89,0,1,0,3378,0.0,0.00026497085320614734,,False,3483,292,2.5024395103496992,1.5230356454849243,-4.064296722412109,10.180188179016113,False,True,0
6,2042,0.5428571428571428,0.64,0,0,0,1908,0.0,0.0,,False,2010,32,13.177682649785076,1.6944845914840698,-11.008825302124023,18.07541847229004,False,False,0
7,4432,0.7314285714285714,0.79,0,0,0,4220,0.0,0.0,,False,4379,53,17.333730539276104,1.7886011600494385,-3.9124956130981445,12.737565994262695,False,False,0
8,28523,1.0,1.0,0,7,153,25448,0.0060122602955045585,0.005644765444218498,,False,16352,12171,0.28186268289058114,0.9342619180679321,-3.7999730110168457,3.37782883644104,False,True,0
9,9041,0.8342857142857143,0.86,0,0,0,8697,0.0,0.0,0.15,False,8825,216,8.571442740693074,4.413745403289795,-22.516162872314453,22.696155548095703,False,True,0
10,26549,1.0,1.0,0,14,86,23745,0.0036218151189724153,0.003766762091306313,,False,17323,9226,0.39391509229008115,1.2848186492919922,-1.9017267227172852,4.8907952308654785,False,True,0
11,9364,0.8057142857142857,0.86,0,0,3,9056,0.00033127208480565373,0.0003204101249599487,0.32,False,9231,133,14.560962231269642,3.2496542930603027,-9.356376647949219,15.741959571838379,False,True,0
12,26408,1.0,1.0,0,19,95,23674,0.0040128410914927765,0.004317037149240732,,False,21098,5310,0.8335655014424391,1.1154271364212036,-4.022618770599365,8.891557693481445,False,True,0
13,54617,1.0,1.0,0,20,347,51949,0.0066796280967872336,0.006719642595576388,,False,47454,7163,1.3898593087065603,1.050962209701538,-3.474095344543457,13.00378704071045,False,True,0
14,996,0.5428571428571428,0.6,0,0,2,623,0.0032102728731942215,0.0020100502512562816,,False,257,739,0.07295946661269598,1.106223702430725,-0.7150394916534424,3.247191905975342,False,True,0
15,13030,0.7314285714285714,0.83,0,0,1,12675,7.889546351084812e-05,7.675186123263489e-05,0.1,True,12809,221,12.159505607607,3.0901918411254883,-9.803607940673828,14.41386890411377,False,True,0
16,8674,0.7257142857142858,0.78,0,0,0,8208,0.0,0.0,0.13,False,8230,444,3.8887482661550337,2.2281765937805176,-16.577136993408203,21.440143585205078,False,True,0
17,7419,0.7142857142857143,0.8,0,0,2,7177,0.00027866796711717987,0.00026961445133459155,0.34,False,7328,91,16.894176757115527,1.3900749683380127,-3.0523557662963867,17.314037322998047,False,False,0
18,3947,0.9771428571428571,1.0,0,1,4,3495,0.0011444921316165952,0.0012671059300557526,,False,3683,264,2.926784574048451,1.2218438386917114,-11.19117259979248,25.21030044555664,False,True,0
19,4742,0.96,0.97,0,1,0,4001,0.0,0.0002109259649862898,,False,4189,553,1.589198675553867,1.3903356790542603,-10.882134437561035,13.606019973754883,False,True,0
20,1451,0.7942857142857143,0.86,0,0,1,1181,0.000846740050804403,0.000689655172413793,,False,1351,100,2.8343163000771567,1.1855310201644897,0.9468450546264648,11.182555198669434,False,True,0
21,5315,0.9428571428571428,0.98,0,2,4,4185,0.0009557945041816009,0.0011290929619872036,,False,2825,2490,0.23801924344953365,1.2139109373092651,0.9727725982666016,8.083592414855957,False,True,0
22,7506,0.96,0.98,0,1,8,5988,0.0013360053440213762,0.0011992005329780147,,False,5390,2116,0.5343995296285421,1.430419921875,-9.490283012390137,11.013757705688477,False,True,0
23,16010,0.9885714285714285,1.0,0,3,100,14335,0.006975933031042902,0.006433880941970142,,False,13415,2595,1.0845417628427685,1.2483103275299072,-6.153982162475586,18.901123046875,False,True,0
24,27531,1.0,1.0,0,63,220,25175,0.008738828202581926,0.010279694878314566,,False,23354,4177,1.1729777279866627,1.0816154479980469,-10.903345108032227,22.691877365112305,False,True,0
25,14431,0.9771428571428571,0.99,0,2,14,13093,0.0010692736576796763,0.0011088011088011087,,False,12259,2172,1.1840994775933609,1.1819795370101929,-22.59548568725586,17.35202980041504,False,True,0
26,3777,0.9142857142857143,0.94,0,0,0,2477,0.0,0.0,,False,1710,2067,0.17355958345578337,1.5062514543533325,-5.582590103149414,5.585208892822266,False,True,0
27,12959,0.9657142857142857,0.98,0,5,19,11272,0.0016855926188786374,0.0018521376755672172,,False,8960,3999,0.47005596789077586,1.1967805624008179,-6.81507682800293,11.851841926574707,False,True,0
28,2361,0.09714285714285714,0.11,0,0,0,2314,0.0,0.0,,False,2340,21,23.377040436292504,1.3660273551940918,-14.83890438079834,24.087656021118164,False,False,0
29,593,0.8342857142857143,0.92,0,0,0,166,0.0,0.0,,False,221,372,0.12463565465586059,1.2083903551101685,-13.055790901184082,7.815047264099121,False,True,0
30,9801,0.9485714285714286,0.97,0,1,15,8207,0.0018277080541001583,0.0016326530612244899,,False,6033,3768,0.3359041709759203,1.0740442276000977,-10.120832443237305,17.304378509521484,False,True,0
31,1835,0.7485714285714286,0.83,0,0,5,1440,0.003472222222222222,0.0027262813522355507,,False,1211,624,0.40714819974205196,0.9290252327919006,-2.0637149810791016,24.05731964111328,False,True,0
32,5465,0.8571428571428571,0.88,0,3,2,4747,0.0004213187276174426,0.0009150805270863836,,False,4593,872,1.1050270922536467,1.2194734811782837,-25.999237060546875,33.346290588378906,False,True,0
33,10060,0.9942857142857143,1.0,0,5,35,8572,0.004083061129258049,0.003976538423302515,,False,6825,3235,0.4426101164522151,1.0166254043579102,-0.6781959533691406,22.006019592285156,False,True,0
34,329,0.3657142857142857,0.47,0,0,0,172,0.0,0.0,,False,218,111,0.4120277628295491,1.0163986682891846,-3.129222869873047,17.041866302490234,False,True,0
35,2079,0.7257142857142858,0.8,0,0,0,1835,0.0,0.0,,False,1917,162,2.482561772828499,1.2435765266418457,-24.8740177154541,35.356510162353516,False,True,0
36,2020,0.76,0.83,0,1,5,1456,0.003434065934065934,0.0029717682020802376,,False,896,1124,0.167237883949752,1.0369224548339844,-1.3327751159667969,14.643933296203613,False,True,0
37,1143,0.5657142857142857,0.66,0,0,0,836,0.0,0.0,,False,409,734,0.11690153491424832,0.8115848898887634,-9.858596801757812,19.788742065429688,False,True,0
38,764,0.25142857142857145,0.36,0,0,0,673,0.0,0.0,,False,717,47,3.2004737029392274,2.2259836196899414,-27.569555282592773,29.742464065551758,False,False,0
39,4715,0.9485714285714286,0.97,0,0,7,3618,0.0019347705914870095,0.001484938481120068,,False,2926,1789,0.34312862236182873,0.6906204223632812,-31.73531150817871,25.20555877685547,False,True,0
40,2502,0.7771428571428571,0.84,0,0,0,1827,0.0,0.0,,False,1706,796,0.4496337728549882,1.6541401147842407,-1.502777099609375,21.39706039428711,False,True,0
41,1944,0.7028571428571428,0.77,0,0,0,1317,0.0,0.0,,False,820,1124,0.15305252772187125,1.0404928922653198,-0.7939071655273438,21.405065536499023,False,True,0
42,109170,1.0,1.0,0,36,545,105348,0.0051733302957816,0.0053403438705126914,0.215,False,93291,15879,1.2325642442925866,1.0551832914352417,-30.94626808166504,36.50804901123047,False,True,0
43,19700,1.0,1.0,0,0,12,18259,0.0006572101429432061,0.0006091679780699528,0.205,False,17662,2038,1.8181456287590823,1.1019160747528076,-30.269981384277344,40.177734375,False,True,0
44,400,0.2571428571428571,0.35,0,0,0,285,0.0,0.0,,False,287,113,0.5328395080157889,2.6735641956329346,-18.072643280029297,21.91771697998047,False,True,0
45,3999,0.9828571428571429,1.0,0,1,3,3221,0.0009313877677739833,0.0010005002501250625,,False,3100,899,0.7234274228737733,0.907299280166626,-32.409141540527344,39.9117317199707,False,True,0
46,2771,0.9257142857142857,0.98,0,0,2,2244,0.00089126559714795,0.0007220216606498195,,False,2375,396,1.2582339330916952,1.1103920936584473,-28.032276153564453,37.82689666748047,False,True,0
47,790,0.44571428571428573,0.5,0,0,0,508,0.0,0.0,,False,68,722,0.019758987228629933,0.7969076037406921,-4.720495223999023,22.129837036132812,False,False,0
48,1750,0.7885714285714286,0.85,0,0,1,1168,0.0008561643835616438,0.0005717552887364208,,False,774,976,0.16637348292853193,1.2827285528182983,-18.699871063232422,18.79270362854004,False,True,0
49,20200,1.0,1.0,0,2,31,17836,0.0017380578605068401,0.0016337442447645924,,False,15488,4712,0.6895774062788647,0.7787513732910156,-12.255714416503906,37.551246643066406,False,True,0
50,1018,0.17142857142857143,0.23,0,0,0,956,0.0,0.0,,False,1005,13,16.218686338197017,1.4675772190093994,-43.206016540527344,61.957401275634766,False,False,0
51,381,0.4114285714285714,0.5,0,0,0,209,0.0,0.0,,False,8,373,0.004499602201252424,0.8012003898620605,-3.3438243865966797,23.362607955932617,False,False,0
52,9625,0.48,0.54,0,0,0,9340,0.0,0.0,0.135,False,9446,179,11.071026126117555,1.349517583847046,-32.143821716308594,43.922401428222656,False,True,0
53,1363,0.5371428571428571,0.63,0,0,0,888,0.0,0.0,,False,483,880,0.11514827172946526,0.9908971786499023,-19.55746841430664,30.143157958984375,False,True,0
54,1885,0.6057142857142858,0.67,0,0,0,1578,0.0,0.0,,False,1699,186,1.916343685613639,1.109875202178955,-25.37204360961914,45.365150451660156,False,True,0
55,6352,0.9885714285714285,1.0,0,2,13,4430,0.002934537246049661,0.0023618327822390174,,False,2745,3607,0.15965744385324848,0.9047460556030273,-12.781234741210938,36.66415786743164,False,True,0
56,5988,0.8571428571428571,0.91,0,1,42,4812,0.008728179551122194,0.007182228161015534,,False,1365,4623,0.06194435330836755,0.909972608089447,-6.332614898681641,35.47952651977539,False,True,0
57,15856,1.0,1.0,0,0,26,13167,0.001974633553580922,0.0016398612425102491,,False,10113,5743,0.3694316982381188,1.110178828239441,-21.19512367248535,39.696067810058594,False,True,0
58,3759,0.8285714285714286,0.89,0,1,4,2623,0.0015249714067861228,0.0013304949441192123,,False,1576,2183,0.15145912475961032,0.9369214773178101,-26.517959594726562,30.56778335571289,False,True,0
59,187,0.14857142857142858,0.24,0,0,0,142,0.0,0.0,,False,181,6,6.328784237774061,1.3282657861709595,-19.662757873535156,54.200252532958984,False,False,0
60,13178,1.0,1.0,0,1,16,11041,0.0014491440992663708,0.001290126735979358,,False,9267,3911,0.4971006287531742,0.8447388410568237,-16.99661636352539,41.136817932128906,False,True,0
61,58742,1.0,1.0,0,51,470,54674,0.0085964077989538,0.00886944382969306,,False,35054,23688,0.31045749812609774,0.8980500102043152,-27.548831939697266,38.24806213378906,False,True,0
62,8703,1.0,1.0,0,0,13,6769,0.001920520017727877,0.0014939094461043439,,False,5871,2832,0.4349224208724074,1.2170624732971191,-30.475093841552734,44.45752716064453,False,True,0
63,148,0.3657142857142857,0.51,0,0,0,51,0.0,0.0,,False,54,94,0.12051993023620522,0.6128185391426086,-5.979026794433594,42.28056716918945,False,False,0
64,168,0.4057142857142857,0.58,0,0,0,80,0.0,0.0,,False,135,33,0.8582479880457038,0.7758939862251282,-7.741344451904297,49.47529602050781,False,False,0
65,1576,0.6628571428571428,0.76,0,0,1,1080,0.000925925925925926,0.0006349206349206349,,False,736,840,0.18381946325973594,0.741370439529419,-34.258384704589844,44.46477508544922,False,True,0
66,228999,1.0,1.0,0,119,2693,224349,0.012003619360906445,0.012279583227801117,0.22,False,182684,46315,0.8275072534357983,0.9978475570678711,-11.880168914794922,45.81388854980469,False,True,0
67,4733,0.9942857142857143,0.99,0,1,4,3098,0.0012911555842479018,0.0010566356720202875,,False,2639,2094,0.26439648567312674,0.9680694937705994,-10.771324157714844,41.97434997558594,False,True,0
68,3955,0.6171428571428571,0.73,0,0,0,3608,0.0,0.0,,False,3462,493,1.473238669405296,0.9709389805793762,-39.915428161621094,60.929466247558594,False,True,0
69,4881,0.9028571428571428,0.94,0,0,0,4258,0.0,0.0,,False,4122,759,1.1393553000722676,1.1501647233963013,-39.217430114746094,60.971195220947266,False,True,0
70,12800,0.7771428571428571,0.81,0,0,9,9545,0.0009429020429544264,0.0007031799359324948,,False,570,12230,0.009777804824287386,1.006595253944397,-0.10602188110351562,27.78810691833496,False,True,0
71,69668,0.9085714285714286,0.93,0,0,2,69086,2.8949425353906726e-05,2.87079966124564e-05,0.01,True,68928,740,19.541456171776485,0.8730155825614929,-16.485267639160156,53.32086944580078,False,True,0
72,1232,0.5714285714285714,0.67,0,0,1,750,0.0013333333333333333,0.0008123476848090983,,False,275,957,0.060285618572814434,0.9848292469978333,-40.87656021118164,36.8499755859375,False,True,0
73,2538,0.44571428571428573,0.58,0,0,0,2380,0.0,0.0,,False,2445,93,5.515550690200527,1.0919456481933594,-17.227558135986328,63.55284118652344,False,False,0
74,15016,1.0,1.0,0,1,27,11989,0.0022520643923596632,0.0018648018648018648,,False,7780,7236,0.2255661900895256,0.9695687890052795,-28.865768432617188,51.940643310546875,False,True,0
75,24514,1.0,1.0,0,3,80,21405,0.003737444522307872,0.0034267531513890587,,False,13470,11044,0.25587871622345354,1.0510295629501343,-35.31083679199219,54.703128814697266,False,True,0
76,7082,0.92,0.94,0,0,0,5844,0.0,0.0,0.195,False,5312,1770,0.6296189132138929,1.198365569114685,-40.722572326660156,64.03202819824219,False,True,0
77,6626,0.8857142857142857,0.92,0,0,4,5448,0.0007342143906020558,0.0006037735849056604,,False,3889,2737,0.29809597434829016,0.9586065411567688,-5.216480255126953,59.35457229614258,False,True,0
78,5464,0.9542857142857143,0.99,0,1,9,3331,0.002701891323926749,0.0018304960644334614,,False,1757,3707,0.09943565545639971,0.968283474445343,-23.19384002685547,49.095401763916016,False,True,0
79,4809,0.7542857142857143,0.82,0,2,19,3600,0.005277777777777778,0.004367720465890183,,False,755,4054,0.039071148060733266,0.9788063764572144,-34.48426055908203,44.12746047973633,False,True,0
80,6106,0.9714285714285714,0.97,0,0,5,5086,0.0009830908375933936,0.000819000819000819,,False,4498,1608,0.5868490043190344,0.9217942357063293,-28.3643798828125,67.668212890625,False,True,0
81,1474,0.6457142857142857,0.74,0,0,1,959,0.0010427528675703858,0.0006788866259334691,,False,350,1124,0.06532729841787187,0.74745774269104,-0.5017280578613281,54.34911346435547,False,True,0
82,4897,0.9542857142857143,0.98,0,1,4,3288,0.0012165450121654502,0.0010212418300653595,,False,1441,3456,0.08747485119928274,1.0478955507278442,-28.164573669433594,49.15740966796875,False,True,0
83,15395,1.0,1.0,0,8,33,12613,0.002616348212162055,0.0026633753410419646,,False,7666,7729,0.20808389712609657,0.8661843538284302,-26.190467834472656,57.444297790527344,False,True,0
84,19975,0.9828571428571429,0.99,0,4,128,16597,0.0077122371512924025,0.006608591168519075,,False,5171,14804,0.07328050047739001,1.099363088607788,-18.375240325927734,51.9793586730957,False,True,0
85,41170,1.0,1.0,0,34,233,36989,0.0062991700235205065,0.006485462362457188,,False,20682,20488,0.21178048264173469,0.9467861652374268,-20.757183074951172,59.99208450317383,False,True,0
86,11931,0.9828571428571429,0.99,0,0,13,9503,0.0013679890560875513,0.0010896898575020956,,False,7092,4839,0.307472352154584,0.9230783581733704,-26.148414611816406,62.04451370239258,False,True,0
87,5935,0.48,0.6,0,0,0,5797,0.0,0.0,0.345,False,5775,160,7.572250477861575,0.9764394760131836,-21.89934539794922,87.19711303710938,False,True,0
88,8970,0.9885714285714285,1.0,0,2,64,6276,0.010197578075207138,0.007358679897424462,,False,1703,7267,0.04916459355093855,0.9126877188682556,-13.771038055419922,60.033870697021484,False,True,0
89,20746,0.9714285714285714,1.0,0,6,88,17352,0.005071461502996773,0.00457941672692215,,False,9125,11621,0.1647336561207919,0.8677259683609009,-30.007343292236328,73.83731079101562,False,True,0
90,28209,1.0,1.0,0,13,157,24216,0.0064833168153287084,0.00602665910380034,,False,12105,16104,0.15769720545375296,0.9006437659263611,-30.950862884521484,70.2455062866211,False,True,0
91,4660,0.6914285714285714,0.78,0,0,38,3578,0.010620458356623811,0.008370895041854474,,False,71,4589,0.0032458859527066883,0.8459373712539673,-26.93775177001953,49.38673400878906,False,False,0
92,6363,0.7142857142857143,0.78,0,0,1,5860,0.00017064846416382253,0.00015718327569946557,0.3,False,5497,866,1.3316828609997324,0.9429239630699158,-16.725189208984375,72.62996673583984,False,True,0
93,1517,0.5257142857142857,0.62,0,0,5,1025,0.004878048780487805,0.0032981530343007917,,False,401,1116,0.07538295251432894,1.4080290794372559,-9.051101684570312,75.567626953125,False,True,0
94,6149,0.92,0.96,0,1,12,3568,0.0033632286995515697,0.002114508783344177,,False,575,5574,0.02164182324438495,0.9304258227348328,-28.01644515991211,58.92091751098633,False,True,0
95,4397,0.9542857142857143,0.98,0,0,3,2831,0.0010596962204168139,0.0006824385805277526,,False,1179,3218,0.07686360166400617,0.9076882600784302,-15.306632995605469,74.54158782958984,False,True,0
96,10166,0.9885714285714285,1.0,0,3,21,7084,0.0029644268774703555,0.0023610427939006395,,False,3020,7146,0.08866187194974122,0.9608089327812195,-33.208824157714844,68.91724395751953,False,True,0
97,5496,0.8228571428571428,0.87,0,2,7,4067,0.0017211703958691911,0.001637852593266606,,False,2107,3389,0.13043253413943987,1.0301116704940796,-16.723846435546875,73.42134857177734,False,True,0
98,6387,0.8457142857142858,0.9,0,1,28,4397,0.006367978166931999,0.004541183839649233,,False,537,5850,0.01925800898532183,1.0117720365524292,-33.1202392578125,62.09054946899414,False,True,0
99,10159,0.92,0.95,0,0,3,8332,0.0003600576092174748,0.00029533372711163615,0.265,False,6981,3178,0.46084694252162534,1.1564542055130005,-19.411819458007812,86.89303588867188,False,True,0
100,25662,1.0,1.0,0,18,120,21636,0.005546311702717693,0.005377810685476014,,False,8772,16890,0.10895870648313408,0.9166947603225708,-33.94575500488281,69.83111572265625,False,True,0
101,5818,0.76,0.82,0,0,6,4085,0.0014687882496940024,0.0010314595152140279,,False,256,5562,0.009656104256409373,0.9919891357421875,-23.139511108398438,57.27318572998047,False,True,0
102,61728,0.9885714285714285,1.0,0,30,507,57247,0.008856359285202718,0.00874819770926823,,False,33673,28055,0.2518050888263869,0.8768259882926941,-20.648155212402344,82.90681457519531,False,True,0
103,18462,1.0,1.0,0,9,77,14504,0.005308880308880309,0.0046584692053518225,,False,3490,14972,0.04890334589170091,1.095091700553894,-27.184532165527344,69.54183959960938,False,True,0
104,2187,0.68,0.75,0,1,6,1311,0.004576659038901602,0.003202195791399817,,False,157,2030,0.016225443627311775,0.9813664555549622,-24.191429138183594,66.0871810913086,False,True,0
105,73279,1.0,1.0,0,25,353,69020,0.005114459576934222,0.005158437730287398,0.29,False,52556,20723,0.5320624897264232,0.9587180018424988,-35.805397033691406,97.93136596679688,False,True,0
106,8802,0.9485714285714286,0.97,0,2,27,5955,0.004534005037783375,0.0032950801045335755,,False,942,7860,0.025143244704918247,0.8958826661109924,-25.00354766845703,75.78167724609375,False,True,0
107,509,0.4685714285714286,0.56,0,0,0,246,0.0,0.0,,False,83,426,0.04087534757880686,0.841538667678833,-13.6768798828125,74.77954864501953,False,False,0
108,7063,0.8514285714285714,0.91,0,2,4,5341,0.0007489234225800412,0.0008496176720475786,,False,2937,4126,0.14933709134374185,0.9667378664016724,-32.10581970214844,90.5017318725586,False,True,0
109,1310,0.5371428571428571,0.62,0,0,0,842,0.0,0.0,,False,195,1115,0.03669042220942769,0.9768895506858826,-33.338897705078125,66.72817993164062,False,True,0
110,55236,1.0,1.0,0,43,604,50611,0.011934164509691569,0.011731691862043994,,False,25804,29432,0.1839332411576551,0.9247460961341858,-32.185752868652344,89.08258056640625,False,True,0
111,14318,0.9942857142857143,1.0,0,17,50,11291,0.004428305730227615,0.0046797513445554235,,False,4290,10028,0.08975030482621274,0.9035712480545044,-29.93438720703125,86.78689575195312,False,True,0
112,7372,0.9542857142857143,0.98,0,2,26,4564,0.0056967572304995615,0.003798670465337132,,False,783,6589,0.024930742891477873,0.8656513690948486,-27.246498107910156,80.32518005371094,False,True,0
113,3004,0.18857142857142858,0.23,0,0,0,2943,0.0,0.0,,False,2956,48,12.919810916339863,1.020452618598938,-35.93959045410156,106.23908996582031,False,False,0
114,2538,0.6914285714285714,0.77,0,2,13,1586,0.00819672131147541,0.005912495072920773,,False,44,2494,0.003701256582144887,0.9939782619476318,-7.484130859375,79.41022491455078,False,False,0
115,14346,0.9942857142857143,1.0,0,4,66,11527,0.0057256875162661576,0.004879749041477867,,False,5449,8897,0.1284890691131129,0.9239237308502197,-26.342254638671875,96.14070892333984,False,True,0
116,6240,0.4057142857142857,0.5,0,0,0,6022,0.0,0.0,0.25,False,6084,156,8.181964152702376,1.0477135181427002,-35.978294372558594,105.90635681152344,False,True,0
117,18797,1.0,1.0,0,3,43,15355,0.0028003907521979812,0.0024473292189827623,,False,10103,8694,0.24379437582875343,0.9821005463600159,-22.536788940429688,100.69739532470703,False,True,0
118,9360,0.8971428571428571,0.94,0,1,25,7060,0.0035410764872521247,0.002778074580617587,,False,3417,5943,0.12062358003505103,1.2053874731063843,-32.08013916015625,93.90477752685547,False,True,0
119,167485,0.9942857142857143,1.0,0,147,4444,162786,0.027299644932610913,0.027447397960402187,,False,11899,155586,0.016044748514549886,0.9584342241287231,-16.21916961669922,86.07921600341797,False,True,0
120,533,0.49142857142857144,0.57,0,0,0,186,0.0,0.0,,False,5,528,0.001986685157513203,0.7818184494972229,79.27637481689453,94.35569763183594,False,False,0
121,4712,0.8742857142857143,0.92,0,0,0,3720,0.0,0.0,,False,3534,1178,0.6293818579001828,1.2919776439666748,-29.729766845703125,112.51608276367188,False,True,0
122,3285,0.8857142857142857,0.93,0,2,7,1465,0.00477815699658703,0.0027405602923264312,,False,400,2885,0.02908754975852953,0.9327090978622437,-21.843101501464844,89.59831237792969,False,True,0
123,19664,1.0,1.0,0,3,74,16009,0.004622399900056218,0.003915984336062656,,False,8564,11100,0.16186264958129626,0.9159624576568604,-38.33423614501953,102.26231384277344,False,True,0
124,28294,1.0,1.0,0,19,189,24338,0.007765633988002301,0.0073869861803272895,,False,11191,17103,0.13727440355027276,0.9490075707435608,-21.2276611328125,102.88864135742188,False,True,0
125,5725,0.8628571428571429,0.92,0,0,1,4499,0.0002222716159146477,0.00017470300489168413,,False,3829,1896,0.4236819855660689,1.1618354320526123,-25.244659423828125,112.87251281738281,False,True,0
126,9686,1.0,1.0,0,4,30,6436,0.0046612802983219395,0.0035105833763551886,,False,2364,7322,0.06773462223782355,0.9052738547325134,-30.93769073486328,98.28007507324219,False,True,0
127,54618,0.9428571428571428,0.96,0,2,73,51911,0.0014062530099593535,0.0013915081384916785,0.13,False,45182,9436,1.00454751673188,0.9456091523170471,-21.611328125,115.85453796386719,False,True,0
128,5180,0.72,0.77,0,2,36,3834,0.009389671361502348,0.007337323807684881,,False,47,5133,0.0019209654731676465,0.9220667481422424,-34.19953155517578,82.33917236328125,False,False,0
129,23334,1.0,1.0,0,12,27,21235,0.0012714857546503415,0.0016714524493207045,,False,20178,3156,1.3413252142701615,1.0332388877868652,-30.726791381835938,120.16742706298828,False,True,0
130,39232,1.0,1.0,0,13,324,34784,0.009314627414903404,0.008590145548163442,,False,11946,27286,0.09184924716552548,0.970093846321106,-32.5897216796875,102.84452819824219,False,True,0
131,2287,0.7142857142857143,0.78,0,0,0,1569,0.0,0.0,,False,146,2141,0.014306360151553274,0.7184617519378662,-25.06792449951172,102.7339859008789,False,True,0
132,3915,0.6228571428571429,0.68,0,0,0,3614,0.0,0.0,,False,3713,202,3.856262109543529,1.230405569076538,-24.882179260253906,119.06877899169922,False,True,0
133,2648,0.84,0.88,0,0,3,1427,0.002102312543798178,0.0011333585190782018,,False,373,2275,0.03439698651967299,0.9736221432685852,-34.07452392578125,91.83216857910156,False,True,0
134,54724,1.0,1.0,0,45,527,50068,0.010525685068307103,0.01045264331268388,,False,25755,28969,0.1865181141935541,0.9790089130401611,-32.509056091308594,113.81436157226562,False,True,0
135,9819,0.9885714285714285,1.0,0,1,19,7380,0.002574525745257453,0.002037074760643716,,False,5427,4392,0.25923310130724747,0.9340665936470032,-24.42693328857422,118.6680908203125,False,True,0
136,38840,1.0,1.0,0,31,306,34634,0.00883524859964197,0.008702592754705321,,False,17362,21478,0.1695894685548464,0.9127507209777832,-31.981521606445312,111.82227325439453,False,True,0
137,4433,0.9542857142857143,0.98,0,3,8,2467,0.0032428050263477908,0.0024819494584837547,,False,637,3796,0.03520514958574082,0.7233880162239075,-26.566696166992188,113.55030822753906,False,True,0
138,16120,1.0,1.0,0,8,53,13048,0.004061925199264255,0.003784353868105962,,False,6533,9587,0.14296275086616927,0.9343141317367554,-35.11072540283203,118.9703598022461,False,True,0
139,5279,0.8914285714285715,0.92,0,1,5,3758,0.0013304949441192123,0.0011367942402425162,,False,2922,2357,0.26008397522052523,1.135780692100525,-38.36662292480469,135.23081970214844,False,True,0
140,4217,0.88,0.92,0,0,13,2554,0.005090054815974941,0.0030834914611005695,,False,303,3914,0.016241075025017492,0.7371829748153687,-24.870895385742188,106.37861633300781,False,True,0
141,10467,0.9828571428571429,0.98,0,0,20,7865,0.0025429116338207248,0.0019109497420217848,,False,3608,6859,0.11035669647197646,1.0110697746276855,-26.87310791015625,118.39990234375,False,True,0
142,10335,1.0,1.0,0,6,4,8010,0.0004993757802746567,0.0009676795045480937,,False,5376,4959,0.22743542838417574,0.8152472972869873,-21.318031311035156,126.01470184326172,False,True,0
143,14797,0.9885714285714285,1.0,0,0,25,11557,0.0021631911395690925,0.0016896458502297918,,False,7627,7170,0.2231657568667919,1.080862045288086,-35.19325256347656,130.47811889648438,False,True,0
144,84395,1.0,1.0,0,26,678,79820,0.008494111751440742,0.008341825248240396,,False,59984,24411,0.5155167938536529,0.9124579429626465,-24.011924743652344,132.05198669433594,False,True,0
145,14932,1.0,1.0,0,4,43,11499,0.0037394556048352032,0.003147813274395553,,False,7045,7887,0.1873967790417475,1.034824013710022,-37.082550048828125,131.543701171875,False,True,0
146,28779,1.0,1.0,0,2,125,24711,0.005058475982356036,0.004413093335186601,,False,15169,13610,0.23382545683291386,0.9673156142234802,-33.590965270996094,133.00808715820312,False,True,0
147,18412,0.9771428571428571,1.0,0,0,37,15255,0.0024254342838413634,0.0020096681331812504,,False,11335,7077,0.3360201290235303,1.0290032625198364,-34.72002410888672,136.67431640625,False,True,0
148,9398,0.9714285714285714,0.99,0,1,23,7246,0.0031741650565829424,0.002554006597850378,,False,2832,6566,0.09048682209225899,1.0461190938949585,-16.293792724609375,135.6605224609375,False,True,0
149,2513,0.88,0.97,0,0,0,1632,0.0,0.0,,False,210,2303,0.019130147656540513,0.8386112451553345,-36.217529296875,127.05924987792969,False,True,0
150,33085,1.0,1.0,0,39,308,28828,0.010684057166643541,0.010488453633176157,,False,10729,22356,0.10068345490265194,0.8170905709266663,-19.68792724609375,136.06924438476562,False,True,0
151,217,0.14857142857142858,0.18,0,0,0,166,0.0,0.0,,False,206,11,3.9288685674981108,1.0134953260421753,-42.02845764160156,148.5897216796875,False,False,0
152,737,0.7771428571428571,0.84,0,0,0,197,0.0,0.0,,False,146,591,0.05182727087051702,0.8831855654716492,-7.2763214111328125,138.46974182128906,False,True,0
153,686,0.5085714285714286,0.58,0,0,0,336,0.0,0.0,,False,6,680,0.0018511231114711258,0.8214734196662903,-36.969085693359375,120.00914001464844,False,False,0
154,23969,1.0,1.0,0,3,59,20222,0.0029176144792799922,0.0025867823765020025,,False,13042,10927,0.2504010918133731,0.9658051133155823,-39.091819763183594,144.7682647705078,False,True,0
155,16056,1.0,1.0,0,3,15,13811,0.0010860907971906452,0.0011211460604173154,,False,11217,4839,0.48631096645769445,0.9685229659080505,-42.745941162109375,155.8098907470703,False,True,0
156,17311,1.0,1.0,0,3,25,14562,0.0017167971432495537,0.0016175621028307336,,False,10654,6657,0.3357585656235816,0.7925822138786316,-39.981689453125,155.37335205078125,False,True,0
157,7327,0.9485714285714286,0.97,0,2,9,4876,0.0018457752255947497,0.0015015015015015015,,False,1611,5716,0.05912842156969877,0.9674442410469055,-22.459747314453125,135.10604858398438,False,True,0
158,903,0.7257142857142858,0.81,0,0,1,421,0.0023752969121140144,0.0011086474501108647,,False,229,674,0.07128014117662801,0.983074426651001,-35.94093322753906,132.14218139648438,False,True,0
159,3015,0.7828571428571428,0.87,0,0,11,1955,0.005626598465473146,0.0036496350364963502,,False,211,2804,0.0157869201161363,0.8761667609214783,-40.960296630859375,121.9930648803711,False,True,0
160,6256,1.0,1.0,0,1,5,4496,0.001112099644128114,0.0009592326139088729,,False,4165,2091,0.41788226337546014,0.947555661201477,-20.852783203125,148.1934814453125,False,True,0
161,6240,0.9942857142857143,1.0,0,2,12,3511,0.003417829678154372,0.002243949350857509,,False,1512,4728,0.06709146708580628,0.9325070381164551,-25.416641235351562,135.83001708984375,False,True,0
162,42991,1.0,1.0,0,14,209,38579,0.0054174550921485785,0.0051872528494998835,,False,21755,21236,0.21492123938309907,0.9287166595458984,-24.188430786132812,143.01023864746094,False,True,0
163,13770,0.9828571428571429,1.0,0,0,2,12592,0.0001588310038119441,0.00014525383106979447,0.085,True,11729,2041,1.205621396588477,1.0713400840759277,-41.866172790527344,159.71347045898438,False,True,0
164,417,0.6057142857142858,0.69,0,0,0,133,0.0,0.0,,False,46,371,0.026012188197132444,0.9046223163604736,-31.843276977539062,141.8898468017578,False,False,0
165,46434,1.0,1.0,0,2,53,42891,0.0012356904711944231,0.0011845024013094135,0.11,False,37976,8458,0.9419644295584985,0.9331038594245911,-29.331085205078125,156.70054626464844,False,True,0
166,10126,1.0,1.0,0,0,15,7533,0.001991238550378335,0.0014814814814814814,,False,5222,4904,0.2233980466255271,1.011250615119934,-31.267913818359375,149.10890197753906,False,True,0
167,3440,1.0,1.0,0,1,2,1980,0.00101010101010101,0.0008723466123873219,,False,1796,1644,0.2291909604194502,0.9514681696891785,-37.65275573730469,151.709228515625,False,True,0
168,8981,1.0,1.0,0,1,11,7013,0.0015685156138599743,0.0013363028953229399,,False,6428,2553,0.5282238650714682,0.9799104332923889,-38.62000274658203,159.37782287597656,False,True,0
169,6365,0.9257142857142857,0.97,0,0,32,4720,0.006779661016949152,0.00502828409805154,,False,784,5581,0.029471144752657427,1.0214751958847046,-21.947219848632812,137.80101013183594,False,True,0
170,64358,1.0,1.0,0,5,181,60864,0.0029738433228180864,0.0028901285019500597,0.21,False,53340,11018,1.0156479790765338,0.9874423742294312,-37.44518280029297,159.82809448242188,False,True,0
171,1417,0.88,0.93,0,0,0,768,0.0,0.0,,False,321,1096,0.061445126638065284,0.8256345391273499,-41.33509063720703,127.06694030761719,False,True,0
172,341799,1.0,1.0,0,214,6608,336934,0.01961214956044804,0.01996793427697061,0.225,False,288570,53229,1.1373544667647069,1.0249844789505005,-36.81336975097656,160.4880828857422,False,True,1
173,5510,1.0,1.0,0,0,10,3526,0.0028360748723766306,0.0018152114721365039,,False,3000,2510,0.25074974418333973,0.9213258028030396,-34.241119384765625,155.44882202148438,False,True,0
174,16218,0.9485714285714286,0.99,0,2,7,14994,0.00046685340802987864,0.000554973176296479,0.25,False,13995,2223,1.3207675965381704,0.9829068183898926,-38.087005615234375,161.10037231445312,False,True,0
175,3298,0.8,0.84,0,0,1,2146,0.00046598322460391424,0.00030330603579011223,,False,337,2961,0.023877258371311674,0.9058429002761841,-38.61155700683594,136.52096557617188,False,True,0
176,13811,1.0,1.0,0,1,38,11187,0.0033967998569768483,0.002896451846488052,,False,6782,7029,0.2024217650817584,0.9404228925704956,-36.68495178222656,154.44015502929688,False,True,0
177,30708,1.0,1.0,0,2,71,27928,0.0025422515038670867,0.0023773081056436642,0.335,False,25859,4849,1.1188001280979465,0.9854063391685486,-30.90753173828125,165.09951782226562,False,True,0
178,5109,0.7485714285714286,0.81,0,0,0,4455,0.0,0.0,,False,4263,846,1.057153215220047,1.0273914337158203,-33.8526611328125,163.4475860595703,False,True,0
179,15325,1.0,1.0,0,5,32,13136,0.00243605359317905,0.002414513181936831,,False,11407,3918,0.6108013317225953,1.1672085523605347,-31.556365966796875,160.84767150878906,False,True,0
180,551,0.6342857142857142,0.74,0,0,0,229,0.0,0.0,,False,31,520,0.01250694717622158,0.9188719987869263,-43.56297302246094,129.6051788330078,False,False,0
181,17308,1.0,1.0,0,1,26,14435,0.0018011776931070316,0.0015600624024961,,False,11888,5420,0.4601532304254227,0.8941778540611267,-29.669189453125,161.3067626953125,False,True,0
182,23348,0.9428571428571428,0.98,0,0,5,22711,0.00022015763286513143,0.0002141602775517197,0.025,True,22625,723,6.565128877358983,0.9652488231658936,-34.972625732421875,166.902587890625,False,True,0
183,75673,1.0,1.0,0,17,279,72142,0.0038673726816556234,0.003911618564330268,0.24,False,66101,9572,1.4487661996468861,1.0387890338897705,-31.430221557617188,164.6575469970703,False,True,0
184,35048,1.0,1.0,0,5,73,31899,0.0022884729928837897,0.0022255827888264332,0.295,False,27713,7335,0.7926407374682012,0.9750678539276123,-26.99676513671875,164.47433471679688,False,True,0
185,3032,0.9942857142857143,1.0,0,2,3,1827,0.0016420361247947454,0.001649620587264929,,False,1874,1158,0.3395111116018833,0.9432785511016846,-35.7908935546875,168.38951110839844,False,True,0
186,38172,0.9771428571428571,1.0,0,0,10,36948,0.00027065064414853306,0.0002619789892850593,0.02,True,36502,1670,4.585568179056382,1.098188042640686,-23.559890747070312,171.28598022460938,False,True,0
187,61435,1.0,1.0,0,0,0,60574,0.0,0.0,0.005,True,60343,1092,11.593037073037463,0.9839422106742859,-44.14299011230469,172.96493530273438,False,True,0
188,31043,1.0,1.0,0,16,221,27104,0.008153778040141677,0.0076348173442432835,,False,13577,17466,0.16308098562370285,0.8816566467285156,-32.097686767578125,156.2006378173828,False,True,0
189,65845,1.0,1.0,0,9,322,61489,0.005236709004862658,0.005042221007229208,0.325,False,47571,18274,0.5461370318881033,0.9818900227546692,-36.109100341796875,172.863525390625,False,True,0
190,2870,0.7485714285714286,0.83,0,0,1,1894,0.0005279831045406547,0.0003485535029627048,,False,315,2555,0.02586500785891162,1.0772572755813599,-8.926727294921875,155.69549560546875,False,True,0
191,80543,1.0,1.0,0,13,516,76288,0.006763842281879194,0.006568001787887065,0.315,False,63004,17539,0.753626671515729,0.9899981617927551,-30.478775024414062,176.74069213867188,False,True,0
192,1602,0.88,0.92,0,4,10,681,0.014684287812041116,0.008744534665833853,,False,421,1181,0.0747868366288391,0.8707935214042664,-40.08604431152344,147.96409606933594,False,True,0
193,25725,1.0,1.0,0,3,87,22009,0.003952928347494207,0.0034986782770953196,,False,10760,14965,0.15084416507419462,0.855516791343689,-37.17549133300781,161.0725555419922,False,True,0
194,13356,1.0,1.0,0,2,25,10753,0.0023249325769552683,0.0020217147135904155,,False,9271,4085,0.47613212603774735,0.954332709312439,-35.833099365234375,175.3305206298828,False,True,0
195,32663,1.0,1.0,0,1,84,29309,0.002866013852400287,0.0026024125895536096,,False,22489,10174,0.46373660318187576,0.9315333962440491,-30.887420654296875,171.594970703125,False,True,0
196,5326,0.6914285714285714,0.76,0,0,19,4750,0.004,0.003568075117370892,,False,3970,1356,0.6142197580785953,1.1679701805114746,-44.141632080078125,198.21206665039062,False,True,0
197,3436,0.9714285714285714,1.0,0,0,2,2299,0.0008699434536755111,0.0005822416302765648,,False,2134,1302,0.34385583327163083,1.07212233543396,-33.373504638671875,171.8363037109375,False,True,0
198,18934,1.0,1.0,0,4,27,16330,0.0016533986527862829,0.0016373527702952518,,False,13484,5450,0.5190571848272824,1.1210362911224365,-40.8221435546875,179.8690948486328,False,True,0
199,36716,1.0,1.0,0,6,99,33665,0.002940739640576266,0.002859866539561487,,False,29646,7070,0.879710257393155,0.8894239664077759,-39.709259033203125,182.44570922851562,False,True,0
200,6527,0.9428571428571428,0.97,0,0,23,5309,0.0043322659634582785,0.0035243640821330064,,False,4716,1811,0.5463215243617269,0.92295241355896,-30.843154907226562,173.06809997558594,False,True,0
201,16483,0.9485714285714286,0.97,0,3,135,13537,0.00997266750387826,0.008372770294867127,,False,1751,14732,0.024935460973464118,0.941404402256012,-32.89500427246094,159.2283935546875,False,True,0
202,2059,0.9485714285714286,0.98,0,0,1,922,0.0010845986984815619,0.00048590864917395527,,False,578,1481,0.08187772087920453,0.9346006512641907,-36.60197448730469,164.23130798339844,False,True,0
203,18745,0.9942857142857143,1.0,0,1,29,16284,0.0017808892164087448,0.0016005121638924455,,False,12822,5923,0.45415803826867823,0.9302879571914673,-33.47428894042969,182.53741455078125,False,True,0
204,9081,0.8,0.84,0,0,11,8329,0.0013206867571136992,0.001211453744493392,,False,7576,1505,1.0560790599007275,1.110808253288269,-39.337432861328125,196.21046447753906,False,True,0
205,481,0.45714285714285713,0.58,0,0,0,236,0.0,0.0,,False,13,468,0.0058276097953720634,0.9095154404640198,-6.7966156005859375,157.73960876464844,False,False,0
206,13527,0.9485714285714286,0.98,0,2,11,11009,0.000999182487056045,0.0009611119325743014,,False,8000,5527,0.3036641253966264,1.6198018789291382,-13.935043334960938,180.53887939453125,False,True,0
207,11731,1.0,1.0,0,1,22,9328,0.0023584905660377358,0.00196078431372549,,False,7085,4646,0.3199290043925093,0.8435636758804321,-38.354644775390625,181.2945098876953,False,True,0
208,25296,1.0,1.0,0,4,53,22345,0.0023718952785858134,0.0022534097647756474,,False,17677,7619,0.48674730288758505,0.8595148324966431,-39.48277282714844,183.76455688476562,False,True,0
209,115343,1.0,1.0,0,86,961,110731,0.008678689797798268,0.009077352568882107,,False,90038,25305,0.7464701800911105,0.9368172883987427,-33.7486572265625,189.33416748046875,False,True,0
210,3691,0.9828571428571429,1.0,0,0,1,2788,0.0003586800573888092,0.00027100271002710027,,False,2640,1051,0.5269800522855955,0.6692875623703003,-36.31103515625,185.0061492919922,False,True,0
211,31372,1.0,1.0,0,3,97,27829,0.003485572604118006,0.00318765739058366,,False,21550,9822,0.4602992953827781,0.8611194491386414,-32.0137939453125,183.94723510742188,False,True,0
212,29206,1.0,1.0,0,3,85,26026,0.003265964804426343,0.0030131826741996233,,False,22132,7074,0.6563697709474529,0.9332660436630249,-38.63848876953125,194.45599365234375,False,True,0
213,28664,1.0,1.0,0,1,23,26342,0.0008731303621592894,0.0008373164009350034,0.135,False,25525,3139,1.7059543297124524,0.9783691167831421,-36.432769775390625,193.1675262451172,False,True,0
214,1405,0.6571428571428571,0.72,0,0,1,829,0.0012062726176115801,0.0007122507122507123,,False,428,977,0.09190564148115941,1.015533685684204,-38.93824768066406,174.95278930664062,False,True,0
215,3479,0.9771428571428571,0.98,0,2,5,2571,0.0019447685725398677,0.0020126509488211618,,False,1800,1679,0.2249131118166228,0.8368354439735413,-38.992706298828125,190.4099578857422,False,True,0
216,34652,1.0,1.0,0,4,63,31349,0.0020096334811317744,0.0019335661308475945,0.285,False,25681,8971,0.6005705604256157,0.8242837190628052,-24.471054077148438,192.29165649414062,False,True,0
217,7725,0.96,0.99,0,2,7,5898,0.001186842997626314,0.0011651993785603315,,False,4988,2737,0.3823354898558168,0.9522455334663391,-37.45452880859375,195.34515380859375,False,True,0
218,5608,1.0,1.0,0,1,5,3893,0.0012843565373747753,0.001070090957731407,,False,2328,3280,0.14890253711297008,0.9397977590560913,-35.85234069824219,188.03549194335938,False,True,0
219,21348,1.0,1.0,0,4,69,17950,0.003844011142061281,0.003419684264767883,,False,12553,8795,0.2994364397279134,0.9508057832717896,-39.564117431640625,194.47352600097656,False,True,0
220,3380,0.8514285714285714,0.89,0,0,1,2287,0.00043725404459991256,0.0002959455460195324,,False,968,2412,0.08419591465552474,1.0873708724975586,-9.963516235351562,182.6235809326172,False,True,0
221,34499,1.0,1.0,0,12,31,31632,0.0009800202326757713,0.001246449069511276,0.2,False,28756,5743,1.0504675086062834,1.0558942556381226,-33.86936950683594,203.65321350097656,False,True,0
222,269700,1.0,1.0,0,70,3819,264834,0.01442035388205442,0.01443461043607874,0.21,False,221084,48616,0.9540498235971973,0.8822467923164368,-30.721664428710938,201.37057495117188,False,True,0
223,67877,1.0,1.0,0,14,361,63880,0.005651221039448967,0.005539513230007661,,False,52715,15162,0.7294082715386743,1.0066256523132324,-35.722381591796875,201.65025329589844,False,True,0
224,293,0.37142857142857144,0.5,0,0,0,149,0.0,0.0,,False,21,272,0.01619732722537235,1.0531096458435059,-40.28990173339844,162.17721557617188,False,False,0
225,279,0.3314285714285714,0.42,0,0,0,135,0.0,0.0,,False,73,206,0.07434445894290184,1.0042469501495361,-40.19270324707031,165.14492797851562,False,False,0
226,4317,0.9085714285714286,0.95,0,0,2,3429,0.0005832604257801109,0.0004633920296570899,,False,2916,1401,0.4366589335324609,0.9722066521644592,-34.79759216308594,200.68161010742188,False,True,0
227,1211,0.7428571428571429,0.83,0,0,0,762,0.0,0.0,,False,529,682,0.16272874038572663,1.0137240886688232,-2.088592529296875,192.7454376220703,False,True,0
228,75172,1.0,1.0,0,9,335,71485,0.004686297824718472,0.004576232855755544,0.25,False,64093,11079,1.213676668122767,1.0428065061569214,-33.29864501953125,200.37454223632812,False,True,0
229,4627,1.0,1.0,0,0,4,2919,0.0013703323055841042,0.0008646779074794639,,False,1738,2889,0.12621041525678064,0.8765209317207336,-33.365081787109375,188.01097106933594,False,True,0
230,599,0.5714285714285714,0.67,0,0,0,354,0.0,0.0,,False,344,255,0.2830161557093632,0.8715887665748596,-8.013442993164062,197.32974243164062,False,True,0
231,33740,1.0,1.0,0,3,99,30826,0.00321157464478038,0.003052846853789383,0.345,False,25104,8636,0.6098503227082828,1.0320558547973633,-41.83415222167969,203.9620819091797,False,True,0
232,82015,0.96,0.99,0,30,842,79589,0.01057935141790951,0.010632331065427854,,False,72979,9036,1.6943949611811064,1.148876667022705,-39.828155517578125,204.62945556640625,False,True,0
233,1842,0.6342857142857142,0.71,0,0,1,1399,0.0007147962830593281,0.0005431830526887561,,False,1400,442,0.6645057323229682,0.8054915070533752,-38.541412353515625,198.66009521484375,False,True,0
234,21241,0.9942857142857143,1.0,0,1,19,19000,0.001,0.0009416195856873823,0.26,False,16853,4388,0.805756035490108,0.9735679030418396,-34.77684020996094,209.67237854003906,False,True,0
235,5112,1.0,1.0,0,0,2,3839,0.0005209690023443605,0.0003913128546272745,,False,4014,1098,0.7669516629056873,0.9897706508636475,-30.922073364257812,210.10107421875,False,True,0
236,44376,1.0,1.0,0,22,123,40826,0.003012785969725175,0.003267605633802817,,False,35136,9240,0.7977619393643876,0.9726996421813965,-29.95623779296875,208.21971130371094,False,True,0
237,11316,0.9942857142857143,1.0,0,0,15,8306,0.001805923428846617,0.0013256738842244808,,False,4774,6542,0.1530963512491324,0.9635070562362671,-32.33525085449219,192.44427490234375,False,True,0
238,4885,0.8171428571428572,0.86,0,0,4,4000,0.001,0.000819000819000819,,False,3522,1363,0.5421088049705169,0.9640164375305176,-21.59417724609375,204.24082946777344,False,True,0
239,27963,1.0,1.0,0,2,38,25439,0.001493769409174889,0.0014305128388527287,0.295,False,23739,4224,1.1790479738551483,1.0246325731277466,-37.38716125488281,218.27056884765625,False,True,0
240,30349,0.8685714285714285,0.92,0,0,1,29298,3.413202266366305e-05,3.295110056675893e-05,0.015,True,28377,1972,3.018926467483686,1.0719809532165527,-34.046417236328125,217.00234985351562,False,True,0
241,5020,0.9542857142857143,0.97,0,0,6,3985,0.00150564617314931,0.001195457262402869,,False,3355,1665,0.4227379646156383,0.9989337921142578,-40.321807861328125,221.7386016845703,False,True,0
242,3569,0.9885714285714285,1.0,0,1,2,1760,0.0011363636363636363,0.0008408071748878924,,False,1321,2248,0.12328194458572679,0.9576892852783203,-31.880279541015625,199.37957763671875,False,True,0
243,19169,1.0,1.0,0,3,43,15736,0.0027325876970005084,0.0024520033388981638,,False,10019,9150,0.22971864605835815,0.9342600703239441,-37.75634765625,211.54446411132812,False,True,0
244,11341,0.9942857142857143,1.0,0,0,10,9692,0.0010317787866281469,0.0008818342151675485,,False,8941,2400,0.7815698877063242,1.0395290851593018,-37.11785888671875,218.41526794433594,False,True,0
245,65926,1.0,1.0,0,10,521,61379,0.008488245165284543,0.008054607508532423,,False,32123,33803,0.19936724966548897,0.9068794846534729,-31.42620849609375,209.51470947265625,False,True,0
246,63163,1.0,1.0,0,21,525,59078,0.008886556755475812,0.00864443811152275,,False,47920,15243,0.6595372439934561,1.0173696279525757,-38.21873474121094,229.59425354003906,False,True,0
247,11134,0.9428571428571428,0.98,0,0,5,9326,0.000536135535063264,0.0004491152429713464,0.3,False,6695,4439,0.31641597496746443,1.0219340324401855,-31.601516723632812,213.20034790039062,False,True,0
248,48204,0.9942857142857143,1.0,0,12,87,45864,0.0018969126111983254,0.0020538140779619526,0.23,False,44479,3725,2.5050805957532196,1.0062620639801025,-30.0430908203125,217.10235595703125,False,True,0
249,3276,0.7942857142857143,0.84,0,0,0,2666,0.0,0.0,,False,2334,942,0.5198079463336965,0.9506879448890686,-40.8660888671875,232.92459106445312,False,True,0
250,2328,0.8114285714285714,0.88,0,0,6,1704,0.0035211267605633804,0.002578427159432746,,False,1708,620,0.5779485017707054,0.9394790530204773,-39.79052734375,223.54782104492188,False,True,0
251,13697,0.9942857142857143,1.0,0,1,25,11241,0.0022240014233609108,0.0018983644859813084,,False,8713,4984,0.36676057570119663,0.9718558192253113,-27.685302734375,222.6331329345703,False,True,0
252,1413,0.8,0.87,0,1,0,873,0.0,0.000708215297450425,,False,742,671,0.23199271662291884,1.2168970108032227,-51.713531494140625,214.22557067871094,False,True,0
253,15740,0.9942857142857143,1.0,0,1,37,13229,0.002796885630055182,0.0024143846495965435,,False,10384,5356,0.4067401800121669,0.9398189187049866,-32.048583984375,222.71670532226562,False,True,0
254,10197,0.9657142857142857,0.99,0,1,15,7880,0.0019035532994923859,0.001569242840329541,,False,5322,4875,0.22903044429024091,1.0263724327087402,-37.72361755371094,219.9507598876953,False,True,0
255,224,0.6114285714285714,0.76,0,0,0,41,0.0,0.0,,False,110,114,0.2024327613129243,0.8826255798339844,-40.29978942871094,217.86264038085938,False,True,0
256,97555,1.0,1.0,0,103,1079,93345,0.011559269377042155,0.012116366320191894,,False,81187,16368,1.0406000508582223,0.958453357219696,-35.574493408203125,231.5331573486328,False,True,0
257,131902,1.0,1.0,0,68,1286,127071,0.010120326431679927,0.010295600488244972,,False,88440,43462,0.42690573767653095,0.9753280878067017,-28.699478149414062,223.7103271484375,False,True,0
258,3153,0.8457142857142858,0.9,0,0,2,2151,0.0009298000929800093,0.0006345177664974619,,False,1066,2087,0.10715877024781903,1.0543321371078491,-39.65086364746094,203.09339904785156,False,True,0
259,15599,0.8971428571428571,0.95,0,0,1,14743,6.782880010852608e-05,6.411078343377356e-05,0.05,True,14641,958,3.206256013053784,1.1809117794036865,-32.506378173828125,231.5108642578125,False,True,0
260,10247,0.9885714285714285,1.0,0,0,33,8703,0.003791795932437091,0.003220769080616826,,False,8452,1795,0.9878431686113918,0.9539706110954285,-37.74372863769531,234.5986328125,False,True,0
261,14520,0.9828571428571429,0.99,0,1,53,12134,0.004367891874072853,0.003719264412149597,,False,7906,6614,0.25077577706676973,1.112699270248413,-18.043716430664062,223.69253540039062,False,True,0
262,57119,1.0,1.0,0,8,406,53458,0.007594747278237121,0.007248152946531741,,False,47255,9864,1.0050500032127985,0.9948790073394775,-36.83207702636719,237.74143981933594,False,True,0
263,12140,1.0,1.0,0,2,31,8848,0.003503616636528029,0.0027185105857154626,,False,3901,8239,0.09933319689560276,0.9396549463272095,-30.01788330078125,214.79241943359375,False,True,0
264,25584,1.0,1.0,0,4,82,23312,0.0035175017158544956,0.003361607317359184,,False,21984,3600,1.2811417374145944,0.9921097159385681,-36.83906555175781,236.6900177001953,False,True,0
265,2990,0.7714285714285715,0.86,0,0,1,2157,0.0004636068613815484,0.00033456005352960856,,False,826,2164,0.08007846805692405,0.9351675510406494,-30.663284301757812,221.60205078125,False,True,0
266,23885,1.0,1.0,0,4,99,20033,0.00494184595417561,0.004312510467258415,,False,9459,14426,0.13756003035902375,0.9075579047203064,-30.625045776367188,220.18753051757812,False,True,0
267,1730,0.6285714285714286,0.76,0,0,0,1492,0.0,0.0,,False,1580,150,2.2098296344050863,1.1224989891052246,-39.8216552734375,245.73756408691406,False,True,0
268,8210,0.9371428571428572,0.96,0,0,11,6502,0.0016917871424177175,0.0013399926909489586,,False,4802,3408,0.295607558845528,1.057529330253601,-37.37445068359375,235.63198852539062,False,True,0
269,69397,1.0,1.0,0,16,302,65913,0.004581797217544339,0.004582396679923915,0.29,False,59634,9763,1.2814557586131141,0.991382896900177,-34.19010925292969,239.89288330078125,False,True,0
270,82497,1.0,1.0,0,12,330,78866,0.004184312631552253,0.004145655546935609,0.205,False,70876,11621,1.2795246697224378,1.1161913871765137,-31.084259033203125,239.18344116210938,False,True,0
271,1354,0.6685714285714286,0.73,0,0,0,781,0.0,0.0,,False,131,1223,0.022471797052309606,1.0697526931762695,-37.39811706542969,218.30873107910156,False,True,0
272,96100,1.0,1.0,0,69,737,91703,0.008036814498980404,0.008387184049781995,,False,77353,18747,0.8656420556916278,0.9952909350395203,-25.418563842773438,243.349609375,False,True,0
273,6556,0.9257142857142857,0.97,0,0,4,4951,0.0008079175924055746,0.0006102212051868803,,False,3031,3525,0.18039304125725336,0.885528564453125,-4.30853271484375,233.31967163085938,False,True,0
274,58255,1.0,1.0,0,5,24,55911,0.00042925363524172347,0.000497819892196244,0.055,True,54523,3732,3.0650042013479517,0.9432306885719299,-29.7015380859375,248.12667846679688,False,True,0
275,67756,1.0,1.0,0,31,452,63221,0.007149523101501083,0.007128625193712641,,False,43031,24725,0.36512208597644447,0.9514904618263245,-37.96345520019531,245.23233032226562,False,True,0
276,35989,1.0,1.0,0,32,106,32855,0.0032262973672196014,0.00383461153717906,,False,28469,7520,0.7942319198829921,1.0298922061920166,-38.725250244140625,253.16188049316406,False,True,0
277,2766,0.9314285714285714,0.95,0,0,3,2203,0.0013617793917385383,0.00108499095840868,,False,2348,418,1.1784598104861477,1.0063741207122803,-20.933868408203125,243.16346740722656,False,True,0
278,12249,0.7485714285714286,0.81,0,0,1,11327,8.828462964597864e-05,8.164598301763554e-05,0.14,False,10496,1753,1.2561308196463814,1.0875461101531982,-35.94816589355469,244.42572021484375,False,True,0
279,10770,0.9942857142857143,1.0,0,1,14,8957,0.0015630233337054818,0.0013928869904355093,,False,8565,2205,0.8149139248548852,1.0037016868591309,-28.065689086914062,252.9285888671875,False,True,0
280,49451,1.0,1.0,0,3,126,45957,0.0027416933220184084,0.0026086956521739132,0.225,False,39448,10003,0.8273469802541374,0.9846000075340271,-39.982513427734375,255.9075164794922,False,True,0
281,10254,0.9428571428571428,0.96,0,0,8,9059,0.0008830996798763661,0.0007802594362625573,,False,8570,1684,1.0676568729621072,1.0756361484527588,-39.69476318359375,257.45257568359375,False,True,0
282,2910,0.8171428571428572,0.9,0,0,0,1922,0.0,0.0,,False,969,1941,0.10473484806891244,0.9982299208641052,-33.10221862792969,230.8203125,False,True,0
283,22574,0.8285714285714286,0.89,0,0,1,21685,4.6114825916532166e-05,4.430071324148319e-05,0.035,True,20974,1600,2.7501364765830068,1.191871166229248,-27.954177856445312,256.8863830566406,False,True,0
284,110723,1.0,1.0,0,29,685,106089,0.006456842839502682,0.00645761456621087,0.245,False,83675,27048,0.6490131982623213,0.979016125202179,-36.824462890625,258.0407409667969,False,True,0
285,69088,1.0,1.0,0,7,488,64547,0.007560382357042155,0.007179353568688754,,False,37428,31660,0.24801541564000887,0.9899871945381165,-33.892578125,252.42025756835938,False,True,0
286,4607,0.9714285714285714,0.98,0,5,5,3406,0.001467997651203758,0.0021710811984368217,,False,3157,1450,0.45677207480250054,0.934575080871582,-37.782989501953125,262.97613525390625,False,True,0
287,12901,0.8628571428571429,0.91,0,0,7,11657,0.000600497555117097,0.0005426356589147286,0.225,False,10715,2186,1.0283358657213264,1.1162004470825195,-34.980560302734375,259.2369384765625,False,True,0
288,57293,1.0,1.0,0,9,267,53335,0.0050060935595762635,0.004817426516791175,,False,42765,14528,0.6175549548710838,1.0030704736709595,-36.632598876953125,260.7292175292969,False,True,0
289,24181,1.0,1.0,0,1,8,22015,0.00036338859868271633,0.00041356492969396195,0.115,False,20913,3268,1.3425400646946677,0.9662975668907166,-9.998123168945312,260.5638427734375,False,True,0
290,43384,1.0,1.0,0,0,110,40272,0.002731426301152165,0.002535555401885531,0.255,False,35806,7578,0.9912750419624327,0.9530604481697083,-40.328582763671875,270.42742919921875,False,True,0
291,37493,1.0,1.0,0,0,54,35407,0.001525122150987093,0.001440307265549984,0.21,False,33834,3659,1.9399203589500578,1.2904417514801025,-38.76390075683594,262.06549072265625,False,True,0
292,21586,0.9942857142857143,1.0,0,8,59,20053,0.0029422031616217026,0.003104007412555015,,False,19382,2204,1.8449303039657206,1.0157999992370605,-37.13288879394531,259.9895324707031,False,True,0
293,21529,1.0,1.0,0,3,51,18409,0.0027703840512792654,0.002508361204013378,,False,13848,7681,0.37823547143174635,1.0015599727630615,-39.09700012207031,258.1756591796875,False,True,0
294,37372,1.0,1.0,0,3,56,35568,0.0015744489428699954,0.001578764282465013,0.24,False,34481,2891,2.50221559348048,1.0733892917633057,-39.15959167480469,262.0455322265625,False,True,0
295,1418,0.5942857142857143,0.65,0,0,0,1081,0.0,0.0,,False,997,421,0.49682795908668426,0.9780596494674683,-41.20335388183594,276.05615234375,False,True,0
296,49427,1.0,1.0,0,15,245,45062,0.005436953530691048,0.0052603892688058915,,False,29360,20067,0.30694924250343625,0.9719280004501343,-27.91943359375,258.07476806640625,False,True,0
297,41007,1.0,1.0,0,6,209,37263,0.005608780828167351,0.005243135150953519,,False,30070,10937,0.5768038909834657,0.9956315755844116,-38.00262451171875,272.1673583984375,False,True,0
298,22786,1.0,1.0,0,4,19,21003,0.0009046326715231157,0.001009436032477507,0.3,False,20287,2499,1.7031172137149537,1.2122867107391357,-35.728302001953125,270.7400207519531,False,True,0
299,3113,0.7942857142857143,0.87,0,0,1,2017,0.0004957858205255329,0.00032133676092544985,,False,1010,2103,0.10075696251056977,1.0593456029891968,-2.053985595703125,252.3010711669922,False,True,0
300,2967,0.8914285714285715,0.93,0,0,2,1841,0.0010863661053775121,0.0006743088334457181,,False,990,1977,0.10505615230503809,0.9368149042129517,-36.5999755859375,246.0550994873047,False,True,0
301,23945,1.0,1.0,0,0,48,21097,0.002275205005451012,0.0020046775810223854,,False,18053,5892,0.6428055374899299,0.9613634943962097,-34.277618408203125,263.36492919921875,False,True,0
302,14429,1.0,1.0,0,2,20,12526,0.001596678907871627,0.001524812863875797,,False,11752,2677,0.920993100989036,0.9842303395271301,-20.831039428710938,263.1654052734375,False,True,0
303,57747,1.0,1.0,0,2,36,55603,0.0006474470801935147,0.0006580542375229454,0.06,True,54235,3512,3.2397992656811323,1.1434167623519897,-18.344772338867188,266.64794921875,False,True,0
304,4905,0.9885714285714285,0.99,0,0,0,3343,0.0,0.0,,False,2428,2477,0.20564380984815556,0.9216370582580566,-17.837478637695312,260.284912109375,False,True,0
305,2346,0.8457142857142858,0.91,0,0,0,1499,0.0,0.0,,False,504,1842,0.05740290560653132,0.7604340314865112,-7.6304931640625,256.4522705078125,False,True,0
306,8179,1.0,1.0,0,2,26,6491,0.0040055461408103525,0.0034238200048911714,,False,5661,2518,0.4716614638036716,0.9808027148246765,-15.6995849609375,261.32537841796875,False,True,0
307,13206,1.0,1.0,0,5,27,10844,0.0024898561416451495,0.0024233244982961,,False,8541,4665,0.3841050695480858,0.9537371397018433,-34.20692443847656,270.14324951171875,False,True,0
308,22154,0.9885714285714285,1.0,0,1,1,21176,4.7223271628258404e-05,9.028122601904934e-05,0.05,True,20970,1184,3.7156918806776,1.006992220878601,-10.67376708984375,266.72821044921875,False,True,0
309,36922,1.0,1.0,0,10,31,34487,0.0008988894365992983,0.0011104791311177921,0.18,False,32589,4333,1.577884865536507,0.9997144341468811,-30.317672729492188,275.7440185546875,False,True,0
310,56534,1.0,1.0,0,13,233,52758,0.00441639182683195,0.0043514407514195245,0.345,False,45294,11240,0.8454099012968825,1.0303736925125122,-26.36297607421875,272.508056640625,False,True,0
311,140522,1.0,1.0,0,56,1301,135882,0.009574483743247817,0.009664035980387273,0.28,False,114604,25918,0.9276651804767928,0.9739814400672913,-36.058746337890625,279.8056945800781,False,True,0
312,8647,0.9885714285714285,0.99,0,108,77,6928,0.011114318706697459,0.021512838306731435,,False,4752,3895,0.25595400845029254,0.7854993343353271,-24.617599487304688,265.1173095703125,False,True,0
313,23612,1.0,1.0,0,2,83,20935,0.003964652495820397,0.0036000169412561942,,False,19177,4435,0.9071518894364377,1.0158909559249878,-34.615020751953125,280.52093505859375,False,True,0
314,42090,1.0,1.0,0,4,83,38742,0.0021423777812193483,0.0020670483974435127,0.22,False,34856,7234,1.0108623186327883,0.9426952600479126,-32.9468994140625,278.70849609375,False,True,0
315,22817,1.0,1.0,0,0,53,21403,0.0024762883707891417,0.002322931276297335,,False,20875,1942,2.255122946046398,0.8824224472045898,-36.919219970703125,279.8370666503906,False,True,0
316,39215,1.0,1.0,0,5,105,36515,0.002875530603861427,0.002805120620186668,0.335,False,34675,4540,1.6023359708288427,0.9840646386146545,-32.13496398925781,280.3082580566406,False,True,0
317,97649,1.0,1.0,0,17,756,94755,0.00797847079309799,0.007916188759626413,0.34,False,90015,7634,2.4737493641989765,1.0514403581619263,-38.99769592285156,280.3343811035156,False,True,0
318,4096,0.7942857142857143,0.87,0,0,1,2928,0.00034153005464480874,0.0002442002442002442,,False,136,3960,0.007205044837914552,0.9271608591079712,-30.5220947265625,259.5463562011719,False,True,0
319,49712,1.0,1.0,0,10,86,47278,0.0018190278776597994,0.0019311621170364707,0.19,False,44625,5087,1.840388271331869,1.0231996774673462,-31.821533203125,289.211181640625,False,True,0
320,47153,1.0,1.0,0,4,146,44113,0.0033096819531657335,0.003181201221581269,0.295,False,39314,7839,1.0521545418840748,1.2474044561386108,-38.82666015625,281.2247619628906,False,True,0
321,10681,1.0,1.0,0,3,4,9501,0.00042100831491421954,0.0006554307116104869,,False,9537,1144,1.7489553551264696,1.0672986507415771,-27.970596313476562,280.3615417480469,False,True,0
322,19947,0.9942857142857143,0.99,0,1,8,18207,0.00043939144285165045,0.0004512182893813296,0.155,False,16191,3756,0.9043593948581699,1.3185927867889404,-35.54560852050781,282.001220703125,False,True,0
323,135456,1.0,1.0,0,45,1091,131034,0.008326083306622708,0.008386549038426045,0.26,False,114171,21285,1.1253176117503998,0.9977469444274902,-34.7032470703125,289.4283752441406,False,True,0
324,49137,1.0,1.0,0,14,216,45185,0.004780347460440411,0.00468088570498209,,False,37574,11563,0.6817260206042685,0.9387882947921753,-148.48886108398438,333.3768310546875,True,True,0
325,81371,1.0,1.0,0,23,428,77355,0.005532932583543404,0.005542583261644341,0.29,False,67170,14201,0.9923146115333493,1.0089174509048462,-15.95318603515625,285.8059387207031,False,True,0
326,95953,1.0,1.0,0,56,712,91585,0.007774198831686411,0.0080040020010005,,False,72248,23705,0.6394091326664193,0.8292757868766785,-37.100006103515625,294.00341796875,False,True,0
327,32000,1.0,1.0,0,5,46,28713,0.0016020617838609689,0.0015937998062439452,0.24,False,23934,8066,0.6225153065122314,1.0382122993469238,-29.5263671875,288.43780517578125,False,True,0
328,7552,0.9771428571428571,1.0,0,1,0,5792,0.0,0.00013243279035889287,,False,4154,3398,0.2564697113711359,0.8959432244300842,-37.80841064453125,292.7763671875,False,True,0
329,1966,0.9542857142857143,0.98,0,1,7,1313,0.005331302361005331,0.004071246819338422,,False,1529,437,0.7340387953694734,0.901907205581665,-27.5474853515625,288.04248046875,False,True,0
330,11449,0.9942857142857143,1.0,0,0,10,9158,0.0010919414719371041,0.0008735150244584207,0.285,False,6984,4465,0.32815251180103594,1.0363914966583252,-31.95965576171875,287.4642028808594,False,True,0
331,44550,1.0,1.0,0,2,62,41657,0.0014883452961086973,0.0014366203506251543,0.175,False,37481,7069,1.1123620227263051,0.9844793677330017,-35.240814208984375,295.5401611328125,False,True,0
332,7161,0.9771428571428571,0.98,0,0,13,6157,0.0021114178983271076,0.0018156424581005587,,False,6154,1007,1.2820973033822327,0.9410045742988586,-39.9483642578125,302.6340026855469,True,True,0
333,1491,0.5257142857142857,0.6,0,0,0,967,0.0,0.0,,False,10,1481,0.0014165695653841613,0.7787323594093323,-21.801239013671875,273.35296630859375,False,False,0
334,5400,0.9771428571428571,1.0,0,0,4,4595,0.0008705114254624592,0.0007408779403593258,,False,4591,809,1.1905612318169507,0.8559830188751221,-10.67901611328125,287.72430419921875,False,True,0
335,21625,1.0,1.0,0,0,24,20255,0.0011848926191063934,0.0011098779134295228,0.32,False,20155,1470,2.87646062267079,0.8460396528244019,-26.123565673828125,298.8414306640625,False,True,0
336,107639,1.0,1.0,0,140,816,103822,0.007859605863882414,0.008881621732102045,,False,95244,12395,1.6120706111024607,0.9842288494110107,-35.613922119140625,298.3180236816406,False,True,0
337,17675,1.0,1.0,0,1,2,16279,0.00012285766939001166,0.0001697408622835804,0.115,False,16268,1407,2.425677342885613,1.1720620393753052,-29.004913330078125,303.77392578125,True,True,0
338,69521,1.0,1.0,0,12,491,65496,0.0074966410162452665,0.007235327963176065,,False,54851,14670,0.7844177297814799,0.9622623324394226,-30.828765869140625,301.99969482421875,True,True,0
339,97396,1.0,1.0,0,14,585,92917,0.006295941539223178,0.00615021304995123,0.265,False,72194,25202,0.6009786769468798,0.8775458931922913,-32.275482177734375,298.11602783203125,False,True,0
340,12329,1.0,1.0,0,0,2,10905,0.00018340210912425492,0.00016223231667748214,0.18,False,10780,1549,1.4600250544790123,1.0412369966506958,-36.040374755859375,309.11187744140625,True,True,0
341,10386,1.0,1.0,0,1,12,8081,0.0014849647320876128,0.0012518054886856043,,False,6648,3738,0.3731166926449451,0.856077253818512,-29.7808837890625,298.88427734375,False,True,0
342,10618,1.0,1.0,0,0,5,9628,0.000519318653926049,0.00047094282754073653,0.345,False,9799,819,2.510098830103334,1.0127222537994385,-30.735443115234375,305.76446533203125,True,True,0
343,30987,1.0,1.0,0,4,135,27428,0.004921977541198775,0.004485896856644936,,False,18493,12494,0.31052661806061793,0.9551265835762024,-40.934356689453125,297.34918212890625,False,True,0
344,14821,1.0,1.0,0,0,30,12551,0.002390247789020795,0.0020242914979757085,,False,11584,3237,0.7507732923402037,0.9984912276268005,-31.950408935546875,308.1593933105469,True,True,0
345,154722,1.0,1.0,0,163,2417,149892,0.016124943292503937,0.016681639854964743,,False,106800,47922,0.46755131549698487,0.9055718779563904,-31.374725341796875,304.7427978515625,True,True,0
346,18328,0.9942857142857143,1.0,0,0,5,17423,0.0002869769844458474,0.00027282152016151035,0.085,True,17308,1020,3.559915423704694,1.0031068325042725,-30.48321533203125,311.1540832519531,True,True,0
347,74157,1.0,1.0,0,3,296,71129,0.004161453134445866,0.00403204056313717,0.225,False,67991,6166,2.313347491647277,1.1105316877365112,-36.570220947265625,317.18505859375,True,True,0
348,5089,0.9028571428571428,0.96,0,2,4,3603,0.0011101859561476548,0.0011792452830188679,,False,1914,3175,0.1264710630993123,1.0054365396499634,-18.769012451171875,299.7782897949219,False,True,0
349,3713,0.7542857142857143,0.83,0,0,0,3407,0.0,0.0,,False,3587,126,5.972467524571312,0.8892269730567932,-40.7197265625,321.9179992675781,True,True,0
350,46412,1.0,1.0,0,7,141,43895,0.003212210957967878,0.00318889918338325,0.3,False,42362,4050,2.194392943569345,1.0406070947647095,-33.7554931640625,317.0978088378906,True,True,0
351,26197,1.0,1.0,0,0,31,24053,0.0012888205213486884,0.0011833867766071157,0.265,False,23152,3045,1.5951230185117715,1.0487359762191772,-39.338775634765625,320.699462890625,True,True,0
352,70295,0.9714285714285714,0.99,0,0,8,69252,0.00011552012938254491,0.00011380772185392779,0.015,True,69025,1270,11.402383921669323,0.9738735556602478,-36.38818359375,318.36590576171875,True,True,0
353,18162,1.0,1.0,0,1,18,17328,0.001038781163434903,0.0010461978965915974,0.33,False,17567,595,6.194034228421574,1.1370136737823486,-40.68316650390625,321.0132141113281,True,True,0
354,9937,1.0,1.0,0,0,4,9041,0.00044242893485233934,0.00040257648953301127,,False,9210,727,2.6577748332236055,1.0067262649536133,-28.97760009765625,314.8529968261719,True,True,0
355,3823,0.7885714285714286,0.86,0,0,2,2735,0.0007312614259597807,0.0005232862375719519,,False,446,3377,0.02770746309579326,1.1116929054260254,-23.591033935546875,295.6153564453125,False,True,0
356,8406,1.0,1.0,0,1,13,7321,0.0017757137003141647,0.0016656751933372992,,False,7234,1172,1.2949227417661895,0.9145237803459167,-33.633148193359375,317.5546875,True,True,0
357,333160,1.0,1.0,0,201,6268,328423,0.01908514324514422,0.019420156741976054,0.24,False,290114,43046,1.4139330663542384,1.0446487665176392,-35.953369140625,321.54364013671875,True,True,0
358,13568,1.0,1.0,0,2,26,10542,0.0024663251754885223,0.002063831355494951,,False,6612,6956,0.19941886354399121,0.956778347492218,-39.941192626953125,308.9783020019531,True,True,0
359,4395,0.9885714285714285,1.0,0,0,0,2971,0.0,0.0,,False,1763,2632,0.14052687632700384,0.9775908589363098,-39.268585205078125,301.8655090332031,True,True,0
360,13315,0.8514285714285714,0.92,0,0,1,12655,7.902015013828527e-05,7.51089079164789e-05,0.115,False,12723,592,4.5087980732342485,1.1077380180358887,-34.35845947265625,328.95654296875,True,True,0
361,4893,1.0,1.0,0,0,4,3979,0.0010052777079668257,0.0008176614881439084,,False,4242,651,1.3670444655466336,1.0135093927383423,-38.345062255859375,328.6571960449219,True,True,0
362,9835,1.0,1.0,0,1,15,8531,0.0017582932833196576,0.0016270083384177345,,False,8506,1329,1.3427444402555695,0.9125092625617981,-23.848052978515625,324.9918212890625,True,True,0
363,164324,1.0,1.0,0,35,856,160523,0.0053325691645433985,0.005422247646403729,0.14,False,148156,16168,1.922453788121794,0.9697561264038086,-33.07183837890625,329.9483947753906,True,True,0
364,21695,1.0,1.0,0,11,35,18976,0.0018444350758853288,0.0021204019544574537,,False,15145,6550,0.4850884599439323,0.8815176486968994,-45.835052490234375,334.1907653808594,True,True,0
365,401466,1.0,1.0,0,451,11493,396583,0.028980062181182754,0.029758509459106023,0.32,False,329746,71720,0.9645666021340105,1.0179904699325562,-34.296600341796875,331.10479736328125,True,True,0
366,11112,1.0,1.0,0,1,4,9685,0.00041300980898296334,0.00045000450004500047,,False,9295,1817,1.0732167252214637,1.0270854234695435,-26.311920166015625,333.79583740234375,True,True,0
367,3986,1.0,1.0,0,0,2,2518,0.0007942811755361397,0.0005018820577164366,,False,2450,1536,0.33463228121863015,1.0274980068206787,-33.28643798828125,328.3869934082031,True,True,0
368,4908,0.9942857142857143,0.99,0,4,4,3727,0.0010732492621411322,0.0016303240269003464,,False,3258,1650,0.414247695563393,0.9880993962287903,-41.480316162109375,335.182861328125,True,True,0
369,710,0.6114285714285714,0.7,0,0,0,564,0.0,0.0,,False,678,32,4.44500937142004,0.9655280113220215,-39.5294189453125,341.94989013671875,True,False,0
370,3248,0.9714285714285714,0.97,0,2,2,2334,0.000856898029134533,0.0012319063751154912,,False,2178,1070,0.4270385316219932,0.8684152364730835,-36.688385009765625,334.341064453125,True,True,0
371,23231,0.9942857142857143,1.0,0,2,58,21716,0.0026708417756492906,0.002582866982350409,,False,20740,2491,1.7467388910544346,0.9684163331985474,-37.874298095703125,337.6495056152344,True,True,0
372,19250,1.0,1.0,0,7,61,16319,0.003737974140572339,0.0035326510468076263,,False,13431,5819,0.4842314105205565,1.0543887615203857,-36.743927001953125,334.6499938964844,True,True,0
373,29944,1.0,1.0,0,4,82,26541,0.0030895595493764367,0.0028721237016998964,,False,19126,10818,0.3709113642139304,0.8339837193489075,-34.465057373046875,333.49224853515625,True,True,0
374,402,0.5771428571428572,0.7,0,0,0,199,0.0,0.0,,False,289,113,0.5365526753190349,1.0344610214233398,-40.51641845703125,339.5137634277344,True,True,0
375,202172,1.0,1.0,0,77,2866,197543,0.014508233650395105,0.014561930247167003,0.29,False,166591,35581,0.9822597555760035,0.9661951661109924,-31.36102294921875,343.26275634765625,True,True,0
376,19795,0.9828571428571429,0.99,0,1,11,18990,0.0005792522380200105,0.0006062443164595332,0.225,False,19135,660,6.082435278242423,0.9529270529747009,-32.163116455078125,344.17523193359375,True,True,0
377,73328,1.0,1.0,0,13,319,69728,0.004574919687930243,0.004527663752778649,0.31,False,63730,9598,1.393016107660577,1.1953412294387817,-37.62799072265625,342.85888671875,True,True,0
378,245429,1.0,1.0,0,106,3826,240842,0.015885933516579333,0.016025066414590023,0.275,False,207636,37793,1.1526149590926218,1.1768935918807983,-36.5347900390625,341.03057861328125,True,True,0
379,20086,1.0,1.0,0,2,81,16624,0.004872473532242541,0.00413243714214588,,False,10598,9488,0.23433772238709022,0.978710412979126,-33.95147705078125,335.50311279296875,True,True,0
380,12388,1.0,1.0,0,5,21,10772,0.0019494987003341997,0.0020989747315734238,,False,9232,3156,0.6136938436981926,1.2000631093978882,-8.43841552734375,341.5355224609375,True,True,0
381,103957,1.0,1.0,0,9,514,99956,0.005142262595542038,0.005030974643118242,0.16,False,90907,13050,1.4614359273596913,0.9885949492454529,-30.275909423828125,349.90460205078125,True,True,0
382,5612,1.0,1.0,0,0,6,4602,0.001303780964797914,0.0010693281055070398,,False,4333,1279,0.710740576044173,1.0194885730743408,-29.714447021484375,354.50860595703125,True,True,0
383,18693,1.0,1.0,0,1,26,16578,0.0015683435878875618,0.0014444682216991226,,False,14621,4072,0.7532901231465761,0.9833503365516663,-34.600250244140625,354.8899841308594,True,True,0
384,35220,1.0,1.0,0,2,90,32081,0.002805398834200929,0.0026122263550924217,0.305,False,28240,6980,0.8487938713992914,0.9487330317497253,-27.426116943359375,352.74786376953125,True,True,0
385,1779,0.49714285714285716,0.56,0,0,0,1195,0.0,0.0,,False,106,1673,0.013292384327041119,0.9477416276931763,-36.58941650390625,321.79248046875,True,True,0
386,6703,1.0,1.0,0,0,13,4995,0.0026026026026026027,0.001939719486720382,,False,4643,2060,0.4728511272217716,1.0081260204315186,-28.267059326171875,352.0610046386719,True,True,0
387,78779,1.0,1.0,0,6,238,75057,0.003170923431525374,0.003110005331437711,0.17,False,65722,13057,1.0559912809199616,0.9085921049118042,-24.469879150390625,356.3843994140625,True,True,0
388,28826,1.0,1.0,0,0,23,26944,0.0008536223277909739,0.000797918473547268,0.13,False,25824,3002,1.8047032087957273,1.0079439878463745,-37.341064453125,365.223876953125,True,True,0
389,12756,1.0,1.0,0,4,20,10221,0.0019567556990509735,0.0018816150529204234,,False,8323,4433,0.3938901574030545,0.9754968881607056,-42.447601318359375,358.2846984863281,True,True,0
390,8828,0.8971428571428571,0.94,0,0,3,8490,0.00035335689045936394,0.00033986631924776253,,False,8724,104,17.598485026670495,1.1013686656951904,-40.260711669921875,364.5225830078125,True,True,0
391,118771,1.0,1.0,0,19,778,114100,0.006818580192813322,0.006710448766523533,0.245,False,85723,33048,0.5441832183972541,1.0672612190246582,-30.579315185546875,361.65087890625,True,True,0
392,58735,1.0,1.0,0,0,48,56907,0.0008434814697664611,0.0008172438451322913,0.07,True,52279,6456,1.6988565752356286,1.4550557136535645,-35.54290771484375,364.04364013671875,True,True,0
393,13405,1.0,1.0,0,0,8,11520,0.0006944444444444445,0.000596836765144733,0.345,False,10315,3090,0.7003315926904407,1.120755672454834,-35.958648681640625,365.4733581542969,True,True,0
394,55919,1.0,1.0,0,3,386,51708,0.0074649957453392125,0.0069566150434564895,,False,32776,23143,0.29711820384185844,0.9031950831413269,-29.0511474609375,359.74444580078125,True,True,0
395,44092,1.0,1.0,0,7,164,41323,0.003968734119013624,0.0038783425188814043,,False,37802,6290,1.260831637114081,1.1101654767990112,-34.105133056640625,370.44964599609375,True,True,0
396,6643,0.9885714285714285,1.0,0,0,8,5967,0.0013407072230601643,0.0012044564890093346,,False,6127,516,2.491099898807765,1.0401611328125,-41.43463134765625,365.333984375,True,True,0
397,8401,0.9942857142857143,1.0,0,13,31,6278,0.004937878305192736,0.005238095238095238,,False,3369,5032,0.14046021987716717,0.8888465762138367,-34.969757080078125,349.6268310546875,True,True,0
398,2938,0.9657142857142857,1.0,0,0,5,1601,0.003123048094940662,0.0017024174327545114,,False,1647,1291,0.26764573198079034,0.9826003909111023,-37.149871826171875,363.3316650390625,True,True,0
399,5211,0.9942857142857143,1.0,0,0,3,3487,0.0008603383997705764,0.0005758157389635317,,False,1906,3305,0.12098858508903161,0.9562621116638184,-37.32855224609375,346.15478515625,True,True,0
400,935,0.7828571428571428,0.9,0,0,0,383,0.0,0.0,,False,258,677,0.07995101887653726,0.8397873044013977,-30.9144287109375,345.5774230957031,True,True,0
401,71120,1.0,1.0,0,55,639,66609,0.009593298202945548,0.0097582924394325,,False,41616,29504,0.29591869349211414,0.9417939186096191,-34.949127197265625,370.89666748046875,True,True,0
402,134990,1.0,1.0,0,42,981,130795,0.0075002867082075006,0.007585803287675292,0.24,False,110459,24531,0.9446671645645142,1.0423864126205444,-35.455291748046875,375.777587890625,True,True,0
403,18610,1.0,1.0,0,2,68,15545,0.004374396912190415,0.0037616207211564295,,False,8979,9631,0.19559130938586305,0.8708544969558716,-36.274749755859375,363.98077392578125,True,True,0
404,1976,0.7657142857142857,0.89,0,0,1,1620,0.0006172839506172839,0.0005063291139240507,,False,1643,333,1.0351095020320324,1.2276004552841187,-39.6558837890625,398.43310546875,True,True,0
405,29143,0.9942857142857143,1.0,0,0,52,26571,0.001957020812163637,0.001784366206849221,0.315,False,22634,6509,0.7295247079281373,1.1491106748580933,-31.707733154296875,376.4477844238281,True,True,0
406,41257,1.0,1.0,0,8,198,37403,0.005293693019276529,0.004993213108396354,,False,28958,12299,0.49395993823545253,0.9798003435134888,-33.6881103515625,380.61981201171875,True,True,0
407,6791,0.9771428571428571,1.0,0,0,12,5252,0.002284843869002285,0.0017673048600883653,,False,4542,2249,0.423692366767842,0.9201384782791138,-32.126739501953125,379.60260009765625,True,True,0
408,190744,1.0,1.0,0,43,2189,185978,0.01177020937960404,0.011712094283931782,0.235,False,146252,44492,0.689624767610788,0.9058799147605896,-33.5198974609375,387.9725036621094,True,True,0
409,110959,1.0,1.0,0,19,799,106496,0.007502629206730769,0.007381171253987995,0.26,False,90371,20588,0.9208902901414646,1.0378493070602417,-34.63214111328125,383.36083984375,True,True,0
410,2779,0.9314285714285714,0.97,0,0,1,1818,0.00055005500550055,0.0003599712023038157,,False,1098,1681,0.13703376561062874,0.7524620890617371,-17.415283203125,366.9610900878906,True,True,0
411,11378,0.9942857142857143,1.0,0,1,54,7734,0.0069821567106283944,0.0048343148457414085,,False,1691,9687,0.036622439754626784,1.051297664642334,-31.984130859375,360.0186462402344,True,True,0
412,69371,1.0,1.0,0,9,94,66413,0.0014153855419872616,0.0014847916966988612,0.105,False,62974,6397,2.06527503097317,0.9548938870429993,-33.88897705078125,391.81884765625,True,True,0
413,1125,0.8571428571428571,0.89,0,0,0,825,0.0,0.0,,False,1000,125,1.6783516210671543,0.9743926525115967,-24.53857421875,390.0413818359375,True,True,0
414,10103,1.0,1.0,0,0,9,7966,0.0011298016570424304,0.0009899029895070284,,False,6537,3566,0.3845830253405772,0.9556550979614258,-41.159881591796875,382.3548889160156,True,True,0
415,9862,1.0,1.0,0,2,3,8286,0.0003620564808110065,0.0005070479667376534,,False,7666,2196,0.7323681424806924,0.868969202041626,-39.3326416015625,388.6062316894531,True,True,0
416,21373,0.9771428571428571,0.99,0,0,76,19041,0.003991387006984927,0.003556054650945162,,False,11861,9512,0.26160282508249466,1.2025705575942993,-30.926177978515625,386.6977233886719,True,True,0
417,61391,1.0,1.0,0,3,76,59157,0.0012847169396690164,0.0012868545365694738,0.095,True,57284,4107,2.9261837795596195,0.8157311677932739,-25.899017333984375,392.6948547363281,True,True,0
418,5047,0.9485714285714286,0.97,0,1,1,4226,0.000236630383341221,0.00039635354736424893,,False,3385,1662,0.42728792398558335,0.9273034930229187,-30.4056396484375,396.7724304199219,True,True,0
419,12288,0.8914285714285715,0.91,0,0,9,11307,0.0007959671000265323,0.0007324814844958086,0.31,False,9960,2328,0.897572065390295,1.2202104330062866,-33.27337646484375,399.27117919921875,True,True,0
420,25825,1.0,1.0,0,35,81,22788,0.0035545023696682463,0.004491945477075589,,False,16585,9240,0.3765619809983597,1.1056722402572632,-36.421722412109375,397.6280212402344,True,True,0
421,27665,1.0,1.0,0,1,35,26177,0.0013370516101921534,0.0013013302486986698,0.23,False,25779,1886,2.867591890210112,0.9685907363891602,-36.18389892578125,413.1059875488281,True,True,0
422,6861,0.9714285714285714,0.99,0,6,19,4981,0.003814495081308974,0.0036443148688046646,,False,3126,3735,0.17558658525622237,0.8962327837944031,-18.163177490234375,390.416259765625,True,True,0
423,12869,1.0,1.0,0,3,40,10204,0.003920031360250882,0.0033416226297792975,,False,8477,4392,0.404923346191549,0.9642437696456909,-32.501861572265625,396.8062438964844,True,True,0
424,87870,1.0,1.0,0,24,635,83268,0.007625978767353605,0.007511181417792396,,False,60723,27147,0.46927167590369473,0.9685032963752747,-31.169342041015625,400.15576171875,True,True,0
425,7894,1.0,1.0,0,3,27,4838,0.005580818520049607,0.003800836183960471,,False,1649,6245,0.055396353545631244,1.023169994354248,-29.6422119140625,380.1710205078125,True,True,0
426,9078,1.0,1.0,0,0,9,7968,0.0011295180722891566,0.0009915170210421946,,False,7867,1211,1.3628811109553367,1.05655837059021,-37.117645263671875,414.495849609375,True,True,0
427,51557,1.0,1.0,0,11,281,47298,0.00594105459004609,0.005683140662580495,,False,31799,19758,0.3376474288788999,0.8493697643280029,-24.93878173828125,403.8731384277344,True,True,0
428,74293,1.0,1.0,0,21,498,70429,0.0070709508867086,0.0069859473429171376,,False,55524,18769,0.6206297312598744,0.9813063740730286,-33.2369384765625,408.90234375,True,True,0
429,33474,1.0,1.0,0,6,47,31147,0.0015089735769094937,0.0015833656977265259,0.275,False,28632,4842,1.240565975175412,1.2569695711135864,-38.741424560546875,419.65875244140625,True,True,0
430,611199,1.0,1.0,0,1095,26339,606281,0.04344355175240524,0.04489870712927726,0.3,False,506602,104597,1.0161097927472376,1.1230562925338745,-35.692718505859375,414.1294860839844,True,True,0
431,5947,1.0,1.0,0,1,1,4641,0.00021547080370609782,0.0003363605785401951,,False,4794,1153,0.8722915949041562,1.075863242149353,-33.838287353515625,414.78173828125,True,True,0
432,5875,1.0,1.0,0,0,0,5292,0.0,0.0,0.28,False,5496,379,3.0422890862087995,0.9927809238433838,-39.781707763671875,419.34576416015625,True,True,0
433,1903,0.9828571428571429,0.99,0,0,2,981,0.0020387359836901123,0.0010515247108307045,,False,1129,774,0.30601727716163063,0.9515917897224426,-32.9246826171875,407.0846252441406,True,True,0
434,7884,0.9771428571428571,1.0,0,4,30,7166,0.004186435947530003,0.004313078777115311,,False,7241,643,2.3625474510395144,1.213322401046753,-39.110687255859375,418.7510070800781,True,True,0
435,9063,1.0,1.0,0,0,22,6363,0.0034574886060034574,0.0024277201500772457,,False,3707,5356,0.14520279731366553,0.9466129541397095,-30.95428466796875,400.9773254394531,True,True,0
436,12162,1.0,1.0,0,56,36,10078,0.0035721373288350863,0.007565167338212318,,False,8994,3168,0.5956082102224584,0.9718946814537048,-37.6864013671875,414.76593017578125,True,True,0
437,20258,0.8742857142857143,0.91,0,0,1,19591,5.104384666428462e-05,4.936565137976995e-05,0.04,True,19425,833,4.892253937459404,0.9716433882713318,-33.999786376953125,416.4805908203125,True,True,0
438,14346,1.0,1.0,0,0,4,12683,0.0003153827958684854,0.0002788428023701638,0.135,False,12013,2333,1.0802635032083006,1.429076075553894,-33.1414794921875,417.58892822265625,True,True,0
439,70467,1.0,1.0,0,21,298,67545,0.004411873565770968,0.004527005931938807,0.31,False,62139,8328,1.565368206374458,1.0570348501205444,-33.739166259765625,417.5249938964844,True,True,0
440,48067,1.0,1.0,0,12,220,43886,0.005012988196691427,0.004826696625473308,,False,31982,16085,0.4171358528518007,1.0023380517959595,-36.60308837890625,414.58367919921875,True,True,0
441,275,0.4685714285714286,0.62,0,0,0,119,0.0,0.0,,False,46,229,0.042142016686183996,0.6335212588310242,-27.957794189453125,402.009521484375,True,False,0
442,62311,1.0,1.0,0,30,339,58190,0.005825743254854786,0.005922002888781897,,False,48854,13457,0.7616314009030127,1.0627871751785278,-32.478302001953125,419.5508117675781,True,True,0
443,21251,1.0,1.0,0,0,19,19647,0.0009670687636789332,0.0008941176470588236,0.22,False,18497,2754,1.4090627239868896,1.110464096069336,-29.087188720703125,418.2486572265625,True,True,0
444,8107,0.8342857142857143,0.91,0,0,2,7434,0.0002690341673392521,0.0002467308166790032,0.34,False,7400,707,2.1958631534471253,1.1898868083953857,-35.26507568359375,422.210693359375,True,True,0
445,28528,1.0,1.0,0,5,99,24823,0.003988236715948918,0.0036456690153188207,,False,18261,10267,0.3731418495216142,0.8959404230117798,-39.399932861328125,419.0361022949219,True,True,0
446,35866,0.9828571428571429,1.0,0,0,6,34777,0.0001725278201109929,0.00016729401923881222,0.035,True,34376,1490,4.8401858494802426,0.9505772590637207,-28.944091796875,430.033935546875,True,True,0
447,192,0.2,0.25,0,0,0,116,0.0,0.0,,False,0,192,0.0,,,411.4939270019531,True,False,0
448,123857,1.0,1.0,0,13,1013,119319,0.008489846545814162,0.008283813460793179,0.26,False,99392,24465,0.8523131224254373,0.9433164000511169,-39.4735107421875,436.6246337890625,True,True,0
449,73804,1.0,1.0,0,10,360,69754,0.005160994351578404,0.005026895925639879,0.27,False,59384,14420,0.8639669960597424,0.9456714391708374,-38.7603759765625,437.45782470703125,True,True,0
450,3996,0.6914285714285714,0.79,0,0,0,3440,0.0,0.0,,False,3176,820,0.812567797028854,0.9997183680534363,-26.490386962890625,428.80718994140625,True,True,0
451,10005,0.9828571428571429,1.0,0,0,43,7838,0.005486093391171217,0.00429828068772491,,False,3657,6348,0.12085955966923799,1.0279734134674072,-33.99652099609375,415.0429382324219,True,True,0
452,85212,1.0,1.0,0,19,707,80995,0.008728933884807704,0.008520026757108824,,False,67247,17965,0.7853055348031096,0.9699879288673401,-35.70404052734375,436.8233642578125,True,True,0
453,6733,1.0,1.0,0,0,8,4663,0.0017156337122024449,0.0011883541295306002,,False,3838,2895,0.2781309810732184,0.9094834327697754,-35.614410400390625,433.7644958496094,True,True,0
454,7438,0.9942857142857143,1.0,0,1,3,6140,0.000488599348534202,0.0005378512841199408,,False,5513,1925,0.6008280835677415,0.8994026184082031,-35.024566650390625,437.67510986328125,True,True,0
455,14113,1.0,1.0,0,1,19,11582,0.0016404766016232084,0.001417233560090703,,False,10031,4082,0.5155421702267462,0.9980372786521912,-33.98681640625,438.48016357421875,True,True,0
456,189284,1.0,1.0,0,112,2776,184620,0.015036290759397681,0.015257577278466635,0.335,False,151132,38152,0.831059437235011,1.0041992664337158,-37.967010498046875,439.89508056640625,True,True,0
457,25816,1.0,1.0,0,4,48,23391,0.0020520713094780044,0.0020143327522758087,0.32,False,21663,4153,1.0943333483980786,1.272156000137329,-47.5631103515625,452.79498291015625,True,True,0
458,13555,1.0,1.0,0,2,19,11531,0.001647732200156101,0.0015493581230633024,,False,10387,3168,0.6878566243696548,1.0570622682571411,-36.63720703125,446.0687561035156,True,True,0
459,3988,0.9485714285714286,0.97,0,0,5,2783,0.0017966223499820337,0.001254075746175069,,False,1729,2259,0.1605727065529609,0.9583658576011658,-37.9937744140625,422.03021240234375,True,True,0
460,18687,1.0,1.0,0,1,31,15871,0.001953248062503938,0.001712512041100289,,False,12758,5929,0.45143384174343804,0.9916276335716248,-34.9466552734375,440.51153564453125,True,True,0
461,3893,0.9257142857142857,0.95,0,2,3,3363,0.0008920606601248885,0.0012846865364850976,,False,3547,346,2.1506911849440735,1.0321228504180908,-35.693145751953125,447.9960021972656,True,True,0
462,198646,1.0,1.0,0,52,2405,194007,0.012396459921549223,0.012368798610586726,0.22,False,162427,36219,0.9408377466077013,0.8816164135932922,-38.335296630859375,451.833740234375,True,True,0
463,12564,0.9257142857142857,0.98,0,0,4,11801,0.00033895432590458433,0.0003183952877497413,0.215,False,11848,716,3.4715625011179547,1.0776469707489014,-36.267608642578125,455.20404052734375,True,True,0
464,112297,1.0,1.0,0,34,833,107813,0.007726340979288212,0.007720666809147254,0.29,False,90705,21592,0.881315323898297,0.9321333765983582,-35.351043701171875,452.8138427734375,True,True,0
465,81715,0.92,0.97,0,0,0,81029,0.0,0.0,0.005,True,80676,1039,16.290025912080576,0.9726421236991882,-39.00115966796875,455.8529357910156,True,True,0
466,173019,1.0,1.0,0,54,2025,168650,0.012007115327601542,0.012016090811360668,0.28,False,151523,21496,1.4788150858238647,1.0277273654937744,-40.035003662109375,457.4000244140625,True,True,0
467,16785,1.0,1.0,0,10,37,14841,0.002493093457314197,0.002800285986653956,,False,13821,2964,0.9782598580789953,1.1024541854858398,-38.771270751953125,455.224365234375,True,True,0
468,12456,0.9257142857142857,0.97,0,0,1,11510,8.688097306689835e-05,8.028904054596547e-05,0.11,False,11202,1254,1.8740923902705604,0.9287539720535278,-37.391845703125,459.99554443359375,True,True,0
469,7097,0.9314285714285714,0.95,0,0,7,5027,0.0013924806047344342,0.0009864712514092446,,False,1232,5865,0.04406924972623047,0.8069672584533691,-33.22088623046875,430.22320556640625,True,True,0
470,48095,1.0,1.0,0,1103,170,46955,0.00362048770099031,0.026468998211835158,,False,46544,1551,6.2957122703860104,1.1755496263504028,-39.469268798828125,458.2951965332031,True,True,0
471,7931,1.0,1.0,0,1,10,6802,0.001470155836518671,0.0013871374527112232,,False,6919,1012,1.434352132678315,1.0563597679138184,-38.24981689453125,455.7164611816406,True,True,0
472,15171,1.0,1.0,0,1,22,12390,0.0017756255044390637,0.0015161502966381014,,False,8079,7092,0.23899116516147662,0.9139068126678467,-40.3681640625,449.3067321777344,True,True,0
473,29599,1.0,1.0,0,1,17,27331,0.0006220043174417328,0.000608149199270221,0.125,False,23894,5705,0.8786707632291538,1.0984448194503784,-30.061553955078125,454.05291748046875,True,True,0
474,47568,1.0,1.0,0,14,239,43812,0.0054551264493746,0.005318813463115185,,False,36016,11552,0.6540805919359702,0.9697166681289673,-43.469818115234375,471.18658447265625,True,True,0
475,43702,1.0,1.0,0,9,172,39939,0.004306567515461078,0.004141781652593762,,False,33487,10215,0.6877503760973542,1.0022602081298828,-39.2857666015625,460.4911193847656,True,True,0
476,23003,1.0,1.0,0,0,43,20393,0.002108566665032119,0.0018694026606382054,0.255,False,16836,6167,0.5727405523813566,0.8529603481292725,-40.32122802734375,460.8297424316406,True,True,0
477,10897,1.0,1.0,0,24,20,9001,0.0022219753360737697,0.004038179148311307,,False,8281,2616,0.6641069272771934,1.028255581855774,-34.223724365234375,459.0558166503906,True,True,0
478,8896,1.0,1.0,0,1,0,7376,0.0,0.00011242270938729624,0.26,False,7421,1475,1.0555124898253687,1.0079258680343628,-38.209991455078125,469.25701904296875,True,True,0
479,1154,0.56,0.68,0,0,0,730,0.0,0.0,,False,34,1120,0.006368744990656612,0.737528920173645,-31.7847900390625,436.167724609375,True,False,0
480,343,0.45714285714285713,0.61,0,0,0,198,0.0,0.0,,False,230,113,0.42701423987328035,0.990829586982727,-37.27838134765625,461.5365295410156,True,True,0
481,2308,0.7257142857142858,0.78,0,0,0,1900,0.0,0.0,,False,1988,320,1.3033449307349618,0.9953612685203552,-43.7890625,463.0726318359375,True,True,0
482,105005,1.0,1.0,0,37,794,100700,0.00788480635551142,0.007913984229172222,0.315,False,86047,18958,0.9522175462731131,0.9706266522407532,-37.91058349609375,474.6078186035156,True,True,0
483,95478,1.0,1.0,0,19,709,91017,0.007789753562521287,0.007635346732720969,0.34,False,69513,25965,0.5616563462124065,1.0075823068618774,-40.1951904296875,474.6813049316406,True,True,0
484,4476,0.8685714285714285,0.92,0,0,8,3181,0.002514932411191449,0.001787709497206704,,False,1444,3032,0.09991506187421546,0.9021632075309753,-35.7530517578125,445.494140625,True,True,0
485,395830,1.0,1.0,0,288,9456,390949,0.024187298087474326,0.024624269570951093,0.24,False,336557,59273,1.1912274276051031,0.9706317782402039,-25.838348388671875,470.8150634765625,True,True,0
486,15572,1.0,1.0,0,7,49,12528,0.003911238825031928,0.0035964292595209043,,False,7845,7727,0.21299774277325975,0.969962477684021,-36.396087646484375,466.06219482421875,True,True,0
487,3570,1.0,1.0,0,0,1,2470,0.0004048582995951417,0.0002801905295601009,,False,2567,1003,0.5369302855532633,0.9767609238624573,-28.358184814453125,479.5266418457031,True,True,0
488,6364,0.9828571428571429,0.99,0,0,4,5167,0.000774143603638475,0.0006286342920006286,,False,4869,1495,0.6832687326902989,0.9067471623420715,-21.591278076171875,473.1439208984375,True,True,0
489,21458,0.9828571428571429,1.0,0,0,21,20326,0.0010331595001475942,0.0009787015892249616,0.235,False,19915,1543,2.707742428187976,0.9671521186828613,-27.902557373046875,486.4471740722656,True,True,0
490,78,0.11428571428571428,0.16,0,0,0,52,0.0,0.0,,False,69,9,1.6084203035226894,0.8138979077339172,-3.90350341796875,474.20831298828125,True,False,0
491,31502,1.0,1.0,0,2,67,28831,0.002323887482223995,0.0021904066537570236,0.25,False,26344,5158,1.0715028864238345,0.9558175206184387,-37.9378662109375,491.41021728515625,True,True,0
492,873,0.7828571428571428,0.89,0,0,2,481,0.004158004158004158,0.0022935779816513763,,False,336,537,0.1312677245527383,0.862358570098877,-40.988250732421875,474.6413879394531,True,True,0
493,52051,1.0,1.0,0,9,294,48275,0.006090108751941999,0.005821325648414985,,False,32321,19730,0.34367715879695565,0.8022574782371521,-33.867889404296875,483.1261901855469,True,True,0
494,39190,1.0,1.0,0,7,94,37076,0.0025353328298629843,0.0025772538212253436,0.24,False,34693,4497,1.6184971311341665,1.1514791250228882,-33.854217529296875,491.4189147949219,True,True,0
495,127137,1.0,1.0,0,50,988,122529,0.008063397236572567,0.00816448527561037,0.27,False,102261,24876,0.8624272145941282,0.9765374660491943,-35.115692138671875,486.58154296875,True,True,0
496,128512,1.0,1.0,0,24,762,124096,0.00614040742650851,0.0061162079510703364,0.2,False,104773,23739,0.925933771399748,0.9979061484336853,-32.2867431640625,486.761474609375,True,True,0
497,13704,0.9942857142857143,1.0,0,1,8,11440,0.0006993006993006993,0.0006567904838356564,0.3,False,9855,3849,0.5371575482468434,0.9550559520721436,-36.4300537109375,487.2052001953125,True,True,0
498,53071,1.0,1.0,0,7,211,49699,0.004245558260729592,0.004107782174486528,0.34,False,45200,7871,1.2047626297839438,1.0482336282730103,-37.433807373046875,497.7019958496094,True,True,0
499,81255,1.0,1.0,0,12,400,77853,0.005137888071108371,0.005070519605188667,0.205,False,71441,9814,1.5271948002936946,1.020196795463562,-37.892486572265625,497.98583984375,True,True,0
500,16702,1.0,1.0,0,1,35,14178,0.002468613344618423,0.002155559547332495,,False,12767,3935,0.6806707479721841,1.0254948139190674,-36.773193359375,496.05029296875,True,True,0
501,88459,1.0,1.0,0,11,360,86020,0.0041850732387816785,0.004194080806710529,0.225,False,83511,4948,3.540845347285244,1.0701857805252075,-36.261016845703125,498.7181396484375,True,True,0
502,60976,1.0,1.0,0,145,383,59217,0.006467737305165746,0.008659286592865929,,False,57963,3013,4.035939885990518,1.298292636871338,-38.0206298828125,500.040283203125,True,True,0
503,1619,0.84,0.88,0,0,3,860,0.0034883720930232558,0.001854140914709518,,False,610,1009,0.1268328157644901,0.8656463027000427,-37.597076416015625,476.1627502441406,True,True,0
504,221897,1.0,1.0,0,153,4145,217368,0.019069044201538404,0.019369434329595845,,False,193765,28132,1.4449994750465536,1.2211474180221558,-36.2615966796875,502.9073486328125,True,True,0
505,105663,1.0,1.0,0,27,691,101385,0.006815603886176456,0.006804716927561469,0.285,False,87864,17799,1.0356388479229481,1.0993329286575317,-34.80279541015625,505.1827697753906,True,True,0
506,5579,1.0,1.0,0,0,1,4482,0.00022311468094600624,0.00017927572606669058,,False,3713,1866,0.41745173961832416,0.9460291266441345,-41.02099609375,499.7295837402344,True,True,0
507,90848,1.0,1.0,0,29,741,86756,0.008541195997971322,0.008475788963862318,,False,77872,12976,1.2590224013153268,1.0303921699523926,-34.099609375,502.855224609375,True,True,0
508,22828,1.0,1.0,0,0,65,20430,0.0031815956926089083,0.0028475051474131513,,False,18764,4064,0.9686451100425715,1.153223991394043,-35.92645263671875,503.32415771484375,True,True,0
509,17075,1.0,1.0,0,5,32,13831,0.002313643265129058,0.0021670376010308073,,False,11018,6057,0.3816261796458211,0.9750458002090454,-35.3929443359375,499.4892578125,True,True,0
510,4468,0.9028571428571428,0.94,0,0,0,3885,0.0,0.0,,False,3609,859,0.8814276775947845,1.0880273580551147,-13.844940185546875,504.67291259765625,True,True,0
511,6983,0.9942857142857143,1.0,0,0,10,5272,0.0018968133535660092,0.001575479805213406,,False,3030,3953,0.16080841803166826,0.8882865309715271,-37.054412841796875,486.5740051269531,True,True,0
512,23976,1.0,1.0,0,0,18,21222,0.0008481764206955047,0.0007507820646506778,0.145,False,17348,6628,0.5491106654019499,1.0787526369094849,-38.028228759765625,516.8990478515625,True,True,0
513,10037,1.0,1.0,0,1,18,8612,0.0020901068276823038,0.0018931845356715824,,False,8723,1314,1.3927189108227536,1.0437716245651245,-40.12371826171875,513.641845703125,True,True,0
514,3868,1.0,1.0,0,1,4,2825,0.001415929203539823,0.0012929919834497026,,False,3101,767,0.8482021474786905,1.1546192169189453,-30.023040771484375,510.0897521972656,True,True,0
515,3110,0.8571428571428571,0.91,0,0,0,1984,0.0,0.0,,False,771,2339,0.06915397070557802,0.8295974135398865,-41.997222900390625,490.35552978515625,True,True,0
516,857,0.7371428571428571,0.84,0,0,0,619,0.0,0.0,,False,708,149,0.9968732782848533,0.9941300749778748,-33.975250244140625,516.775146484375,True,True,0
517,43222,1.0,1.0,0,1,100,39749,0.0025157865606681928,0.002336827005390898,0.275,False,33075,10147,0.6838410351187065,0.9672729969024658,-37.5062255859375,515.85107421875,True,True,0
518,74242,1.0,1.0,0,2,451,70674,0.006381413249568441,0.006101749707035196,0.27,False,63162,11080,1.1959391368439034,0.9889547228813171,-39.496490478515625,527.4572143554688,True,True,0
519,130226,1.0,1.0,0,49,1149,125812,0.009132674148729852,0.009207141485889806,0.3,False,110009,20217,1.1415750573896755,1.0488266944885254,-35.651611328125,519.8297119140625,True,True,0
520,12758,1.0,1.0,0,7,12,10651,0.0011266547741996056,0.001489378380496982,,False,9033,3725,0.5087432950704565,0.9981693029403687,-36.042327880859375,518.8030395507812,True,True,0
521,95531,1.0,1.0,0,17,470,92413,0.0050858645428673455,0.005097875013084895,0.22,False,86444,9087,1.9957553033389603,1.1589717864990234,-38.486328125,521.610107421875,True,True,0
522,95448,1.0,1.0,0,31,626,91537,0.006838764652544873,0.006883401259337643,0.31,False,83036,12412,1.4035168104146412,1.016075849533081,-38.095458984375,521.3206787109375,True,True,0
523,5576,1.0,1.0,0,0,4,4566,0.0008760402978537013,0.0007174887892376681,,False,4729,847,1.1713289279850314,1.0531748533248901,-40.39617919921875,526.2178955078125,True,True,0
524,37088,1.0,1.0,0,6,109,33754,0.0032292469040706285,0.0031008169978698737,,False,27973,9115,0.6438361203525987,0.9604714512825012,-38.116607666015625,519.7058715820312,True,True,0
525,6887,1.0,1.0,0,0,3,5550,0.0005405405405405405,0.00043566656985187334,,False,5726,1161,1.0346943779317963,1.0576882362365723,-34.04779052734375,522.911376953125,True,True,0
526,58939,1.0,1.0,0,22,287,55911,0.005133158054765609,0.005242797516033799,,False,51572,7367,1.4686431010193308,1.0350977182388306,-39.481781005859375,532.7235107421875,True,True,0
527,672,0.9085714285714286,0.97,0,0,0,224,0.0,0.0,,False,294,378,0.16317307427041777,0.9432358741760254,-34.664520263671875,507.5206298828125,True,True,0
528,90512,1.0,1.0,0,11,472,87004,0.005425037929290608,0.005336367955276154,0.255,False,80313,10199,1.6520425255266,1.0168789625167847,-35.6015625,521.8466796875,True,True,0
529,12115,1.0,1.0,0,2,5,10010,0.0004995004995004995,0.0005778438170711573,,False,8422,3693,0.4784415567501886,0.9800035953521729,-41.095977783203125,523.1459350585938,True,True,0
530,71265,1.0,1.0,0,11,396,67421,0.005873540884887498,0.005711158509205208,0.32,False,60043,11222,1.122496729457039,1.0136054754257202,-38.663177490234375,535.2236328125,True,True,0
531,64200,1.0,1.0,0,9,237,60736,0.0039021338250790306,0.0038318353868440316,0.23,False,55316,8884,1.306276709125263,1.0274505615234375,-38.273406982421875,535.2962646484375,True,True,0
532,179080,1.0,1.0,0,61,1816,176002,0.010318064567448097,0.01048140764690444,0.22,False,164286,14794,2.3297424160017446,0.9712393283843994,-40.7354736328125,531.3760986328125,True,True,0
533,91242,1.0,1.0,0,29,462,88162,0.005240352986547492,0.005392312666454774,0.275,False,83457,7785,2.249039679502272,0.9961071610450745,-33.417877197265625,532.8546142578125,True,True,0
534,235913,1.0,1.0,0,221,4606,231516,0.019894953264569186,0.020461019363152363,,False,209850,26063,1.6891862395011237,1.0295777320861816,-38.327850341796875,537.852294921875,True,True,0
535,6312,0.9257142857142857,0.96,0,3,14,5595,0.0025022341376228774,0.002693709396292188,,False,5495,817,1.411037661836599,0.9099410176277161,-40.319244384765625,541.0360107421875,True,True,0
536,15726,1.0,1.0,0,6,28,14105,0.0019851116625310174,0.002162162162162162,,False,13888,1838,1.585211324359401,0.979366660118103,-36.130859375,541.6809692382812,True,True,0
537,3053,0.8742857142857143,0.94,0,0,3,2160,0.001388888888888889,0.000982961992136304,,False,1637,1416,0.24253721783959495,0.957302451133728,-38.9417724609375,534.356201171875,True,True,0
538,7516,1.0,1.0,0,1,6,6645,0.0009029345372460496,0.0009314703925482369,,False,6978,538,2.7210821588769982,0.9828414916992188,-34.93450927734375,546.431640625,True,True,0
539,85024,1.0,1.0,0,36,1027,82100,0.012509135200974422,0.012502499323712408,,False,78677,6347,2.600592218581623,1.0828016996383667,-37.40673828125,549.0869140625,True,True,0
540,225506,1.0,1.0,0,161,4315,220946,0.019529658830664508,0.019853218332187755,0.34,False,200906,24600,1.7133684490961263,0.9510042667388916,-38.554443359375,549.4942016601562,True,True,0
541,77121,1.0,1.0,0,8,291,73614,0.003953052408509251,0.0038770746887966806,0.205,False,68301,8820,1.6246186801375808,0.9644255042076111,-39.6402587890625,541.6710815429688,True,True,0
542,56895,1.0,1.0,0,16,302,53618,0.005632436868215898,0.005589341582592189,,False,47743,9152,1.0944266477902254,0.7602637410163879,-32.508544921875,547.0289916992188,True,True,0
543,80769,1.0,1.0,0,84,584,76738,0.007610310406838855,0.008270602218700476,,False,67569,13200,1.073906635264077,0.9486163854598999,-35.25689697265625,544.8329467773438,True,True,0
544,8152,1.0,1.0,0,0,7,6771,0.0010338207059518536,0.000858790332474543,,False,6177,1975,0.6561505040083425,1.0073460340499878,-32.10748291015625,541.9475708007812,True,True,0
545,2223,0.5714285714285714,0.62,0,0,0,1589,0.0,0.0,,False,693,1530,0.09502431972218445,0.893684983253479,-41.6529541015625,520.5504150390625,True,True,0
546,69376,1.0,1.0,0,14,375,65855,0.005694328448864931,0.0056072072072072075,0.31,False,58488,10888,1.1269681026471312,0.9483838677406311,-37.46539306640625,555.5740356445312,True,True,0
547,88340,1.0,1.0,0,17,651,83992,0.007750738165539575,0.00756177905568322,0.335,False,69112,19228,0.7540711282712265,0.9278436303138733,-28.0731201171875,547.5784912109375,True,True,0
548,16696,1.0,1.0,0,1,46,13788,0.0033362344067304904,0.002815214135968853,,False,7906,8790,0.1886952206506957,0.9056987762451172,-24.92315673828125,539.2230224609375,True,True,0
549,9293,0.9657142857142857,0.98,0,3,15,7084,0.0021174477696216825,0.0019371502367628067,,False,5234,4059,0.2705251411882694,1.0170879364013672,-35.97906494140625,553.4104614257812,True,True,0
550,21372,1.0,1.0,0,0,45,18534,0.002427970216898673,0.0021056571990080014,,False,15241,6131,0.5215249766898649,0.9713128805160522,-36.61810302734375,557.4476318359375,True,True,0
551,39609,0.9942857142857143,1.0,0,3,197,36534,0.005392237367931242,0.005049484952534842,,False,30924,8685,0.7469969132107178,1.0095432996749878,-37.57855224609375,558.3190307617188,True,True,0
552,49229,1.0,1.0,0,11,183,45496,0.004022331633550202,0.003940846672625335,0.345,False,37930,11299,0.7042645033529202,0.9654048681259155,-38.08270263671875,558.744873046875,True,True,0
553,3647,0.9942857142857143,1.0,0,0,0,2758,0.0,0.0,,False,2341,1306,0.376054856902585,0.8717252016067505,-28.5059814453125,554.0883178710938,True,True,0
554,19531,1.0,1.0,0,1,18,17454,0.0010312822275696115,0.0009728622631848438,0.24,False,15063,4468,0.7072798362839788,1.0145211219787598,-39.89404296875,560.8314208984375,True,True,0
555,91811,1.0,1.0,0,95,587,87487,0.006709568278715695,0.007428384707548198,,False,74660,17151,0.9132538338061463,0.9562789797782898,-35.83935546875,565.5792236328125,True,True,0
556,27777,1.0,1.0,0,4,140,24125,0.005803108808290156,0.005184331797235023,,False,16139,11638,0.2909318269075743,0.9247168302536011,-35.87921142578125,559.4588623046875,True,True,0
557,42276,1.0,1.0,0,2,118,39181,0.0030116638166458234,0.0028385570668243644,0.24,False,35237,7039,1.0502215526272074,1.0219202041625977,-38.74578857421875,576.7574462890625,True,True,0
558,62060,1.0,1.0,0,24,306,57829,0.005291462760898511,0.005317520424112538,,False,46339,15721,0.6183857242591984,0.997932493686676,-32.1640625,566.6663818359375,True,True,0
559,19681,1.0,1.0,0,7,41,18066,0.002269456437506919,0.0024390243902439024,,False,17160,2521,1.4280302368857776,1.0022369623184204,-36.43341064453125,577.5047607421875,True,True,0
560,100503,1.0,1.0,0,42,1122,95850,0.011705790297339593,0.011581859067481244,,False,66537,33966,0.41097156645964067,0.8813515901565552,-29.72430419921875,563.9069213867188,True,True,0
561,6191,1.0,1.0,0,1,1,5475,0.00018264840182648402,0.00032310177705977385,,False,5590,601,1.9513281118480432,1.0521421432495117,-17.17822265625,569.7055053710938,True,True,0
562,21181,1.0,1.0,0,0,32,18546,0.0017254394478593766,0.001510859301227573,,False,16670,4511,0.7752749258254672,0.9811112284660339,-35.8487548828125,574.5195922851562,True,True,0
563,13310,0.9771428571428571,0.99,0,0,7,12530,0.0005586592178770949,0.0005259598767751145,0.265,False,12529,781,3.36556777534417,0.9719285368919373,-35.04461669921875,577.4619750976562,True,True,0
564,39811,1.0,1.0,0,8,337,36660,0.009192580469176214,0.008666164280331574,,False,30739,9072,0.7108527678569121,1.090533971786499,-38.71527099609375,578.0343017578125,True,True,0
565,26903,1.0,1.0,0,2,29,24719,0.0011731866175816175,0.0011523306817337001,0.28,False,23120,3783,1.282166583368775,1.1012444496154785,-34.59002685546875,577.1400756835938,True,True,0
566,43004,1.0,1.0,0,0,30,40681,0.0007374449988938325,0.0006976257470409041,0.07,True,38077,4927,1.6213363780031975,0.9204074740409851,-35.17730712890625,579.60546875,True,True,0
567,4910,0.7485714285714286,0.83,0,0,0,4450,0.0,0.0,,False,4405,505,1.8299848739605973,0.9746875166893005,-31.83843994140625,579.5194091796875,True,True,0
568,24252,0.9771428571428571,0.99,0,1,127,21953,0.005785086320776203,0.005278132860500598,,False,18748,5504,0.7146106511574992,1.1561546325683594,-34.4241943359375,575.8497314453125,True,True,0
569,27253,0.9942857142857143,1.0,0,0,9,26029,0.0003457681816435514,0.00033025099075297226,0.09,True,25796,1457,3.714375293157885,0.9985617995262146,-36.3443603515625,585.854736328125,True,True,0
570,8760,1.0,1.0,0,1,3,7749,0.00038714672861014324,0.0004566731362027629,,False,7699,1061,1.5223408495047148,0.9131223559379578,-36.01715087890625,579.91748046875,True,True,0
571,14495,1.0,1.0,0,16,90,13151,0.00684358603908448,0.007313371050089692,,False,12852,1643,1.6410662685601844,1.124814748764038,-34.73883056640625,581.1585083007812,True,True,0
572,43812,1.0,1.0,0,2,185,40652,0.004550821607792975,0.004268334436557029,,False,36089,7723,0.9803514122214899,1.0112042427062988,-38.01116943359375,580.4549560546875,True,True,0
573,50039,1.0,1.0,0,9,367,46504,0.007891794254257699,0.007534273951796635,,False,40157,9882,0.85252942277871,1.2270455360412598,-31.6998291015625,579.006103515625,True,True,0
574,48441,1.0,1.0,0,13,198,44535,0.004445941394408892,0.004355904211395541,,False,37548,10893,0.72315646134937,0.9904789328575134,-35.8653564453125,582.4763793945312,True,True,0
575,399,0.7485714285714286,0.87,0,0,0,173,0.0,0.0,,False,322,77,0.8773201655578304,0.9570669531822205,-40.0213623046875,590.6875610351562,True,False,0
576,32394,1.0,1.0,0,2,61,29298,0.002082053382483446,0.0019448646312474917,0.3,False,26248,6146,0.895976516225404,0.9846816658973694,-33.53955078125,586.1853637695312,True,True,0
577,3426,0.7942857142857143,0.85,0,0,0,2904,0.0,0.0,,False,2995,431,1.457848928392148,1.533892035484314,-39.16241455078125,598.1069946289062,True,True,0
578,11700,1.0,1.0,0,1,16,9601,0.0016664930736381626,0.0014531156509103341,,False,8817,2883,0.6416071038392777,1.0332714319229126,-36.03643798828125,585.9345703125,True,True,0
579,929,0.30857142857142855,0.39,0,0,0,886,0.0,0.0,,False,921,8,24.152528796919512,1.2800748348236084,-58.08038330078125,616.134521484375,True,False,0
580,2121,0.9771428571428571,1.0,0,0,0,1183,0.0,0.0,,False,922,1199,0.16132612537780608,0.9035908579826355,-35.7081298828125,566.367919921875,True,True,0
581,765,0.7371428571428571,0.83,0,0,0,358,0.0,0.0,,False,331,434,0.16000414359827994,0.985014021396637,-39.22003173828125,574.7423095703125,True,True,0
582,10061,1.0,1.0,0,3,8,8843,0.0009046703607373063,0.0010934393638170974,,False,8799,1262,1.4627392941531192,0.9796967506408691,-32.9608154296875,587.8704223632812,True,True,0
583,820,0.3028571428571429,0.38,0,0,0,748,0.0,0.0,,False,768,52,3.0984953004316687,0.9058658480644226,-74.0941162109375,614.3548583984375,True,False,0
584,22161,1.0,1.0,0,3,72,19001,0.0037892742487237513,0.003384476534296029,,False,12467,9694,0.26980619016716795,1.1760270595550537,-38.29034423828125,593.7750854492188,True,True,0
585,6396,0.9257142857142857,0.97,0,0,17,4951,0.0034336497677236923,0.0026583268178264267,,False,3342,3054,0.22957805818624877,1.0737717151641846,-45.876708984375,580.810791015625,True,True,0
586,32816,1.0,1.0,0,5,183,29429,0.006218356043358592,0.005729087307633704,,False,19890,12926,0.32282235168483764,0.9878644347190857,-42.224609375,592.2108154296875,True,True,0
587,16205,1.0,1.0,0,6,29,14183,0.002044701403088204,0.002159960503579363,,False,13275,2930,0.9505169696956686,1.0247721672058105,-35.6185302734375,592.125732421875,True,True,0
588,15955,0.7714285714285715,0.84,0,0,0,15400,0.0,0.0,0.035,True,15411,544,5.943262139766983,1.4648818969726562,-37.1165771484375,598.9347534179688,True,True,0
589,179969,1.0,1.0,0,96,2071,175280,0.011815381104518484,0.012041029516358463,0.27,False,147619,32350,0.9573283923891509,0.9990256428718567,-39.50140380859375,597.9683227539062,True,True,0
590,13534,1.0,1.0,0,5,57,12044,0.004732646961142477,0.004581393630384985,,False,11523,2011,1.2021162188933874,1.1841925382614136,-48.639404296875,617.774169921875,True,True,0
591,20911,1.0,1.0,0,21,40,18610,0.0021493820526598604,0.0029172644667623147,,False,16201,4710,0.7216288379222124,1.0702929496765137,-35.95037841796875,596.3613891601562,True,True,0
592,47477,1.0,1.0,0,4,74,44331,0.001669260788161783,0.0016429353778751369,0.165,False,40393,7084,1.1962460656014533,1.1556001901626587,-35.91094970703125,598.4915771484375,True,True,0
593,60490,1.0,1.0,0,4,91,57552,0.0015811787600778426,0.0015705334854271024,0.135,False,53359,7131,1.5698212759171624,1.0926367044448853,-41.3736572265625,613.7130126953125,True,True,0
594,17918,1.0,1.0,0,2,77,15255,0.005047525401507703,0.004409220293575934,,False,10015,7903,0.2658593490602864,1.097703218460083,-37.0093994140625,597.5365600585938,True,True,0
595,5196,0.92,0.99,0,0,7,4582,0.0015277171540811873,0.001347449470644851,,False,4750,446,2.2343526345484817,0.9505423307418823,-39.064697265625,602.0184326171875,True,True,0
596,2919,1.0,1.0,0,0,0,2002,0.0,0.0,,False,2259,660,0.7180674833315721,1.0348031520843506,-38.4168701171875,604.3793334960938,True,True,0
597,128893,1.0,1.0,0,38,1172,124337,0.009425995480026058,0.009387704434720541,0.305,False,102229,26664,0.8043439087818505,0.9760944843292236,-35.68560791015625,603.6226196289062,True,True,0
598,22810,1.0,1.0,0,3,114,19470,0.005855161787365178,0.005129554123372353,,False,15009,7801,0.40364023010827005,1.0352731943130493,-48.0726318359375,600.537353515625,True,True,0
599,58866,0.9942857142857143,1.0,0,3,18,57194,0.00031471832709724796,0.0003567484923129194,0.04,True,55398,3468,3.351258762394687,1.0528441667556763,-31.10699462890625,610.9622802734375,True,True,0
600,9064,1.0,1.0,0,4,13,7063,0.001840577658218887,0.0018757585788370297,,False,6376,2688,0.4976362507405215,0.9675957560539246,-38.1026611328125,605.955810546875,True,True,0
601,50251,1.0,1.0,0,16,276,46971,0.005875966021587788,0.005810945273631841,,False,40232,10019,0.8424423896942527,0.8605649471282959,-39.95281982421875,614.1140747070312,True,True,0
602,17706,1.0,1.0,0,1,21,16302,0.0012881854987118145,0.0012990680598700933,0.32,False,15867,1839,1.810114544009824,0.8172761797904968,-40.26641845703125,618.855224609375,True,True,0
603,1942,0.88,0.95,0,0,1,1497,0.0006680026720106881,0.0005151983513652757,,False,1509,433,0.7311295023644155,0.8635563850402832,-42.075927734375,621.0330810546875,True,True,0
604,17503,0.9942857142857143,1.0,0,5,41,15935,0.0025729526200188265,0.0026282710547366017,,False,15220,2283,1.398626350889295,1.3054258823394775,-23.47442626953125,611.4586181640625,True,True,0
605,8324,0.9485714285714286,0.99,0,0,0,7557,0.0,0.0,0.14,False,7593,731,2.1791593465736834,1.0581183433532715,-22.92694091796875,613.1875610351562,True,True,0
606,7550,0.9942857142857143,1.0,0,0,8,5467,0.0014633254069873788,0.0010597430123195125,,False,3665,3885,0.19791372880344657,1.0315967798233032,-41.9691162109375,593.6824951171875,True,True,0
607,67932,1.0,1.0,0,13,368,64190,0.005732980214986758,0.005608632288645832,0.335,False,52938,14994,0.7407010980730043,0.858140230178833,-19.25738525390625,607.4937133789062,True,True,0
608,124839,1.0,1.0,0,55,1178,120333,0.00978950080194128,0.009876800333231869,0.335,False,99548,25291,0.8257707641749686,0.9971550703048706,-37.96173095703125,616.6964721679688,True,True,0
609,8708,1.0,1.0,0,1,9,7527,0.0011956954962136308,0.0011485012059262662,,False,7813,895,1.8314191641616864,0.9983817338943481,-35.46246337890625,615.9013061523438,True,True,0
610,109490,1.0,1.0,0,8,740,105418,0.007019674059458536,0.0068317365214770435,0.265,False,96030,13460,1.4967691880672251,0.9976458549499512,-37.82861328125,619.644775390625,True,True,0
611,6207,0.5657142857142857,0.71,0,0,0,6011,0.0,0.0,0.315,False,6149,58,22.24177611625416,1.1412832736968994,-37.98114013671875,620.5870361328125,True,False,0
612,62403,1.0,1.0,0,0,388,59759,0.006492745862547901,0.006217749431107977,,False,55093,7310,1.5811461330275773,0.9401440620422363,-39.1597900390625,619.6694946289062,True,True,0
613,6033,1.0,1.0,0,0,4,4938,0.0008100445524503848,0.000663129973474801,,False,5167,866,1.2517382832064066,0.9921830296516418,-36.87738037109375,618.9010009765625,True,True,0
614,91846,1.0,1.0,0,10,216,89208,0.002421307506053269,0.002471555337797376,0.12,False,86537,5309,3.4196532829225914,1.4516602754592896,-36.37744140625,623.3302001953125,True,True,0
615,197695,1.0,1.0,0,66,2487,193011,0.012885275968727171,0.012913897235120944,0.265,False,167023,30672,1.1424235573385306,0.9667381644248962,-37.8397216796875,623.5403442382812,True,True,0
616,22961,1.0,1.0,0,15,55,20435,0.0026914607291411794,0.003048780487804878,,False,17631,5330,0.6939732042925654,0.8906033039093018,-37.56683349609375,619.5648193359375,True,True,0
617,25621,1.0,1.0,0,5,62,23191,0.0026734509076797035,0.002615144418423107,,False,21856,3765,1.2178636464157941,0.9936041831970215,-38.64202880859375,622.7203979492188,True,True,0
618,467,0.4514285714285714,0.58,0,0,0,374,0.0,0.0,,False,427,40,2.239550444361484,1.0041835308074951,-20.2867431640625,617.5145874023438,True,False,0
619,10116,1.0,1.0,0,0,5,9190,0.000544069640914037,0.0005931784478497281,0.27,False,9019,1097,1.7248237546039953,1.004820704460144,-40.15997314453125,621.9495239257812,True,True,0
620,1784,0.9485714285714286,0.99,0,0,3,1166,0.002572898799313894,0.0016825574873808188,,False,1144,640,0.37500669033219225,0.7287046313285828,-38.486083984375,617.1812744140625,True,True,0
621,34447,1.0,1.0,0,3,32,32175,0.0009945609945609946,0.0010160831446321779,0.175,False,30610,3837,1.673649437088402,1.1446439027786255,-33.38482666015625,627.9583129882812,True,True,0
622,2687,0.9942857142857143,1.0,0,0,1,2045,0.0004889975550122249,0.00037230081906180194,,False,1923,764,0.5280546739712266,0.7188645005226135,-35.63458251953125,625.3273315429688,True,True,0
623,7871,1.0,1.0,0,0,4,6674,0.0005993407252022775,0.0005082592121982211,,False,6883,988,1.4615503805421586,1.0059128999710083,-34.8331298828125,627.0736694335938,True,True,0
624,2628,0.9714285714285714,0.99,0,0,10,2040,0.004901960784313725,0.003806623524933384,,False,2282,346,1.3836699419346985,1.0723854303359985,-40.8489990234375,628.7236328125,True,True,0
625,5794,1.0,1.0,0,0,3,4802,0.0006247396917950854,0.0005178663904712584,,False,5064,730,1.4553377755280938,1.021704912185669,-40.040283203125,634.5892944335938,True,True,0
626,65811,1.0,1.0,0,6,481,62171,0.007736726126328996,0.007400091171554475,,False,55381,10430,1.1139596251955903,1.044527530670166,-39.23382568359375,636.1239624023438,True,True,0
627,23910,1.0,1.0,0,4,62,21805,0.0028433845448291675,0.0027604667698356267,,False,20862,3048,1.4359322309179365,0.9755752682685852,-39.67034912109375,638.50146484375,True,True,0
628,79355,1.0,1.0,0,10,617,76241,0.008092758489526633,0.007913904781107442,0.33,False,72165,7190,2.1056718486493597,1.2095346450805664,-38.701416015625,639.7260131835938,True,True,0
629,185352,1.0,1.0,0,106,2529,180613,0.014002314340606711,0.01423245625866599,0.3,False,146287,39065,0.7856169960036182,0.9368571639060974,-30.6536865234375,633.085693359375,True,True,0
630,14862,0.9542857142857143,1.0,0,1,29,14169,0.0020467217164231773,0.002018706681919117,,False,14263,599,4.995477706861607,1.0767961740493774,-39.14501953125,639.815185546875,True,True,0
631,325287,1.0,1.0,0,258,5647,320465,0.017621269093348726,0.018159404339565796,0.235,False,272787,52500,1.0900773896572518,1.032181978225708,-41.312255859375,642.0753173828125,True,True,0
632,21647,1.0,1.0,0,2,50,18991,0.002632826075509452,0.0024484893282823617,,False,15076,6571,0.481335204672204,0.9487540125846863,-41.000732421875,647.7838134765625,True,True,0
633,72179,1.0,1.0,0,20,321,68991,0.0046527807974953254,0.004724431267145114,0.3,False,64003,8176,1.6422997003907942,0.9667153358459473,-40.53997802734375,649.7654418945312,True,True,0
634,54459,1.0,1.0,0,7,223,52026,0.004286318379271903,0.004223438245987734,,False,47642,6817,1.4661879846501642,1.1919487714767456,-39.006103515625,642.239501953125,True,True,0
635,31718,1.0,1.0,0,5,127,28490,0.0044577044577044575,0.0041618059715609924,,False,24678,7040,0.7354112447566624,0.9883387088775635,-33.74609375,644.3458251953125,True,True,0
636,7955,0.96,0.99,0,0,0,6973,0.0,0.0,0.155,False,6614,1341,1.0347331862172033,1.2651902437210083,-29.60943603515625,654.2696533203125,True,True,0
637,33762,1.0,1.0,0,2,112,30699,0.0036483273070784064,0.0033766772311246704,,False,26956,6806,0.8309147498069022,0.9913769960403442,-32.58282470703125,654.0567626953125,True,True,0
638,63726,1.0,1.0,0,15,402,59756,0.006727357922217016,0.006543742644174186,,False,50720,13006,0.8181415713951835,1.0440051555633545,-40.01007080078125,658.1541748046875,True,True,0
639,59675,1.0,1.0,0,9,271,55864,0.004851066876700559,0.004708918456949425,,False,47485,12190,0.8172326366527257,1.051928997039795,-43.5885009765625,660.11572265625,True,True,0
640,59701,1.0,1.0,0,11,385,56757,0.0067833042620293535,0.0066331658291457285,,False,49859,9842,1.0628039711794761,1.0610771179199219,-42.59381103515625,660.283447265625,True,True,0
641,9135,0.9542857142857143,0.99,0,0,13,8619,0.0015082956259426848,0.0014232537770965622,,False,8720,415,4.408200643284814,1.046850323677063,-71.899658203125,679.0072021484375,True,True,0
642,67344,1.0,1.0,0,21,264,63506,0.004157087519289516,0.004232065693539047,0.25,False,55269,12075,0.9602568917677075,0.999144434928894,-38.6964111328125,659.712890625,True,True,0
643,12429,0.9771428571428571,0.99,0,0,26,10847,0.002396976122430165,0.0020920502092050207,,False,9178,3251,0.5922758835033197,0.7996445894241333,-38.47943115234375,663.4323120117188,True,True,0
644,17095,1.0,1.0,0,3,35,14766,0.0023703101720167954,0.002223002223002223,,False,13159,3936,0.701391926499704,0.8442853093147278,-30.0135498046875,658.4349975585938,True,True,0
645,4089,0.9771428571428571,0.98,0,1,0,3048,0.0,0.0002446183953033268,,False,3036,1053,0.6048760115811823,0.8500203490257263,-36.50335693359375,659.41748046875,True,True,0
646,73407,1.0,1.0,0,8,313,70345,0.004449498898287014,0.0043729395417268346,0.24,False,65809,7598,1.8171005828969522,1.1756551265716553,-38.0091552734375,660.8428955078125,True,True,0
647,23530,1.0,1.0,0,3,44,20738,0.002121708940109943,0.0019975349568617452,,False,17893,5637,0.6659292521676997,0.9052076935768127,-38.2806396484375,665.7572631835938,True,True,0
648,31724,1.0,1.0,0,1,28,29797,0.000939691915293486,0.0009141632254200423,0.16,False,27392,4332,1.3265641621731152,1.026347279548645,-32.27728271484375,657.2989501953125,True,True,0
649,242609,1.0,1.0,0,150,3936,238859,0.016478340778450885,0.016846105651915848,0.29,False,228541,14068,3.4081973079889507,0.9848211407661438,-32.9556884765625,669.0181274414062,True,True,0
650,181538,1.0,1.0,0,180,2617,177123,0.014775043331470221,0.015407327431873391,,False,147396,34142,0.9057111312269867,1.1236015558242798,-36.89495849609375,667.4267578125,True,True,0
651,1606,0.9371428571428572,0.99,0,0,3,1255,0.002390438247011952,0.001869158878504673,,False,1512,94,3.374558046613746,0.9539827108383179,-27.22430419921875,665.545654296875,True,False,0
652,99136,1.0,1.0,0,43,833,94657,0.008800194386046463,0.00884652241892369,,False,76036,23100,0.6905581377676522,0.945564329624176,-34.55865478515625,667.871826171875,True,True,0
653,4278,0.9085714285714286,0.96,0,0,3,2993,0.0010023387905111927,0.0007014262333411269,,False,326,3952,0.01730587767168181,0.816543698310852,-36.7777099609375,633.1385498046875,True,True,0
654,9461,1.0,1.0,0,0,24,7367,0.003257771141577304,0.002536997885835095,,False,6407,3054,0.4401276537400645,1.0129286050796509,-32.79638671875,664.422119140625,True,True,0
655,16794,1.0,1.0,0,2,10,15146,0.0006602403274792025,0.0007145834573929614,0.29,False,14852,1942,1.6044592093260408,0.8783742785453796,-35.5133056640625,674.7584228515625,True,True,0
656,20702,1.0,1.0,0,3,33,19024,0.0017346509671993273,0.0017390464228781218,,False,18677,2025,1.9349736559673603,0.9568251967430115,-39.513671875,678.2784423828125,True,True,0
657,76830,1.0,1.0,0,5,282,72745,0.0038765550896968865,0.003735568600398287,0.18,False,60965,15865,0.806182686561291,1.050344705581665,-21.9383544921875,666.65869140625,True,True,0
658,26841,1.0,1.0,0,1,62,25959,0.0023883816788011865,0.002347242921013413,,False,25863,978,5.54795602960887,0.8961995244026184,-41.8172607421875,683.8677368164062,True,True,0
659,2120,1.0,1.0,0,0,3,1321,0.002271006813020439,0.001415762151958471,,False,1481,639,0.4862360623631564,0.9312590956687927,-33.8404541015625,671.0829467773438,True,True,0
660,58939,1.0,1.0,0,10,184,56255,0.0032708203715225313,0.003291594556992093,0.235,False,54074,4865,2.3318393000407323,1.2262866497039795,-39.19232177734375,680.0744018554688,True,True,0
661,8580,0.9885714285714285,1.0,0,0,8,7223,0.001107573030596705,0.0009325096165054202,,False,6389,2191,0.6117633789934989,1.1331267356872559,-36.833251953125,679.6381225585938,True,True,0
662,72458,1.0,1.0,0,4,141,70096,0.0020115270486190367,0.002001186910857474,0.125,False,67163,5295,2.6610748329965364,1.0116955041885376,-43.0440673828125,683.436767578125,True,True,0
663,535,0.21714285714285714,0.31,0,0,0,378,0.0,0.0,,False,21,514,0.008571348259341012,0.8193320631980896,-14.66107177734375,663.9515380859375,True,False,0
664,54105,1.0,1.0,0,22,241,50714,0.00475213944867295,0.004861008428212332,,False,44089,10016,0.923482984989389,1.244956135749817,-38.0552978515625,680.568603515625,True,True,0
665,2873,0.9142857142857143,0.97,0,1,0,2117,0.0,0.00034818941504178273,,False,1961,912,0.4511030056075506,1.0450056791305542,-53.87371826171875,694.5881958007812,True,True,0
666,33482,1.0,1.0,0,2,80,30271,0.00264279343265832,0.0024491502643290224,0.295,False,25685,7797,0.6911065375642852,1.0088499784469604,-34.2591552734375,685.2020874023438,True,True,0
667,46643,1.0,1.0,0,2,105,42836,0.00245120926323653,0.002294069722567643,0.215,False,35775,10868,0.6905942818788811,1.068734884262085,-38.23577880859375,690.9863891601562,True,True,0
668,80779,1.0,1.0,0,24,597,76465,0.0078074936245341,0.007687736760008913,,False,58874,21905,0.563862550437729,0.9921881556510925,-36.03790283203125,682.1204833984375,True,True,0
669,128393,1.0,1.0,0,77,790,124088,0.006366449616401264,0.0067527571811327805,0.235,False,107394,20999,1.072937366022703,1.1285849809646606,-38.07891845703125,693.3040161132812,True,True,0
670,10992,0.9314285714285714,0.95,0,1,3,10426,0.0002877421830040284,0.000363934127922846,,False,10266,726,2.966590520295352,0.9911515116691589,-40.3675537109375,681.8116455078125,True,True,0
671,34160,1.0,1.0,0,1,19,31535,0.0006025051530045981,0.0005854972335255716,0.09,True,28888,5272,1.1495689877984623,1.0203214883804321,-35.3115234375,689.27734375,True,True,0
672,15563,1.0,1.0,0,2,19,13085,0.0014520443255636225,0.001349440945893844,,False,11076,4487,0.5178689145013315,0.9961122274398804,-35.80950927734375,689.7938842773438,True,True,0
673,800,0.4857142857142857,0.59,0,0,0,500,0.0,0.0,,False,25,775,0.006767546859141751,0.8696358799934387,-43.68975830078125,662.03271484375,True,False,0
674,5019,0.9942857142857143,0.99,0,1,21,3942,0.00532724505327245,0.00438421681944998,,False,4112,907,0.9511276000314413,1.091343641281128,-40.15869140625,702.3181762695312,True,True,0
675,52931,0.9714285714285714,0.98,0,12,372,50411,0.0073793418103191765,0.007254864915926695,,False,44369,8562,1.087169806632921,1.3083919286727905,-35.9290771484375,698.2554321289062,True,True,0
676,114053,1.0,1.0,0,38,815,109418,0.007448500246760131,0.007479044646301687,0.285,False,86041,28012,0.6443981678755488,1.033339500427246,-38.3712158203125,697.2963256835938,True,True,0
677,96451,1.0,1.0,0,25,377,93294,0.004040988702381718,0.00416796267496112,0.195,False,86818,9633,1.8907807930785865,0.9191717505455017,-35.6612548828125,701.1052856445312,True,True,0
678,8100,1.0,1.0,0,19,24,5889,0.004075394803871625,0.005309297444128905,,False,3943,4157,0.19899387905544227,0.8540271520614624,-36.70166015625,687.0154418945312,True,True,0
679,40618,1.0,1.0,0,5,199,37033,0.005373585720843572,0.005022527513110274,,False,25984,14634,0.37250827287318,0.9658030271530151,-39.475830078125,697.4911499023438,True,True,0
680,30598,1.0,1.0,0,3,101,27633,0.0036550501212318605,0.0033990260483053895,,False,23341,7257,0.6747692777202777,0.9324807524681091,-29.45574951171875,696.805419921875,True,True,0
681,19496,1.0,1.0,0,2,12,18331,0.0006546287709344826,0.000718132854578097,0.24,False,17311,2185,1.662124994982466,0.9182690978050232,-36.49737548828125,712.6781005859375,True,True,0
682,33351,1.0,1.0,0,2,19,30687,0.0006191546909114609,0.0006296851574212894,0.1,True,28022,5329,1.1031799851178408,0.9959313869476318,-39.57049560546875,707.766357421875,True,True,0
683,539,0.52,0.64,0,0,0,324,0.0,0.0,,False,302,237,0.2673323784611184,0.9059543013572693,-20.04351806640625,689.36572265625,True,True,0
684,2393,0.7714285714285715,0.84,0,0,0,1547,0.0,0.0,,False,345,2048,0.035341266434824714,0.9768136739730835,-41.3426513671875,670.924072265625,True,True,0
685,24701,1.0,1.0,0,29,73,22136,0.003297795446331767,0.004129554655870445,,False,20655,4046,1.0710069430654372,1.0596264600753784,-37.45751953125,712.2203979492188,True,True,0
686,53197,1.0,1.0,0,4,78,51211,0.0015231102692780847,0.0015414692834047673,0.13,False,50086,3111,3.377608457600831,0.9452533721923828,-33.4400634765625,705.9367065429688,True,True,0
687,69957,1.0,1.0,0,28,525,65467,0.00801930743733484,0.00791926353708045,,False,46350,23607,0.4119095905688069,1.0112015008926392,-38.99078369140625,710.1190795898438,True,True,0
688,2240,0.9314285714285714,0.98,0,1,0,1435,0.0,0.00044662795891022776,,False,1435,805,0.3739805242595289,0.8453665375709534,-40.91943359375,705.3748779296875,True,True,0
689,69601,1.0,1.0,0,32,491,65229,0.007527326802495822,0.007514367816091954,,False,47237,22364,0.4431245278368648,0.9999103546142578,-36.092041015625,711.5328979492188,True,True,0
690,2818,0.9142857142857143,0.95,0,0,1,1969,0.0005078720162519045,0.0003549875754348598,,False,1846,972,0.39843584008358623,0.9584482312202454,-39.15777587890625,704.2460327148438,True,True,0
691,18729,1.0,1.0,0,0,31,17009,0.0018225645246634135,0.0016552755232806494,,False,16077,2652,1.2718165069709952,1.0422974824905396,-38.9124755859375,718.9658203125,True,True,0
692,30099,1.0,1.0,0,5,49,27598,0.001775490977607073,0.00179413914545817,0.34,False,26083,4016,1.3625636619862604,1.0128170251846313,-37.63629150390625,717.5528564453125,True,True,0
693,39527,1.0,1.0,0,4,98,36105,0.002714305497853483,0.0025805798714770025,0.21,False,30593,8934,0.7184045660301578,0.9997431039810181,-32.29498291015625,714.9219360351562,True,True,0
694,1461,0.4685714285714286,0.56,0,25,65,1032,0.06298449612403101,0.06164383561643835,,False,61,1400,0.009141022221883607,1.0730599164962769,-36.64697265625,687.0670166015625,True,False,0
695,7200,0.9428571428571428,0.96,0,7,16,5396,0.0029651593773165306,0.003194888178913738,,False,4375,2825,0.32490213903401766,0.910906195640564,-33.7615966796875,707.1990966796875,True,True,0
696,38212,1.0,1.0,0,5,139,34258,0.004057446435868994,0.00376854832378111,,False,23713,14499,0.34311635276885843,0.9730205535888672,-30.87030029296875,707.7786865234375,True,True,0
697,7575,0.9885714285714285,1.0,0,0,3,6815,0.00044020542920029346,0.00039609189331925006,,False,6920,655,2.216449087363493,1.0490338802337646,-36.53009033203125,720.756591796875,True,True,0
698,2057,0.7085714285714285,0.78,0,0,0,1515,0.0,0.0,,False,1052,1005,0.21960521210978184,1.0429117679595947,-68.723388671875,708.1370849609375,True,True,0
699,294,0.36,0.44,0,0,0,174,0.0,0.0,,False,208,86,0.5074086296249536,0.9917681217193604,-42.5091552734375,724.5411376953125,True,False,0
700,61438,1.0,1.0,0,1,148,59048,0.002506435442351985,0.0024252486286765306,0.135,False,57398,4040,2.98063200328009,1.0424243211746216,-38.4468994140625,722.4404296875,True,True,0
701,48273,1.0,1.0,0,1,161,44740,0.003598569512740277,0.0033559827643354326,0.275,False,36351,11922,0.6396762264868743,0.9621160626411438,-39.12872314453125,719.8358154296875,True,True,0
702,19803,0.9828571428571429,0.99,0,5,38,16995,0.002235951750514857,0.0021714978285021715,,False,13424,6379,0.44149145950002894,0.9462650418281555,-25.30340576171875,717.27783203125,True,True,0
703,8819,1.0,1.0,0,0,5,8083,0.0006185822095756526,0.0005670220004536176,,False,8305,514,3.3897641568489094,0.949001669883728,-40.5125732421875,723.7717895507812,True,True,0
704,101849,1.0,1.0,0,51,1106,97816,0.011306943649300728,0.011369884533815097,,False,79012,22837,0.7258501460555129,0.9813283681869507,-39.29058837890625,720.2939453125,True,True,0
705,8366,0.9828571428571429,0.99,0,0,0,7616,0.0,0.0,0.14,False,7767,599,2.7203165778022926,0.9945833086967468,-39.3255615234375,724.196044921875,True,True,0
706,16750,0.9257142857142857,0.97,0,0,20,14341,0.0013946028868279756,0.0011941011403665892,,False,10061,6689,0.3155534395940469,1.0842708349227905,-38.70208740234375,725.3978271484375,True,True,0
707,12157,0.9942857142857143,0.99,0,2,8,11291,0.0007085289168364184,0.0008226390259953932,,False,11322,835,2.8446552475632214,1.1262316703796387,-40.34356689453125,725.5940551757812,True,True,0
708,39575,1.0,1.0,0,31,159,37130,0.004282251548612981,0.004801132056400667,,False,35332,4243,1.7469808942830747,1.0244561433792114,-38.8480224609375,723.0255126953125,True,True,0
709,11783,0.9942857142857143,0.99,0,0,17,9724,0.0017482517482517483,0.0014428789679171619,,False,8610,3173,0.5692801551129922,1.242554783821106,-38.82415771484375,729.0556640625,True,True,0
710,128940,1.0,1.0,0,50,1243,124130,0.010013695319423185,0.010043508946090787,0.315,False,87178,41762,0.4379439969990433,1.0679630041122437,-34.927490234375,728.3778076171875,True,True,0
711,28673,1.0,1.0,0,9,102,27053,0.0037703766680220307,0.003871372767857143,,False,26541,2132,2.611698544485421,0.9536601901054382,-38.95751953125,731.8995971679688,True,True,0
712,5997,0.8971428571428571,0.96,0,11,7,4366,0.001603298213467705,0.003002001334222815,,False,2989,3008,0.208468791363436,0.8938761353492737,-29.9061279296875,717.0486450195312,True,True,0
713,2624,0.9257142857142857,0.96,0,1,3,1506,0.00199203187250996,0.0015249714067861228,,False,606,2018,0.06300056258465654,0.8689741492271423,-35.240478515625,706.7501220703125,True,True,0
714,69622,1.0,1.0,0,6,314,65543,0.004790748058526463,0.004596314330446273,0.26,False,55443,14179,0.8203403706786994,1.0143396854400635,-37.9105224609375,730.4641723632812,True,True,0
715,31967,1.0,1.0,0,14,214,28578,0.0074882776961298905,0.007132578364512294,,False,18218,13749,0.2779857610790004,0.8627612590789795,-36.37091064453125,723.6106567382812,True,True,0
716,9422,1.0,1.0,0,1,7,7467,0.0009374581491897683,0.000849166755121537,,False,6411,3011,0.4466918068192264,0.9576767683029175,-41.124755859375,730.3331909179688,True,True,0
717,262201,1.0,1.0,0,337,7674,258267,0.0297134360952038,0.03055301296720061,,False,246379,15822,3.2668957309988023,0.9889754056930542,-25.09466552734375,739.9263305664062,True,True,0
718,24009,1.0,1.0,0,1,49,20890,0.0023456199138343703,0.0021242919026991003,,False,15000,9009,0.34930728044188186,1.0571420192718506,-34.6898193359375,733.0543823242188,True,True,0
719,3994,0.6228571428571429,0.67,0,5,21,3013,0.0069697975439761035,0.0067618332081141996,,False,17,3977,0.0008967807882242149,1.0121585130691528,-17.50811767578125,713.1399536132812,True,False,0
720,2189,0.4857142857142857,0.55,0,0,0,1789,0.0,0.0,,False,1461,728,0.4210287977986113,0.8469123244285583,-33.6612548828125,746.99853515625,True,True,0
721,171220,1.0,1.0,0,138,2743,166358,0.016488536770098223,0.016867286924932397,,False,103139,68081,0.31782639033879717,1.0289528369903564,-37.32757568359375,736.026611328125,True,True,0
722,5402,0.8457142857142858,0.89,0,3,6,3891,0.0015420200462606013,0.0016663580818366969,,False,2148,3254,0.13848721888645693,0.8069416880607605,-44.6572265625,720.615234375,True,True,0
723,78465,1.0,1.0,0,16,466,74797,0.0062301963982512665,0.006142944535073409,0.33,False,67215,11250,1.2534489356669862,0.9934002757072449,-37.7003173828125,751.0828247070312,True,True,0
724,42307,1.0,1.0,0,1,99,39189,0.0025262190920921686,0.0023637309128728785,0.285,False,34705,7602,0.9577610005448497,1.0320992469787598,-37.78094482421875,746.6953735351562,True,True,0
725,3986,0.96,0.98,0,1,4,2360,0.001694915254237288,0.0012547051442910915,,False,582,3404,0.03586958884625013,0.8830131888389587,-36.56182861328125,718.844970703125,True,True,0
726,110136,1.0,1.0,0,29,906,105787,0.00856437936608468,0.008489580968811005,0.31,False,87296,22840,0.8018464487340099,1.0383498668670654,-40.29913330078125,757.56689453125,True,True,0
727,46444,1.0,1.0,0,11,202,42169,0.00479024876093813,0.004607798807139935,,False,30434,16010,0.39880506898467966,0.9824562072753906,-39.8017578125,744.23583984375,True,True,0
728,33566,1.0,1.0,0,1,107,30114,0.00355316464103075,0.003217637419931476,,False,22228,11338,0.4112982870995843,0.9064821004867554,-40.1038818359375,755.9825439453125,True,True,0
729,2321,0.7428571428571429,0.82,0,9,10,1393,0.007178750897343862,0.008189655172413794,,False,606,1715,0.0741312742249778,0.9626413583755493,-34.26885986328125,727.9295043945312,True,True,0
730,52817,1.0,1.0,0,4,27,50596,0.000533639022847656,0.0006058770069675856,0.07,True,49349,3468,2.9853292296728298,1.0411549806594849,-44.02252197265625,759.5001220703125,True,True,0
731,17874,1.0,1.0,0,5,8,15754,0.000507807540941983,0.0007273541095507189,0.28,False,14056,3818,0.7723582499253508,0.921657145023346,-37.23345947265625,758.8278198242188,True,True,0
732,36138,1.0,1.0,0,3,85,32838,0.00258846458371399,0.0024351772421617734,0.345,False,28153,7985,0.7396780398857794,0.9507592916488647,-37.90350341796875,757.23095703125,True,True,0
733,28287,1.0,1.0,0,4,118,24471,0.004822034244616076,0.004313087746588418,,False,16425,11862,0.29049617872226446,0.9152169823646545,-39.4842529296875,749.6864013671875,True,True,0
734,1606,0.68,0.78,0,12,8,970,0.008247422680412371,0.012461059190031152,,False,539,1067,0.1059783884436734,0.7995517253875732,-37.3916015625,728.8754272460938,True,True,0
735,3165,0.25142857142857145,0.33,0,0,0,2949,0.0,0.0,,False,2882,283,2.1364882384785946,0.8767420053482056,-32.32763671875,762.34814453125,True,True,0
736,4326,0.9942857142857143,1.0,0,3,25,3015,0.008291873963515755,0.006473988439306359,,False,2257,2069,0.22885691208002454,0.6920568943023682,-34.87835693359375,754.2216796875,True,True,0
737,17058,1.0,1.0,0,0,46,14549,0.003161729328476184,0.0026968400070352346,,False,10145,6913,0.3078778604753052,0.9800894856452942,-37.9180908203125,758.1668090820312,True,True,0
738,90476,1.0,1.0,0,48,863,86842,0.009937587803136732,0.010069079856313898,,False,75543,14933,1.0613047990212618,1.0423418283462524,-39.48358154296875,760.4598388671875,True,True,0
739,101792,1.0,1.0,0,27,766,97462,0.00785947343580062,0.007810120737589767,0.315,False,82782,19010,0.9135803780587924,0.9606764912605286,-42.2227783203125,763.6546630859375,True,True,0
740,592,0.21142857142857144,0.24,0,0,4,386,0.010362694300518135,0.00676818950930626,,False,11,581,0.003972002545554797,0.9238710403442383,-48.75823974609375,727.083251953125,True,False,0
741,36414,0.96,1.0,0,1,16,35333,0.00045283446070245947,0.0004668662290940049,0.075,True,34805,1609,4.538146999008879,0.9807237982749939,-43.02874755859375,770.41259765625,True,True,0
742,10730,1.0,1.0,0,0,7,8934,0.0007835236176404746,0.0006524373194146706,0.325,False,8689,2041,0.893140448031143,0.9819891452789307,-39.87750244140625,767.306396484375,True,True,0
743,5123,0.8,0.91,0,1,53,3781,0.014017455699550383,0.010542756735650137,,False,503,4620,0.022841203068094656,0.8557835221290588,-51.95013427734375,733.7952270507812,True,True,0
744,40995,1.0,1.0,0,6,101,37848,0.00266856901289368,0.0026101380689857053,0.32,False,30868,10127,0.6394706951602266,0.951471745967865,-41.820068359375,764.9832153320312,True,True,0
745,5813,0.9885714285714285,1.0,0,9,24,3993,0.006010518407212622,0.0056779077770130765,,False,2574,3239,0.16672109727643003,0.8903990387916565,-39.3634033203125,752.17529296875,True,True,0
746,336,0.35428571428571426,0.45,0,0,0,177,0.0,0.0,,False,98,238,0.08638574520198587,1.1658351421356201,-63.35693359375,741.9146728515625,True,False,0
747,131930,1.0,1.0,0,22,1158,127477,0.00908399162201809,0.008944204837450447,0.25,False,112815,19115,1.238184921074359,0.9555341005325317,-41.32232666015625,775.5936279296875,True,True,0
748,125588,1.0,1.0,0,41,1347,120746,0.011155649048415683,0.011075987164276557,0.33,False,80032,45556,0.3685624202554177,0.8823736906051636,-41.8140869140625,770.32958984375,True,True,0
749,12078,0.9828571428571429,1.0,0,3,29,9801,0.0029588817467605345,0.0026496646518175044,,False,7085,4993,0.29769480360656886,0.9164660573005676,-35.05291748046875,772.203369140625,True,True,0
750,31979,1.0,1.0,0,8,112,28315,0.003955500618046972,0.0037525798986803426,,False,20850,11129,0.39304554878302367,0.8723060488700867,-44.6485595703125,769.5001220703125,True,True,0
751,101284,1.0,1.0,0,24,796,97134,0.008194864825910598,0.008096126694509443,0.33,False,82811,18473,0.9404670065243335,0.9115574955940247,-40.48260498046875,775.145751953125,True,True,0
752,4802,1.0,1.0,0,0,4,2970,0.0013468013468013469,0.0008331597583836701,,False,2044,2758,0.15548181261155108,0.8637298345565796,-41.27935791015625,748.65185546875,True,True,0
753,9590,0.9942857142857143,1.0,0,0,9,8620,0.0010440835266821347,0.0009385754510376473,,False,8755,835,2.199695874617206,1.056127905845642,-39.0145263671875,779.21484375,True,True,0
754,49488,1.0,1.0,0,21,493,45300,0.010883002207505519,0.010447188150423344,,False,27007,22481,0.2520308384311231,0.9539991021156311,-39.15264892578125,769.0935668945312,True,True,0
755,2705,0.49142857142857144,0.63,0,0,0,2371,0.0,0.0,,False,2209,496,0.9343444382402579,1.0331356525421143,-33.710205078125,778.3823852539062,True,True,0
756,2350,0.7828571428571428,0.88,0,0,2,1472,0.001358695652173913,0.0008514261387824606,,False,603,1747,0.0724131387738619,0.9959616661071777,-40.94140625,735.6047973632812,True,True,0
757,8346,1.0,1.0,0,1,7,6929,0.001010246788858421,0.0009586578789694428,,False,6927,1419,1.0241315785000156,1.0418503284454346,-48.4891357421875,789.3038330078125,True,True,0
758,5811,0.9142857142857143,0.94,0,3,44,4701,0.009359710699851096,0.008089500860585198,,False,3921,1890,0.43523920014578776,0.8968550562858582,-40.857177734375,770.193603515625,True,True,0
759,43263,1.0,1.0,0,17,79,40617,0.001944998399684861,0.0022190374924876337,0.285,False,37872,5391,1.4738112732576345,0.9133105278015137,-43.3780517578125,788.3706665039062,True,True,0
760,2788,0.8742857142857143,0.93,0,0,1,1724,0.000580046403712297,0.0003588087549336204,,False,1101,1687,0.1369194676048412,0.877206027507782,-40.95355224609375,748.5068359375,True,True,0
761,10001,0.9885714285714285,1.0,0,0,21,7838,0.0026792549119673387,0.0021,,False,5258,4743,0.2325736038259302,1.0392755270004272,-41.626953125,772.9669799804688,True,True,0
762,312,0.4342857142857143,0.52,0,0,0,123,0.0,0.0,,False,31,281,0.02314452858233175,0.7726711630821228,-37.575927734375,749.98583984375,True,False,0
763,76119,1.0,1.0,0,18,318,72275,0.004399861639571082,0.004414199006805224,0.285,False,62970,13149,1.0046942883356025,0.9539530277252197,-42.96722412109375,787.1315307617188,True,True,0
764,2656,0.9428571428571428,0.97,0,0,2,1442,0.0013869625520110957,0.0007532956685499058,,False,959,1697,0.118557690380333,1.1171557903289795,-54.3428955078125,763.4136962890625,True,True,0
765,1019,0.5485714285714286,0.66,0,0,0,747,0.0,0.0,,False,508,511,0.2085622855924937,0.7396032214164734,-42.275390625,772.498046875,True,True,0
766,1605,0.9885714285714285,1.0,0,0,2,890,0.0022471910112359553,0.0012468827930174563,,False,1043,562,0.38935069857051635,0.849814236164093,-38.94793701171875,781.2685546875,True,True,0
767,157156,1.0,1.0,0,108,2313,152756,0.015141794757652727,0.015417899525945722,,False,136010,21146,1.3493840677985411,1.006925344467163,-40.609375,796.3549194335938,True,True,0
768,87535,1.0,1.0,0,29,678,83425,0.008127060233742883,0.008076861562364339,,False,70291,17244,0.8551743635208718,0.9179712533950806,-40.2178955078125,795.784912109375,True,True,0
769,8784,1.0,1.0,0,0,3,6921,0.00043346337234503684,0.0003415689399977229,,False,6234,2550,0.5128845100849333,0.9171566367149353,-40.93634033203125,792.9271240234375,True,True,0
770,48870,1.0,1.0,0,5,156,46203,0.003376404129601974,0.003294522089668297,0.3,False,43576,5294,1.726857060814656,1.0994176864624023,-39.05438232421875,785.4397583007812,True,True,0
771,1808,0.8628571428571429,0.92,0,0,2,1025,0.001951219512195122,0.0011068068622025456,,False,370,1438,0.05398036333404442,0.9143668413162231,-36.74908447265625,760.7766723632812,True,True,0
772,23434,1.0,1.0,0,1,41,21288,0.0019259676813228109,0.001792344130072974,,False,20772,2662,1.6370548400078384,1.014818549156189,-40.70294189453125,793.9322509765625,True,True,0
773,6219,0.9714285714285714,1.0,0,16,64,4185,0.015292712066905615,0.012865873271148279,,False,1875,4344,0.09055332900267361,0.8791146874427795,-36.6217041015625,771.8836669921875,True,True,0
774,72675,1.0,1.0,0,45,527,68479,0.007695789950203712,0.007898285494124446,,False,52964,19711,0.5637221301443405,1.0153073072433472,-46.606689453125,792.5625,True,True,0
775,601563,1.0,1.0,0,1115,25570,596644,0.0428563766668231,0.04436782908494885,0.305,False,514957,86606,1.2474293289868463,0.9697907567024231,-38.02117919921875,791.3308715820312,True,True,0
776,3314,0.9942857142857143,1.0,0,0,2,2231,0.0008964589870013447,0.0006036824630244491,,False,2321,993,0.49036431426194166,0.9001632332801819,-36.50628662109375,787.724609375,True,True,0
777,78097,1.0,1.0,0,22,821,74728,0.010986511080184135,0.01079440688383528,,False,68735,9362,1.5402891833215504,1.0773229598999023,-43.54949951171875,805.0322875976562,True,True,0
778,8779,0.9771428571428571,1.0,0,1,12,6838,0.0017548990933021352,0.0014809751651856916,,False,4913,3866,0.26661088703773045,0.9766616225242615,-39.35394287109375,795.2178955078125,True,True,0
779,11408,0.9314285714285714,0.95,0,0,60,8888,0.0067506750675067504,0.005259928114315771,,False,2875,8533,0.07068529401394685,1.0090689659118652,-40.27838134765625,763.8138427734375,True,True,0
780,42064,1.0,1.0,0,10,80,39109,0.0020455649594722444,0.0021396476713501176,0.23,False,34439,7625,0.9475533029169133,0.9926486015319824,-39.5018310546875,799.9424438476562,True,True,0
781,79800,1.0,1.0,0,8,369,75728,0.004872702302979083,0.004724369979573679,0.255,False,67125,12675,1.1110389799224134,0.9610724449157715,-36.0849609375,803.7280883789062,True,True,0
782,1976,0.3142857142857143,0.39,0,0,2,1715,0.0011661807580174927,0.0010126582278481013,,False,1454,522,0.5843685960324814,1.0690279006958008,-27.71636962890625,793.7054443359375,True,True,0
783,132027,1.0,1.0,0,48,1434,127442,0.011252177461119568,0.011240210261615136,0.345,False,104681,27346,0.803095178659268,0.9495355486869812,-36.34796142578125,798.9384765625,True,True,0
784,991,0.29714285714285715,0.42,0,0,1,894,0.0011185682326621924,0.00101010101010101,,False,879,112,1.646507896113871,0.8838028907775879,-3.6494140625,786.8961181640625,True,True,0
785,24211,1.0,1.0,0,1,64,21351,0.0029975176806706946,0.0026848409748038,,False,18054,6157,0.6151729772362028,0.9225958585739136,-34.70465087890625,801.6170043945312,True,True,0
786,1508,0.8057142857142857,0.91,0,0,1,1034,0.0009671179883945841,0.0006635700066357001,,False,880,628,0.293978787129597,1.0206650495529175,-41.8897705078125,794.531005859375,True,True,0
787,67346,1.0,1.0,0,5,564,63149,0.008931257818809482,0.008449031108471304,,False,41389,25957,0.33452101188671857,0.9188826084136963,-37.798095703125,798.192138671875,True,True,0
788,3157,0.8971428571428571,0.94,0,2,7,1858,0.003767491926803014,0.0028517110266159697,,False,1007,2150,0.09826163269852467,0.8138480186462402,-34.227294921875,780.3923950195312,True,True,0
789,32312,1.0,1.0,0,12,106,28720,0.003690807799442897,0.003652007056420414,,False,22698,9614,0.4953092507668798,1.0372223854064941,-41.7666015625,807.9254150390625,True,True,0
790,26677,1.0,1.0,0,5,106,23383,0.004533207886071078,0.0041610436347278455,,False,16135,10542,0.3210989779681101,0.9396442174911499,-37.32781982421875,799.79248046875,True,True,0
791,12833,0.9885714285714285,1.0,0,0,22,10460,0.002103250478011472,0.0017144638403990024,,False,8168,4665,0.367330547719092,1.0538475513458252,-37.0848388671875,809.755126953125,True,True,0
792,3808,0.9942857142857143,1.0,0,1,4,2327,0.0017189514396218307,0.001313370107696349,,False,2282,1526,0.3137285713692043,1.01017427444458,-33.3936767578125,804.1104125976562,True,True,0
793,21804,1.0,1.0,0,12,67,18254,0.003670428399254958,0.003623354584231528,,False,11730,10074,0.24428062977860976,0.9167865514755249,-33.89288330078125,803.1267700195312,True,True,0
794,18290,1.0,1.0,0,15,62,15015,0.004129204129204129,0.004210180983104599,,False,8278,10012,0.17345928285050316,0.9181835651397705,-40.9818115234375,798.6805419921875,True,True,0
795,153463,1.0,1.0,0,78,1517,148712,0.010200925278390446,0.010393452450769572,0.29,False,114444,39019,0.6153325076290057,1.0536621809005737,-37.8250732421875,817.0166625976562,True,True,0
796,4695,1.0,1.0,0,3,11,3100,0.0035483870967741938,0.002982530890498509,,False,2372,2323,0.21421922326578186,1.014815330505371,-40.60589599609375,807.0365600585938,True,True,0
797,86111,1.0,1.0,0,38,802,81550,0.009834457388105457,0.009754964580188132,,False,59468,26643,0.46826659066931986,0.94693523645401,-53.4810791015625,816.5294799804688,True,True,0
798,127328,1.0,1.0,0,51,1149,122608,0.009371329766410022,0.009424552530099665,0.33,False,97023,30305,0.6716660176983934,0.9842228293418884,-38.09954833984375,818.8479614257812,True,True,0
799,6366,0.9542857142857143,0.98,0,4,22,4328,0.005083179297597043,0.00408483896307934,,False,1677,4689,0.07503187429434895,1.023916244506836,-44.57220458984375,787.360595703125,True,True,0
800,1016,0.6971428571428572,0.83,0,0,0,610,0.0,0.0,,False,312,704,0.09297686537161792,1.0238909721374512,-40.4808349609375,789.786865234375,True,True,0
801,585,0.7085714285714285,0.85,0,0,0,211,0.0,0.0,,False,184,401,0.09626455681931309,0.9846431612968445,-38.39617919921875,786.4663696289062,True,True,0
802,29113,1.0,1.0,0,0,54,25527,0.0021154072158890585,0.0018549051937345425,0.265,False,18523,10590,0.3669512166787877,1.0942630767822266,-40.74041748046875,817.9437255859375,True,True,0
803,31776,1.0,1.0,0,103,366,27622,0.013250307725725871,0.014791502753737215,,False,11968,19808,0.12675757396589574,0.8833552002906799,-43.58258056640625,800.2705078125,True,True,0
804,10455,0.9828571428571429,1.0,0,5,42,8258,0.005085977234197142,0.00449588674191697,,False,5149,5306,0.20358632908204807,0.9820544719696045,-43.7060546875,813.007080078125,True,True,0
805,1349,0.7142857142857143,0.82,0,0,0,1015,0.0,0.0,,False,821,528,0.326213702863668,0.8627079129219055,-40.67486572265625,812.7677001953125,True,True,0
806,204,0.19428571428571428,0.24,0,1,0,86,0.0,0.0049261083743842365,,False,34,170,0.041958790526678856,1.0073171854019165,-32.1165771484375,804.72412109375,True,False,0
807,7517,0.9657142857142857,0.98,0,1,7,5472,0.0012792397660818713,0.0010643959552953698,,False,3082,4435,0.14579142322798672,1.1436997652053833,-44.97747802734375,807.9213256835938,True,True,0
808,63815,1.0,1.0,0,19,118,60387,0.0019540629605709838,0.0021468643244429123,0.15,False,54125,9690,1.171836706530698,1.2730191946029663,-40.015625,836.4469604492188,True,True,0
809,9041,0.9542857142857143,0.99,0,0,3,7651,0.0003921056071101817,0.000331858407079646,0.25,False,6292,2749,0.480183175689093,0.9242650866508484,-45.5709228515625,828.0081176757812,True,True,0
810,4202,0.9428571428571428,0.97,0,1,5,2488,0.0020096463022508037,0.0014282313734825041,,False,475,3727,0.026737893077773616,0.9662280082702637,-41.475341796875,801.033935546875,True,True,0
811,45474,1.0,1.0,0,4,138,41593,0.003317865987065131,0.00312273217073868,,False,33449,12025,0.5835673947305118,0.9923012852668762,-58.99542236328125,828.1873168945312,True,True,0
812,37368,1.0,1.0,0,6,107,34127,0.0031353473789081958,0.0030240586613857145,,False,28918,8450,0.7179670440535498,0.9121541380882263,-38.88006591796875,837.5962524414062,True,True,0
813,9839,0.9657142857142857,1.0,0,0,3,8997,0.00033344448149383126,0.00030494002846106935,0.25,False,8985,854,2.2072583892401023,1.0763185024261475,-41.2825927734375,841.3952026367188,True,True,0
814,719,0.6914285714285714,0.78,0,0,0,390,0.0,0.0,,False,392,327,0.25149611447183656,0.9398777484893799,-34.04193115234375,827.0839233398438,True,True,0
815,5926,1.0,1.0,0,0,8,4757,0.0016817321841496743,0.001350210970464135,,False,4831,1095,0.9255840960474226,1.0797929763793945,-43.05303955078125,843.9210205078125,True,True,0
816,551664,1.0,1.0,0,929,21684,546757,0.03965930020100337,0.041006919079220466,0.305,False,442605,109059,0.8514276896478371,1.2013559341430664,-39.73284912109375,841.2657470703125,True,True,0
817,26625,1.0,1.0,0,5,153,22905,0.0066797642436149315,0.005934495192307692,,False,11976,14649,0.17151289349017199,0.9571293592453003,-37.59649658203125,826.7679443359375,True,True,0
818,7566,0.7485714285714286,0.84,0,0,2,6708,0.0002981514609421586,0.00026437541308658297,,False,6079,1487,0.8576579946593165,1.2361167669296265,-39.75579833984375,845.9356689453125,True,True,0
819,28629,0.9771428571428571,0.99,0,0,37,26553,0.0013934395360222951,0.0012924409668855666,0.205,False,23863,4766,1.0504223860030817,1.0276787281036377,-38.67681884765625,840.383056640625,True,True,0
820,12103,0.9542857142857143,0.98,0,1,2,11155,0.00017929179740026893,0.00024789291026276647,0.24,False,11089,1014,2.2942851486703244,1.040509819984436,-35.41339111328125,848.9774169921875,True,True,0
821,6882,1.0,1.0,0,1,17,4696,0.003620102214650767,0.0026158988519110592,,False,3628,3254,0.23390671793299153,0.9854282140731812,-35.435302734375,833.1649169921875,True,True,0
822,18258,1.0,1.0,0,3,51,15400,0.0033116883116883116,0.00301254313414033,,False,12294,5964,0.4324625844525401,0.9632986783981323,-49.3670654296875,846.7364501953125,True,True,0
823,9409,0.9714285714285714,1.0,0,1,7,8155,0.0008583690987124463,0.0008503401360544217,,False,7638,1771,0.9048030548920754,0.918919563293457,-41.095703125,844.0792846679688,True,True,0
824,30316,0.9942857142857143,1.0,0,3,1,29537,3.385584182550699e-05,0.00013194788058716806,0.05,True,29482,834,7.416241380740684,1.1660655736923218,-42.8201904296875,854.234130859375,True,True,0
825,1336,0.8685714285714285,0.94,0,1,16,764,0.020942408376963352,0.012734082397003745,,False,805,531,0.3180492125609838,0.9673036336898804,-37.136962890625,837.644287109375,True,True,0
826,3127,1.0,1.0,0,0,0,1999,0.0,0.0,,False,1750,1377,0.2666226703764996,1.1099224090576172,-36.723388671875,838.747314453125,True,True,0
827,16969,1.0,1.0,0,10,58,14215,0.00408019697502638,0.004007543611504008,,False,9577,7392,0.2718069107643421,1.0242713689804077,-37.42523193359375,842.8700561523438,True,True,0
828,2949,0.9485714285714286,0.97,0,0,1,2196,0.0004553734061930783,0.00033921302578018993,,False,1940,1009,0.4033699386608373,0.8903447985649109,-42.85076904296875,860.5536499023438,True,True,0
829,13432,0.8571428571428571,0.93,0,0,0,12958,0.0,0.0,0.055,True,12726,706,3.781640001717529,1.2839709520339966,-40.24005126953125,860.1342163085938,True,True,0
830,526776,1.0,1.0,0,658,17275,521881,0.0331014158400095,0.03405818423425561,0.265,False,419783,106993,0.8231186602703368,1.0997785329818726,-40.33612060546875,854.26904296875,True,True,0
831,385,0.46285714285714286,0.58,0,0,0,197,0.0,0.0,,False,167,218,0.16071371600815065,1.0694761276245117,-64.37554931640625,835.2183837890625,True,True,0
832,110739,1.0,1.0,0,134,1051,106304,0.009886739915713426,0.010709964059311168,,False,90138,20601,0.9179363769947524,0.9193585515022278,-39.2860107421875,855.9447021484375,True,True,0
833,22375,0.9885714285714285,1.0,0,0,3,21346,0.0001405415534526375,0.00013408420488066506,0.07,True,20817,1558,2.80313267777238,1.1312837600708008,-10.06201171875,851.023193359375,True,True,0
834,1356,0.7428571428571429,0.83,0,0,0,853,0.0,0.0,,False,582,774,0.15775204190262979,0.9774655103683472,-37.65997314453125,826.6671142578125,True,True,0
835,76491,1.0,1.0,0,25,854,71834,0.011888520756187878,0.011504771865603346,,False,42963,33528,0.26883135251099133,0.9476363062858582,-45.281982421875,843.6563720703125,True,True,0
836,62922,1.0,1.0,0,6,474,59777,0.007929471201298157,0.007628613658397038,,False,54961,7961,1.4483714898485092,0.9893760681152344,-43.37493896484375,865.6256713867188,True,True,0
837,9946,1.0,1.0,0,2,4,7807,0.0005123607019341616,0.0006033182503770739,,False,3507,6439,0.11426423231640219,0.9553604125976562,-33.86944580078125,839.7666015625,True,True,0
838,3159,0.9885714285714285,0.99,0,2,8,2058,0.003887269193391642,0.0031665611146295125,,False,2208,951,0.4870925840321078,1.0617058277130127,-49.28125,861.1821899414062,True,True,0
839,7977,0.9714285714285714,0.99,0,1,5,7006,0.0007136739937196689,0.0007522567703109327,,False,7073,904,1.6414520209911478,1.0260361433029175,-41.33203125,867.900390625,True,True,0
840,469,0.6228571428571429,0.73,0,0,0,151,0.0,0.0,,False,189,280,0.1416109180275411,0.8925976753234863,-41.0709228515625,847.8095703125,True,True,0
841,1886,0.8457142857142858,0.93,0,0,0,1103,0.0,0.0,,False,1142,744,0.322022438047495,1.1420247554779053,-43.47991943359375,856.2286376953125,True,True,0
842,28115,1.0,1.0,0,4,31,26090,0.0011881947106170947,0.001244931350928363,0.26,False,25231,2884,1.835406109186259,1.0361922979354858,-40.57904052734375,862.6137084960938,True,True,0
843,41036,1.0,1.0,0,4,120,38241,0.003137993253314505,0.003021810649445595,0.255,False,35136,5900,1.2493763253774477,0.9555143713951111,-43.09295654296875,868.4906005859375,True,True,0
844,1810,0.29714285714285715,0.36,0,0,3,1632,0.001838235294117647,0.001658374792703151,,False,1680,130,2.7111833878777105,0.9905002117156982,-37.21771240234375,878.158203125,True,True,0
845,24378,1.0,1.0,0,20,95,20675,0.004594921402660218,0.00471756163596833,,False,14141,10237,0.28980133673818775,0.9250761270523071,-35.3414306640625,879.6070556640625,True,True,0
846,47106,1.0,1.0,0,16,204,43734,0.004664563040197558,0.004691646322046492,,False,39124,7982,1.0283110251602252,1.0361990928649902,-39.61932373046875,866.8723754882812,True,True,0
847,2516,0.8457142857142858,0.91,0,1,0,1801,0.0,0.00039761431411530816,,False,1455,1061,0.2877004722729393,1.3238773345947266,-36.3360595703125,874.2769775390625,True,True,0
848,177170,1.0,1.0,0,64,1755,173002,0.01014439139431914,0.010267033171717399,0.26,False,159160,18010,1.8540147418729054,0.9513734579086304,-34.4163818359375,872.7001953125,True,True,0
849,664,0.011428571428571429,0.01,0,0,0,648,0.0,0.0,,False,641,23,5.846866245130684,1.169703483581543,27.87384033203125,870.2691650390625,True,False,0
850,111179,1.0,1.0,0,115,1286,106403,0.012086125391201376,0.01260141394880282,,False,71245,39934,0.3742868271489501,1.0046366453170776,-41.75811767578125,874.9711303710938,True,True,0
851,13190,1.0,1.0,0,0,10,11067,0.0009035872413481522,0.0007582075972401243,,False,8958,4232,0.44407708593807793,0.9489470720291138,-39.7783203125,866.9246826171875,True,True,0
852,5298,0.36,0.46,0,0,58,5040,0.011507936507936509,0.010949594109873513,,False,5095,203,5.265518170774107,0.9651256203651428,-41.90582275390625,884.4486083984375,True,True,0
853,207,0.011428571428571429,0.01,0,0,0,197,0.0,0.0,,False,189,18,2.20283650265064,0.9202117919921875,43.73583984375,868.1884765625,True,False,0
854,17196,0.6628571428571428,0.72,0,45,367,16785,0.02186476020256181,0.02396045362023844,,False,16835,361,9.78360441158779,1.0669403076171875,-37.9815673828125,885.6798706054688,True,True,0
855,734,0.14857142857142858,0.16,0,0,0,678,0.0,0.0,,False,724,10,15.189082170657747,0.9410280585289001,-11.78759765625,883.6222534179688,True,False,0
856,10949,0.2057142857142857,0.22,0,2,5,10733,0.00046585297680052176,0.0006393861892583121,,False,10777,172,13.145054811221453,1.1191668510437012,-40.0716552734375,886.4209594726562,True,True,0
857,3930,0.9085714285714286,0.95,0,0,9,2472,0.0036407766990291263,0.0022906592008144567,,False,1015,2915,0.07305003839550436,0.9493376016616821,-38.98455810546875,850.7042236328125,True,True,0
858,131086,1.0,1.0,0,53,1832,126514,0.014480610841487898,0.014395239729946219,,False,97280,33806,0.6037021745304559,1.0021804571151733,-40.82513427734375,880.676513671875,True,True,0
859,21892,1.0,1.0,0,14,63,18644,0.0033791031967388974,0.0035174272532090814,,False,13130,8762,0.3143796619580537,0.9253154397010803,-39.098876953125,875.83349609375,True,True,0
860,34935,1.0,1.0,0,3,201,31059,0.006471554138896938,0.0058395832140608,,False,18986,15949,0.24974280423209128,1.017107367515564,-40.7802734375,875.5413818359375,True,True,0
861,48156,1.0,1.0,0,27,319,43972,0.0072546165741835715,0.00718513134669297,,False,25282,22874,0.2318794574834954,0.8948293924331665,-45.38409423828125,876.8055419921875,True,True,0
862,3437,0.46285714285714286,0.59,0,0,0,3222,0.0,0.0,,False,3343,94,7.461076421845075,1.0073585510253906,-36.4718017578125,886.5545654296875,True,False,0
863,60131,1.0,1.0,0,19,397,56539,0.007021701834132192,0.006918343588890737,,False,51643,8488,1.2764360386246913,1.0163753032684326,-39.25994873046875,887.0979614257812,True,True,0
864,4099,0.9885714285714285,0.99,0,0,3,3565,0.0008415147265077139,0.0007320644216691069,,False,3837,262,3.0724404437188313,1.092589020729065,-42.58868408203125,885.2296752929688,True,True,0
865,2169,0.5485714285714286,0.66,0,1,5,1907,0.0026219192448872575,0.0027675276752767526,,False,2048,121,3.5508926858941443,1.0672900676727295,-35.98272705078125,891.34521484375,True,True,0
866,12254,0.9314285714285714,0.97,0,1,3,11112,0.0002699784017278618,0.00032645066514323026,0.28,False,10949,1305,1.7601793006766544,0.9804953336715698,-44.9234619140625,894.4796752929688,True,True,0
867,39454,1.0,1.0,0,0,123,36400,0.003379120879120879,0.0031176336400273743,0.275,False,32652,6802,1.0070849957932357,0.977053701877594,-37.344482421875,889.37939453125,True,True,0
868,733,0.30857142857142855,0.38,0,0,0,582,0.0,0.0,,False,694,39,3.733256490450657,1.137618064880371,-45.00091552734375,892.1034545898438,True,False,0
869,58651,0.9371428571428572,0.97,0,5,20,57433,0.00034823185276757266,0.00042625745950554135,0.04,True,56760,1891,6.297146880735832,0.9969900250434875,-37.17681884765625,893.1030883789062,True,True,0
870,52340,1.0,1.0,0,11,435,48029,0.00905702804555581,0.008521370297483712,,False,30020,22320,0.28216910654366023,1.1699144840240479,-67.197265625,880.1142578125,True,True,0
871,199495,1.0,1.0,0,116,2620,194961,0.013438585152928022,0.013719710868497298,0.28,False,173391,26104,1.3935175927465855,1.0059258937835693,-41.51263427734375,896.2327880859375,True,True,0
872,5248,0.2571428571428571,0.31,0,0,2,5085,0.00039331366764995085,0.0003811701924909472,,False,5174,74,14.668566363853808,0.8801858425140381,-27.24859619140625,893.3870849609375,True,False,0
873,2844,0.25142857142857145,0.28,0,4,6,2690,0.0022304832713754648,0.0035174111853675696,,False,2783,61,9.571419183257971,0.9009389281272888,-23.6116943359375,890.9605712890625,True,False,0
874,70157,1.0,1.0,0,9,140,67541,0.002072815030870138,0.002123838303209989,0.15,False,64452,5705,2.370138446122266,1.0357320308685303,-45.6070556640625,900.657470703125,True,True,0
875,4926,0.9485714285714286,0.98,0,0,0,3763,0.0,0.0,,False,3304,1622,0.4273484707156194,1.1324067115783691,-44.28173828125,883.2869873046875,True,True,0
876,4383,0.2571428571428571,0.3,0,1,7,4221,0.001658374792703151,0.0018256503879507074,,False,4319,64,14.157813772244214,0.928862452507019,-26.6368408203125,894.971923828125,True,False,0
877,62561,1.0,1.0,0,23,369,59162,0.006237111659511172,0.006265984654731458,,False,52930,9631,1.152984520079489,0.919452428817749,-37.4508056640625,891.519287109375,True,True,0
878,2404,0.7885714285714286,0.84,0,1,4,1809,0.002211166390270868,0.0020807324178110697,,False,1654,750,0.4626655968741788,0.8123557567596436,-26.40185546875,885.807861328125,True,True,0
879,10050,0.9885714285714285,1.0,0,0,1,7879,0.00012691965985531158,9.95123892924669e-05,0.16,False,2160,7890,0.05743408589203189,0.9345858693122864,-40.09661865234375,865.330322265625,True,True,0
880,6692,1.0,1.0,0,5,8,4871,0.001642373229316362,0.001942908384396951,,False,3687,3005,0.2574077548616721,0.9663810133934021,-38.08990478515625,885.2349853515625,True,True,0
881,6727,1.0,1.0,0,0,15,5238,0.0028636884306987398,0.0022301516503122213,,False,5143,1584,0.6811681176726935,1.0017540454864502,-38.699951171875,896.73095703125,True,True,0
882,5281,0.6171428571428571,0.74,0,0,2,5014,0.00039888312724371757,0.0003787878787878788,,False,5107,174,6.157573081027267,0.9662394523620605,-35.3563232421875,903.4343872070312,True,True,0
883,170183,1.0,1.0,0,81,1987,165487,0.012006985442965308,0.01216932460542243,0.28,False,134954,35229,0.803671210754977,0.9717764258384705,-40.46331787109375,901.0333862304688,True,True,0
884,95390,1.0,1.0,0,28,659,90976,0.007243668659866339,0.0072020882911027475,0.305,False,71387,24003,0.623945377521148,0.9324705004692078,-39.94207763671875,889.9161987304688,True,True,0
885,573,0.6742857142857143,0.81,0,0,0,259,0.0,0.0,,False,59,514,0.024081407014339033,0.8930150866508484,-76.2491455078125,853.0355224609375,True,False,0
886,137762,1.0,1.0,0,43,1205,133170,0.009048584516032139,0.009059167688968577,0.27,False,111292,26470,0.8820698366632307,0.9684898257255554,-41.56201171875,901.1021728515625,True,True,0
887,29373,1.0,1.0,0,2,58,27127,0.0021380912006488,0.0020427618139724907,,False,25411,3962,1.3455512696535037,1.1190999746322632,-40.3570556640625,902.1240844726562,True,True,0
888,127190,1.0,1.0,0,155,1393,123220,0.011304982957312125,0.012178726147701453,,False,114407,12783,1.8776419259116592,1.0000399351119995,-34.07318115234375,901.0216674804688,True,True,0
889,27699,1.0,1.0,0,24,66,25225,0.002616451932606541,0.0032493320817387535,,False,22835,4864,0.9849187722828039,1.098379135131836,-41.34332275390625,908.0614624023438,True,True,0
890,5327,0.9942857142857143,1.0,0,0,6,3534,0.001697792869269949,0.0011265490048817123,,False,2650,2677,0.20767798822506342,1.0013704299926758,-42.41180419921875,887.98291015625,True,True,0
891,28343,1.0,1.0,0,8,151,25546,0.005910905816957645,0.005610048690988639,,False,21724,6619,0.6885577620498349,1.03885817527771,-38.139404296875,903.9810791015625,True,True,0
892,119767,1.0,1.0,0,27,686,115904,0.005918691330756488,0.00595327555399696,0.215,False,103483,16284,1.3332171211226689,1.1907254457473755,-42.6214599609375,905.0626220703125,True,True,0
893,5029,1.0,1.0,0,0,1,3915,0.0002554278416347382,0.0001988862370723946,,False,4127,902,0.9598887389335014,1.0203373432159424,-38.3760986328125,909.6049194335938,True,True,0
894,143994,1.0,1.0,0,54,1401,140325,0.009983965793693213,0.010111602647350913,0.295,False,131608,12386,2.2291750781669424,1.0545381307601929,-37.68994140625,912.9638061523438,True,True,0
895,237615,1.0,1.0,0,158,3605,232873,0.015480540895681337,0.01583660895401786,0.285,False,195419,42196,0.9716021525657709,1.0358152389526367,-35.4012451171875,911.4883422851562,True,True,0
896,18953,0.7028571428571428,0.78,0,0,38,18388,0.0020665651511855556,0.0020050654284508233,,False,18235,718,5.328123574192123,0.9676607847213745,-40.3492431640625,914.3699340820312,True,True,0
897,9491,1.0,1.0,0,0,14,6995,0.0020014295925661185,0.0014752370916754477,,False,3730,5761,0.13583257131098084,0.9793785810470581,-38.3013916015625,884.4027099609375,True,True,0
898,98155,1.0,1.0,0,74,633,94238,0.006717035590738343,0.0072131548383153,0.34,False,85891,12264,1.4692932473609641,1.0038576126098633,-42.83917236328125,917.9420166015625,True,True,0
899,39037,1.0,1.0,0,2,173,35273,0.004904601253083095,0.004483041295214674,,False,24956,14081,0.37182145315808446,1.2933379411697388,-42.21807861328125,917.523193359375,True,True,0
900,110257,1.0,1.0,0,110,1309,105576,0.012398651208608016,0.012888187490930198,,False,70443,39814,0.37118891358201117,0.9561259746551514,-39.5079345703125,916.4255981445312,True,True,0
901,8741,0.9771428571428571,1.0,0,2,22,6202,0.003547242824895195,0.002745995423340961,,False,3433,5308,0.13568625459503436,0.9156058430671692,-38.34747314453125,897.5908203125,True,True,0
902,5774,0.9371428571428572,0.99,0,0,6,5228,0.0011476664116296864,0.0010393209769617184,,False,5302,472,2.3566261374200352,1.0074007511138916,-2.9931640625,912.9730224609375,True,True,0
903,63302,1.0,1.0,0,26,349,59971,0.005819479415050607,0.005924077028798913,,False,54413,8889,1.284229760900088,1.0063729286193848,-33.32794189453125,917.2393188476562,True,True,0
904,71943,1.0,1.0,0,21,493,68112,0.0072380784590086915,0.007158544382975174,,False,59242,12701,0.9785539203139549,1.0069406032562256,-38.79290771484375,928.7222900390625,True,True,0
905,16914,0.9942857142857143,1.0,0,0,56,15205,0.003682999013482407,0.0033110624963046177,,False,14560,2354,1.2976210494232032,1.084233283996582,-36.8253173828125,924.7825927734375,True,True,0
906,10795,1.0,1.0,0,3,20,9467,0.0021126016689553186,0.0021308134148601073,,False,9398,1397,1.4113411358973795,1.2182495594024658,-26.0179443359375,923.641845703125,True,True,0
907,115551,1.0,1.0,0,103,1263,110894,0.01138925460349523,0.011821722198182606,,False,80781,34770,0.4874134393925287,0.9938221573829651,-38.06512451171875,921.8532104492188,True,True,0
908,11608,1.0,1.0,0,4,21,9570,0.00219435736677116,0.0021538726630481605,,False,7346,4262,0.3616016837271033,1.032088041305542,-49.72222900390625,927.6859130859375,True,True,0
909,72820,1.0,1.0,0,41,456,68906,0.006617711084666067,0.0068388744695752485,,False,59499,13321,0.9370565563947395,1.0529464483261108,-39.53045654296875,934.5297241210938,True,True,0
910,47760,1.0,1.0,0,7,141,44891,0.003140941391370208,0.0030988923553675746,0.265,False,41723,6037,1.4499309401562215,1.1216511726379395,-41.6590576171875,938.6961669921875,True,True,0
911,17111,0.9942857142857143,1.0,0,3,55,13967,0.00393785351184936,0.003389830508474576,,False,8095,9016,0.18836313737437071,0.9487848877906799,-43.5316162109375,919.0805053710938,True,True,0
912,417,0.5314285714285715,0.69,0,0,0,242,0.0,0.0,,False,299,118,0.5315965409947871,0.9881494641304016,-38.03143310546875,930.5614013671875,True,True,0
913,11488,1.0,1.0,0,2,19,10322,0.0018407285409804302,0.0018281535648994515,,False,10220,1268,1.690926022013635,1.101401925086975,-41.625244140625,941.638916015625,True,True,0
914,49688,1.0,1.0,0,6,320,45470,0.007037607213547394,0.006581198301366555,,False,29066,20622,0.29569736336156716,1.0031956434249878,-58.1094970703125,923.4478759765625,True,True,0
915,6581,0.9885714285714285,1.0,0,0,12,4390,0.002733485193621868,0.00182370820668693,,False,2882,3699,0.16345665625559402,0.9701764583587646,-38.65380859375,917.4345703125,True,True,0
916,4547,0.9885714285714285,1.0,0,0,3,3413,0.0008789920890711983,0.0006599208095028596,,False,3642,905,0.8442757740230076,0.9558289051055908,-40.71533203125,936.5321044921875,True,True,0
917,4651,0.9885714285714285,0.99,0,1,3,2974,0.0010087424344317419,0.0008602150537634409,,False,2608,2043,0.2678133276886403,1.1158809661865234,-39.90728759765625,934.5826416015625,True,True,0
918,433,0.4228571428571429,0.53,0,0,0,282,0.0,0.0,,False,333,100,0.6986138622692029,0.9703270196914673,-37.6966552734375,932.0079345703125,True,True,0
919,83657,1.0,1.0,0,15,400,80073,0.004995441659485719,0.00497274552931051,0.265,False,70306,13351,1.1047692033438257,1.0408967733383179,-38.390869140625,939.7943725585938,True,True,0
920,24980,0.9942857142857143,1.0,0,10,45,23663,0.0019017030807589909,0.002201849553625045,,False,23209,1771,2.7493550799934767,1.1196610927581787,-34.7322998046875,940.3851318359375,True,True,0
921,13170,1.0,1.0,0,4,36,11573,0.003110688671908753,0.003037436403675298,,False,10906,2264,1.0106063813691686,0.953109622001648,-26.3978271484375,949.0599365234375,True,True,0
922,26013,1.0,1.0,0,1,56,23773,0.0023556135111260676,0.0021912963247731816,,False,21993,4020,1.1477607960861294,1.023526668548584,-41.974609375,944.9384765625,True,True,0
923,16541,1.0,1.0,0,7,42,14956,0.00280823749665686,0.002962515114873035,,False,14604,1937,1.5817402603294217,0.9789281487464905,-43.502197265625,944.2240600585938,True,True,0
924,5634,0.8628571428571429,0.95,0,9,3,4508,0.0006654835847382431,0.002130303568258477,,False,3578,2056,0.36509861990383496,0.9476106762886047,-43.2119140625,944.7476806640625,True,True,0
925,43209,1.0,1.0,0,3,109,40501,0.002691291573047579,0.0025921125717459728,0.21,False,37495,5714,1.3766580773519632,0.8707589507102966,-45.54876708984375,950.0341796875,True,True,0
926,6018,0.5142857142857142,0.58,0,0,22,5682,0.003871876099964801,0.003656307129798903,,False,5662,356,3.3366667410401076,1.0724496841430664,-34.43988037109375,941.3568115234375,True,True,0
927,2205,0.9028571428571428,0.97,0,1,0,1575,0.0,0.00045372050816696913,,False,1708,497,0.7209820344020873,0.9658349752426147,-38.40252685546875,946.5651245117188,True,True,0
928,142818,1.0,1.0,0,53,1301,138289,0.009407834317986247,0.009480664066602716,0.29,False,113670,29148,0.8181445929682286,0.9821972250938416,-42.037109375,954.7174072265625,True,True,0
929,23063,1.0,1.0,0,10,50,20963,0.002385154796546296,0.002601682421299107,,False,19078,3985,1.0043786771241896,1.036290168762207,-41.80523681640625,946.2634887695312,True,True,0
930,76934,1.0,1.0,0,8,480,73508,0.006529901507318931,0.006343181729556887,0.34,False,65733,11201,1.2311745280288282,1.0529240369796753,-43.10595703125,949.0559692382812,True,True,0
931,125976,1.0,1.0,0,45,974,121787,0.007997569527125227,0.00808890652907323,0.275,False,109040,16936,1.3507281881876068,1.0734518766403198,-48.2457275390625,953.6551513671875,True,True,0
932,8240,0.9828571428571429,0.98,0,0,16,7528,0.0021253985122210413,0.0019419832503944654,,False,7649,591,2.7152520197848267,0.9196277260780334,-38.34234619140625,947.7740478515625,True,True,0
933,37848,1.0,1.0,0,14,130,35178,0.003695491500369549,0.0038047929822707218,,False,33048,4800,1.4444313638809194,1.0411335229873657,-39.474365234375,949.1165771484375,True,True,0
934,35242,1.0,1.0,0,12,76,33275,0.002283996994740796,0.0024970914559745753,,False,31783,3459,1.9276904297621191,0.9590572714805603,-42.06689453125,961.059814453125,True,True,0
935,20719,1.0,1.0,0,4,46,17767,0.002589069623459222,0.0024133603629693987,,False,14601,6118,0.5006867444263141,0.9288548827171326,-43.17034912109375,956.42529296875,True,True,0
936,66005,1.0,1.0,0,3,152,64317,0.0023632943078812758,0.002348342524695473,0.16,False,63319,2686,4.945622966043891,0.9966168403625488,-47.51544189453125,962.419189453125,True,True,0
937,16912,0.9771428571428571,0.99,0,1,54,15171,0.0035594225825588293,0.0032523209745136303,,False,13681,3231,0.8883290207296399,0.9943785071372986,-42.8431396484375,961.6068115234375,True,True,0
938,32104,1.0,1.0,0,5,44,29973,0.0014679878557368297,0.0015263371024514844,0.275,False,28484,3620,1.6507654549197797,1.0967755317687988,-39.3250732421875,960.99853515625,True,True,0
939,76353,1.0,1.0,0,41,502,71999,0.0069723190599869445,0.007124895222129086,,False,53859,22494,0.5023247308118601,0.9620398879051208,-40.62994384765625,957.47802734375,True,True,0
940,17306,0.8,0.91,0,2,1,16920,5.9101654846335695e-05,0.00017336030049118752,0.115,False,17079,227,15.78445337896802,0.9816171526908875,-36.974609375,967.1475830078125,True,True,0
941,42155,1.0,1.0,0,31,92,40012,0.0022993102069379188,0.002917872562508896,,False,39082,3073,2.6681312257788203,0.9358246326446533,-38.5765380859375,958.642333984375,True,True,0
942,99515,1.0,1.0,0,106,745,95202,0.007825465851557741,0.008571658259139418,,False,80924,18591,0.9132034760316711,1.0342128276824951,-39.4613037109375,965.3156127929688,True,True,0
943,32255,1.0,1.0,0,225,739,30681,0.024086568234412176,0.029887765858498172,,False,30472,1783,3.585441012139534,0.9962716102600098,-39.71820068359375,964.504638671875,True,True,0
944,62322,1.0,1.0,0,6,138,59239,0.002329546413680177,0.002310617608831694,0.16,False,54688,7634,1.5029095731746223,1.0234049558639526,-43.7801513671875,964.4178466796875,True,True,0
945,493172,1.0,1.0,0,615,17377,488260,0.03558964486134437,0.036494441076219,0.3,False,391562,101610,0.808457235321692,1.0499974489212036,-45.8311767578125,964.8172607421875,True,True,0
946,18458,0.9942857142857143,1.0,0,1,63,15621,0.004033032456308815,0.0034675190984450343,,False,12170,6288,0.40604204891037027,1.0912725925445557,-42.719482421875,962.252197265625,True,True,0
947,59018,1.0,1.0,0,7,323,55968,0.0057711549456832476,0.005591609197349916,,False,50771,8247,1.29155435542016,1.0551809072494507,-40.1363525390625,973.525146484375,True,True,0
948,2642,0.8114285714285714,0.93,0,0,1,1956,0.0005112474437627812,0.0003786444528587656,,False,1790,852,0.4407642901570138,1.0027302503585815,-40.80828857421875,974.9308471679688,True,True,0
949,11848,1.0,1.0,0,1,9,10388,0.0008663842895648826,0.000844095551616443,,False,10499,1349,1.6327848100059352,1.0674463510513306,-41.1380615234375,972.42626953125,True,True,0
950,2125,0.9542857142857143,0.98,0,0,0,1197,0.0,0.0,,False,1277,848,0.3159279215953355,0.9925112128257751,-43.3782958984375,965.9675903320312,True,True,0
951,390992,1.0,1.0,0,438,10651,386546,0.027554288493478137,0.028366381834875994,0.305,False,356797,34195,2.189029183147746,1.1010288000106812,-41.03582763671875,978.03125,True,True,0
952,32409,1.0,1.0,0,5,106,30043,0.003528276137536198,0.0034250802271044187,,False,27195,5214,1.094236007262209,0.9684303998947144,-37.711181640625,975.8812866210938,True,True,0
953,50779,1.0,1.0,0,1,56,48759,0.0011485059168563753,0.0011225333805978967,0.08,True,47854,2925,3.4323007895105806,0.9915458559989929,-38.4945068359375,980.61572265625,True,True,0
954,8785,1.0,1.0,0,2,29,7023,0.004129289477431297,0.003529143897996357,,False,6740,2045,0.6914480394861015,1.0446529388427734,-41.85845947265625,996.3302612304688,True,True,0
955,118446,1.0,1.0,0,20,393,115991,0.0033881939115965893,0.0034868504369116467,0.125,False,113002,5444,4.354727449573625,0.9961339235305786,-41.58148193359375,986.2828369140625,True,True,0
956,51683,1.0,1.0,0,40,294,49102,0.005987536149240357,0.006481947293061414,,False,46280,5403,1.7970135346795273,1.3692331314086914,-40.6444091796875,980.7152709960938,True,True,0
957,9868,1.0,1.0,0,0,5,8734,0.000572475383558507,0.0005067396371744198,,False,8987,881,2.1400888221524568,1.0754599571228027,-42.413818359375,987.907470703125,True,True,0
958,41075,1.0,1.0,0,0,27,39137,0.0006898842527531492,0.000657350148512441,0.085,True,35710,5365,1.3964104470714838,1.0173159837722778,-44.4232177734375,992.3929443359375,True,True,0
959,6700,0.84,0.91,0,0,0,6302,0.0,0.0,0.27,False,6418,282,4.774672297876328,1.2851208448410034,-62.18023681640625,1015.5253295898438,True,True,0
960,57206,1.0,1.0,0,22,392,53774,0.0072897682895079405,0.007272091600384582,,False,45318,11888,0.7997512067160297,1.165521264076233,-41.36151123046875,996.2237548828125,True,True,0
961,5780,1.0,1.0,0,1,13,4621,0.002813243886604631,0.002422564457518602,,False,4754,1026,0.9720862093753961,1.0190622806549072,-37.7257080078125,986.559326171875,True,True,0
962,138269,1.0,1.0,0,65,1488,134047,0.011100584123479078,0.011231810686492897,0.33,False,118632,19637,1.2674174359018602,1.0078833103179932,-48.7110595703125,1004.6369018554688,True,True,0
963,11336,1.0,1.0,0,0,14,9935,0.001409159536990438,0.0012351124834583148,,False,10019,1317,1.595995149152602,1.0401301383972168,-40.91259765625,998.6229248046875,True,True,0
964,3790,1.0,1.0,0,0,0,3197,0.0,0.0,,False,3550,240,3.103202216035623,1.0574798583984375,-39.90185546875,996.7316284179688,True,True,0
965,434680,1.0,1.0,0,628,12763,429900,0.0296882996045592,0.03081354286726527,0.295,False,381266,53414,1.4974969323533849,1.1010655164718628,-41.05865478515625,1004.03759765625,True,True,0
966,3048,0.9771428571428571,1.0,0,1,0,2197,0.0,0.0003281916639317361,,False,1607,1441,0.23396175009150907,0.9486865401268005,-54.08453369140625,987.2097778320312,True,True,0
967,8178,0.9942857142857143,1.0,0,3,16,6844,0.0023378141437755697,0.0023235905588846763,,False,6567,1611,0.8551935983510243,1.0046777725219727,-42.715087890625,1000.4092407226562,True,True,0
968,361032,1.0,1.0,0,322,10036,356307,0.028166721394752278,0.028692826931759324,0.32,False,316822,44210,1.5034458190729978,1.127135992050171,-41.614990234375,1000.6940307617188,True,True,0
969,8115,1.0,1.0,0,1,12,6517,0.0018413380389749885,0.0016021690904609318,,False,5638,2477,0.47752051067705964,1.024817943572998,-36.9658203125,998.4082641601562,True,True,0
970,33123,1.0,1.0,0,6,101,30113,0.003354033141832431,0.003230481251132178,0.345,False,26455,6668,0.8323483828608946,1.00893235206604,-45.0587158203125,1002.4400634765625,True,True,0
971,25283,1.0,1.0,0,13,50,22889,0.0021844554152649744,0.002491891464282889,,False,20668,4615,0.9395496019560113,0.9774360656738281,-41.04327392578125,1001.3749389648438,True,True,0
972,78877,1.0,1.0,0,10,142,77119,0.0018413101829639906,0.0019270754095035245,0.115,False,74520,4357,3.5882133004912875,1.0888363122940063,-42.96820068359375,1011.397705078125,True,True,0
973,1898,0.9028571428571428,0.98,0,1,0,1289,0.0,0.0005271481286241434,,False,927,971,0.2002873265614382,1.0860166549682617,-47.68701171875,998.0283203125,True,True,0
974,56559,1.0,1.0,0,7,114,54433,0.0020943177851670863,0.0021393967254853424,0.165,False,53127,3432,3.2475883804062757,1.3007766008377075,-41.74560546875,1024.9962158203125,True,True,0
975,118302,1.0,1.0,0,42,1084,114029,0.009506353646879302,0.009543452718066626,0.33,False,94441,23861,0.8303570965445869,1.045204758644104,-36.18719482421875,1014.709228515625,True,True,0
976,207692,1.0,1.0,0,60,2517,203324,0.012379256752768979,0.012407855901314935,0.22,False,187777,19915,1.978131008970167,0.994911789894104,-41.7808837890625,1017.6895141601562,True,True,0
977,7404,1.0,1.0,0,2,20,6348,0.00315059861373661,0.0029717682020802376,,False,6602,802,1.7270070764160461,1.0327403545379639,-33.1104736328125,1014.4126586914062,True,True,0
978,1347,0.8914285714285715,0.97,0,0,2,832,0.002403846153846154,0.0014858841010401188,,False,912,435,0.4398438731072542,0.9962332248687744,-38.69671630859375,1008.7552490234375,True,True,0
979,1610,0.9257142857142857,0.99,0,0,0,885,0.0,0.0,,False,619,991,0.13104183317867915,0.7529746890068054,-58.8526611328125,995.4888305664062,True,True,0
980,15205,1.0,1.0,0,3,59,13009,0.004535321700361288,0.0040778742436201,,False,10301,4904,0.44067852897157306,1.0320318937301636,-41.14703369140625,1016.3106079101562,True,True,0
981,49480,1.0,1.0,0,10,166,46850,0.003543223052294557,0.003557064613270276,0.335,False,41407,8073,1.0760483335427917,1.0508980751037598,-34.23583984375,1016.7861328125,True,True,0
982,25173,1.0,1.0,0,1,40,22971,0.0017413260197640503,0.0016287938979818847,,False,22260,2913,1.6031628512253198,0.9662319421768188,-43.136962890625,1029.2542724609375,True,True,0
983,2586,0.9485714285714286,0.99,0,0,3,1864,0.001609442060085837,0.0011605415860735009,,False,2032,554,0.7694969526192368,1.0968384742736816,-40.6610107421875,1024.875,True,True,0
984,52211,1.0,1.0,0,0,20,51085,0.0003915043554859548,0.0003830683777054204,0.05,True,50409,1802,5.868758800386665,1.0212901830673218,-37.7081298828125,1028.9197998046875,True,True,0
985,38278,1.0,1.0,0,12,165,35158,0.00469309972125832,0.004624186848499099,,False,31194,7084,0.9238160020392576,1.0743738412857056,-47.00537109375,1025.384765625,True,True,0
986,119708,1.0,1.0,0,30,1272,115724,0.010991669835124953,0.010884910656853817,0.345,False,103711,15997,1.3601263125312217,1.0350812673568726,-39.72381591796875,1036.2152099609375,True,True,0
987,3993,0.9942857142857143,1.0,0,0,3,3428,0.0008751458576429405,0.000751503006012024,,False,3768,225,3.5133493934339093,1.047752022743225,-42.60400390625,1034.3516845703125,True,True,0
988,28651,0.9942857142857143,1.0,0,2,57,26746,0.0021311597995962014,0.0020593368237347295,,False,25793,2858,1.8933573898786349,0.9985581040382385,-32.422119140625,1031.6630859375,True,True,0
989,11029,0.9371428571428572,0.95,0,2,2,10402,0.00019227071716977504,0.0003627130939426913,0.345,False,10510,519,4.248428597643495,1.550363302230835,-68.29876708984375,1059.794921875,True,True,0
990,41734,1.0,1.0,0,5,272,38549,0.007055954758878311,0.006661395059065967,,False,31662,10072,0.6595012041579159,1.0698156356811523,-39.26763916015625,1031.193115234375,True,True,0
991,158473,1.0,1.0,0,51,1677,154005,0.010889256842310315,0.010910444747337069,0.28,False,137225,21248,1.3549028214475494,1.0956898927688599,-42.6495361328125,1040.6019287109375,True,True,0
992,84590,1.0,1.0,0,16,645,81481,0.007915955867011942,0.007814254808544847,,False,76144,8446,1.8913747015530633,1.1146146059036255,-39.49468994140625,1039.630859375,True,True,0
993,543,0.32571428571428573,0.44,0,0,0,424,0.0,0.0,,False,480,63,1.5984301153020517,0.9868228435516357,-38.156005859375,1057.604736328125,True,False,0
994,12675,0.9942857142857143,1.0,0,2,6,11204,0.0005355230274901821,0.0006312135079690705,0.34,False,11037,1638,1.4136116332202517,1.0289642810821533,-43.1856689453125,1045.604736328125,True,True,0
995,132645,1.0,1.0,0,0,19,131088,0.00014494080312461857,0.0001432405536624348,0.01,True,128741,3904,6.918310260239705,1.0473439693450928,-44.9234619140625,1046.2056884765625,True,True,0
996,12639,0.9771428571428571,1.0,0,0,9,11941,0.0007537057197889624,0.0007121379965184365,,False,12110,529,4.802655513025339,1.8246736526489258,-46.3765869140625,1059.62353515625,True,True,0
997,27058,1.0,1.0,0,3,56,25021,0.0022381199792174573,0.0021805817348560445,,False,24179,2879,1.7619339981670166,1.0486969947814941,-40.0313720703125,1039.886474609375,True,True,0
998,13869,0.9771428571428571,1.0,0,3,28,12423,0.0022538839249778638,0.0022353619844245744,,False,11726,2143,1.1479439517401684,0.8522447943687439,-34.516845703125,1041.896240234375,True,True,0
999,9086,0.5828571428571429,0.71,0,0,0,8955,0.0,0.0,0.12,False,9049,37,51.30879668593472,1.210813283920288,-39.58203125,1059.4970703125,True,False,0
1000,12321,1.0,1.0,0,2,13,11158,0.0011650833482702992,0.0012175324675324675,,False,10697,1624,1.3818755611572773,0.7411639094352722,-40.16259765625,1044.001953125,True,True,0
1001,14121,1.0,1.0,0,7,22,12310,0.0017871649065800163,0.0020538243626062325,,False,10737,3384,0.6656494294990408,0.9827703237533569,-42.9949951171875,1040.1624755859375,True,True,0
1002,117160,1.0,1.0,0,59,1707,113550,0.015033025099075297,0.015073532549782774,,False,103935,13225,1.6487663113007056,1.0568757057189941,-43.45562744140625,1043.565185546875,True,True,0
1003,114729,1.0,1.0,0,30,814,110243,0.0073836887602841,0.007356530228017572,0.28,False,93519,21210,0.9250221903028004,1.05067777633667,-42.7283935546875,1055.3087158203125,True,True,0
1004,3528,0.9657142857142857,1.0,0,10,11,2640,0.004166666666666667,0.005954068613552594,,False,2686,842,0.6692476921298064,1.0420061349868774,-32.9857177734375,1044.1673583984375,True,True,0
1005,33468,1.0,1.0,0,3,75,30759,0.0024383107383204915,0.002330654077150626,,False,29113,4355,1.4024641430576363,1.032958984375,-39.083740234375,1049.807373046875,True,True,0
1006,2830,0.5428571428571428,0.66,0,0,1,2670,0.0003745318352059925,0.0003534817956875221,,False,2764,66,8.78591644058639,0.9902015328407288,-15.755615234375,1060.135986328125,True,False,0
1007,35588,1.0,1.0,0,3,17,34067,0.0004990166436727625,0.0005620029786157866,0.09,True,33355,2233,3.1337560636304813,1.1205459833145142,-40.32745361328125,1057.147705078125,True,True,0
1008,110587,1.0,1.0,0,35,859,106630,0.008055894213635938,0.008084205957354457,0.315,False,98612,11975,1.7276159713640313,1.1512908935546875,-46.771728515625,1053.4180908203125,True,True,0
1009,21808,0.9942857142857143,1.0,0,1,6,21043,0.0002851304471795847,0.00032099784472875684,0.12,False,21209,599,7.4282469806371605,1.470683217048645,-38.95465087890625,1057.334228515625,True,True,0
1010,4538,0.7542857142857143,0.86,0,0,5,3996,0.0012512512512512512,0.001102049812651532,,False,3968,570,1.4604603579812427,0.8595050573348999,-41.67791748046875,1060.2879638671875,True,True,0
1011,15358,1.0,1.0,0,0,15,13747,0.0010911471593802284,0.0009767532721234617,,False,13665,1693,1.6933457547166761,1.0410834550857544,-41.03460693359375,1059.609375,True,True,0
1012,90203,1.0,1.0,0,2,271,88558,0.003060141376273177,0.0030265404314760206,0.18,False,87838,2365,7.791915945628789,1.0402443408966064,-46.5628662109375,1063.4532470703125,True,True,0
1013,41168,1.0,1.0,0,4,241,38475,0.00626380766731644,0.005951368814827411,,False,33990,7178,0.9934377890790012,0.9902962446212769,-45.18328857421875,1058.871826171875,True,True,0
1014,121888,1.0,1.0,0,34,1382,117645,0.011747205576097581,0.01161731767949002,,False,96793,25095,0.809188525891378,0.9703439474105835,-39.71868896484375,1056.6368408203125,True,True,0
1015,78179,1.0,1.0,0,53,640,75729,0.008451187788033646,0.00886438640026606,,False,73492,4687,3.2895620155607874,1.0750302076339722,-63.3115234375,1077.581298828125,True,True,0
1016,11293,1.0,1.0,0,32,44,10079,0.004365512451632106,0.006730428622033298,,False,9669,1624,1.249074955672592,1.0806183815002441,-57.7607421875,1073.1572265625,True,True,0
1017,2950,0.9085714285714286,0.97,0,0,0,2555,0.0,0.0,,False,2791,159,3.6826095710679456,1.0391210317611694,-39.8756103515625,1076.962158203125,True,True,0
1018,95276,1.0,1.0,0,12,758,91568,0.008278001048401188,0.008081868276043033,,False,82750,12526,1.3859531838107437,1.0384325981140137,-40.2447509765625,1060.2862548828125,True,True,0
1019,3118,0.4114285714285714,0.51,0,0,22,2858,0.007697690692792162,0.007058068655758742,,False,2771,347,1.675328653449958,1.0465341806411743,-39.00311279296875,1061.8387451171875,True,True,0
1020,130010,1.0,1.0,0,50,1593,126270,0.012615823235923022,0.012645278403802813,,False,118991,11019,2.26550433050188,1.1010699272155762,-46.0242919921875,1074.876708984375,True,True,0
1021,2800,0.9542857142857143,0.97,0,0,2,2357,0.0008485362749257531,0.0007145409074669524,,False,2667,133,4.20692083964859,1.0838521718978882,-48.29833984375,1075.001220703125,True,True,0
1022,3634,0.8914285714285715,0.95,0,10,52,2894,0.01796821008984105,0.01706578585191302,,False,2477,1157,0.4491440109532564,0.9864437580108643,-36.1929931640625,1064.59912109375,True,True,0
1023,8883,1.0,1.0,0,0,13,7899,0.0016457779465755158,0.0014636343165953614,,False,7960,923,1.809273957705112,0.953300416469574,-34.8189697265625,1092.945068359375,True,True,0
1024,118683,1.0,1.0,0,44,972,115356,0.008426089670238219,0.008560691596029726,0.315,False,109981,8702,2.651499506386272,1.0715184211730957,-45.82958984375,1080.1700439453125,True,True,0
1025,19549,1.0,1.0,0,2,35,18492,0.0018927103612372917,0.0018927767546552078,,False,18750,799,4.923199764550867,1.088344931602478,-42.62841796875,1074.30224609375,True,True,0
1026,29219,1.0,1.0,0,1,92,27812,0.003307924636847404,0.0031829694024231637,,False,27826,1393,4.190758453680423,1.1307047605514526,-43.4095458984375,1080.1251220703125,True,True,0
1027,312484,1.0,1.0,0,332,8159,308251,0.02646868947708199,0.027175878367783207,0.345,False,293139,19345,3.1790534753683413,1.1006410121917725,-41.56201171875,1079.612060546875,True,True,0
1028,3059,0.9942857142857143,1.0,0,0,4,2605,0.0015355086372360845,0.0013080444735120995,,False,2946,113,5.469495437681234,0.947502076625824,-40.4241943359375,1079.7100830078125,True,True,0
1029,90235,1.0,1.0,0,70,915,85798,0.010664584256043264,0.010927144978611166,,False,66783,23452,0.5974189637862856,0.9475452303886414,-46.963623046875,1072.166015625,True,True,0
1030,47577,0.9942857142857143,1.0,0,8,626,45213,0.013845575387609759,0.013326046746258619,,False,41035,6542,1.3159423488705797,0.8509297370910645,-42.8839111328125,1080.08837890625,True,True,0
1031,1028,0.45714285714285713,0.58,0,0,5,842,0.0059382422802850355,0.004868549172346641,,False,932,96,2.036749623482536,1.1259616613388062,-26.3865966796875,1080.89501953125,True,False,0
1032,6000,1.0,1.0,0,3,6,5247,0.0011435105774728416,0.0015002500416736123,,False,5375,625,1.8042279926471907,0.9879711270332336,-44.6693115234375,1081.5726318359375,True,True,0
1033,33724,1.0,1.0,0,13,136,32765,0.0041507706394018,0.004418349494410343,,False,32939,785,8.803061153874362,1.04619562625885,-40.5321044921875,1080.486572265625,True,True,0
1034,92301,1.0,1.0,0,2,631,90201,0.006995487854901831,0.00685807150595883,0.255,False,88634,3667,5.07086915672437,1.0904381275177002,-39.3016357421875,1080.1260986328125,True,True,0
1035,13577,1.0,1.0,0,0,12,12502,0.0009598464245720685,0.0008839127872716559,,False,12792,785,3.4187060408743686,1.096816062927246,-39.5638427734375,1082.9871826171875,True,True,0
1036,164914,1.0,1.0,0,9,2295,161487,0.014211670289249289,0.013971002892434192,0.315,False,156373,8541,3.8410150749492753,1.1651290655136108,-39.5452880859375,1081.2276611328125,True,True,0
1037,46474,0.9828571428571429,1.0,0,8,120,45619,0.002630482912821412,0.0027542874357153616,0.315,False,45664,810,11.82719883092755,1.0149224996566772,-40.8778076171875,1081.80517578125,True,True,0
1038,31776,1.0,1.0,0,6,98,29265,0.003348710063215445,0.0032730133752950433,,False,27270,4506,1.2696584749917135,0.9972736239433289,-37.423583984375,1085.643798828125,True,True,0
1039,17727,1.0,1.0,0,2,15,16390,0.0009151921903599756,0.0009590432133589078,0.345,False,15217,2510,1.2718862857459603,1.0775558948516846,-47.30615234375,1083.7080078125,True,True,0
1040,31771,1.0,1.0,0,0,120,30028,0.003996270147861996,0.003777148253068933,,False,29852,1919,3.2635586628515303,1.0618321895599365,-40.22509765625,1083.839111328125,True,True,0
1041,1779,0.6342857142857142,0.74,0,0,0,1616,0.0,0.0,,False,1755,24,15.341182786316955,0.9558335542678833,-40.703125,1083.472412109375,True,False,0
1042,134877,1.0,1.0,0,51,1580,131818,0.011986223429273695,0.012092588748183516,,False,128314,6563,4.101706725308754,1.1065410375595093,-41.4970703125,1083.5621337890625,True,True,0
1043,21678,0.9942857142857143,1.0,0,1,17,21092,0.0008059927934761995,0.0008303732066245329,0.25,False,21331,347,12.896584448481075,0.9857815504074097,-45.4356689453125,1096.094482421875,True,True,0
1044,2088,0.28,0.36,0,0,0,1740,0.0,0.0,,False,1346,742,0.38056962297108987,1.1479626893997192,-60.781982421875,1105.7880859375,True,True,0
1045,145745,1.0,1.0,0,30,1631,142086,0.011478963444674353,0.01139669557580415,0.295,False,135360,10385,2.734492963741574,1.0989638566970825,-44.3026123046875,1091.272216796875,True,True,0
1046,4565,0.8285714285714286,0.87,0,0,0,4270,0.0,0.0,,False,4509,56,16.892159507570977,1.0565423965454102,-45.8795166015625,1101.8076171875,True,False,0
1047,7202,0.7885714285714286,0.86,0,0,0,6657,0.0,0.0,0.155,False,6721,481,2.93144523003959,1.1547515392303467,-38.4287109375,1097.24609375,True,True,0
1048,76574,1.0,1.0,0,6,363,74392,0.0048795569416066244,0.004818930954775182,0.25,False,73086,3488,4.395929134794797,0.9655120968818665,-42.66259765625,1097.8865966796875,True,True,0
1049,130708,1.0,1.0,0,52,1903,126291,0.015068373835031791,0.014964768528081892,,False,105103,25605,0.8611589066052583,1.00299870967865,-39.81884765625,1097.187744140625,True,True,0
1050,12567,1.0,1.0,0,0,12,11542,0.0010396811644429042,0.0009549578226961642,,False,11878,689,3.6167381268206924,1.0584642887115479,-51.0274658203125,1108.3165283203125,True,True,0
1051,54971,1.0,1.0,0,7,370,51622,0.007167486730463756,0.006858286338002547,,False,40842,14129,0.6064409804977768,0.9368091821670532,-37.843505859375,1097.4136962890625,True,True,0
1052,10624,1.0,1.0,0,1,18,9160,0.001965065502183406,0.0017885719664878096,,False,8962,1662,1.131271602587533,1.0355044603347778,-39.094482421875,1099.625244140625,True,True,0
1053,39096,1.0,1.0,0,5,172,37067,0.004640246040952869,0.0045274331755979025,,False,36624,2472,3.108209434160773,1.0741904973983765,-41.4520263671875,1112.277587890625,True,True,0
1054,23449,1.0,1.0,0,6,100,21076,0.004744733345985955,0.004520641419310816,,False,19496,3953,1.0346933722592093,1.037566065788269,-39.76806640625,1105.810791015625,True,True,0
1055,63754,1.0,1.0,0,8,36,61808,0.0005824488739321771,0.0006901636001443069,0.07,True,60959,2795,4.575609859956738,1.0547045469284058,-43.8907470703125,1111.931884765625,True,True,0
1056,96478,1.0,1.0,0,88,710,92366,0.007686811164281229,0.008271401473926429,,False,81042,15436,1.1014590249621363,0.9437751173973083,-40.4197998046875,1104.4267578125,True,True,0
1057,91672,1.0,1.0,0,5,622,88470,0.007030631852605403,0.006839676669830153,0.305,False,84587,7085,2.504705867523066,1.0804342031478882,-40.62255859375,1118.17626953125,True,True,0
1058,115455,1.0,1.0,0,93,1334,110833,0.012036126424440375,0.012385885287647029,,False,86722,28733,0.6332005415471137,1.0509567260742188,-43.9002685546875,1107.495849609375,True,True,0
1059,540,0.2342857142857143,0.26,0,0,0,412,0.0,0.0,,False,455,85,1.1230146876258165,0.8536182641983032,-12.1756591796875,1119.412841796875,True,False,0
1060,22265,1.0,1.0,0,2,41,21389,0.0019168731591004723,0.0019313690262306863,,False,21558,707,6.3970834948666395,1.026883602142334,-38.966796875,1121.616455078125,True,True,0
1061,20874,1.0,1.0,0,3,42,18876,0.0022250476795931343,0.002155895175585685,,False,18436,2438,1.586448445754412,1.014844536781311,-37.1507568359375,1118.6121826171875,True,True,0
1062,347061,1.0,1.0,0,219,8816,342442,0.025744505638911116,0.026035843946291708,0.3,False,319363,27698,2.4189626000021187,1.048274278640747,-37.821044921875,1120.316650390625,True,True,0
1063,52374,1.0,1.0,0,3,223,49544,0.004501049572097529,0.0043152005804517595,0.34,False,45627,6747,1.4187444311255195,1.096225619316101,-33.76025390625,1116.217529296875,True,True,0
1064,9312,0.5314285714285715,0.64,0,0,2,8971,0.00022294058633374206,0.000214799699280421,0.26,False,8972,340,5.536092185372981,1.0555217266082764,-41.26611328125,1130.4249267578125,True,True,0
1065,66431,1.0,1.0,0,146,808,62789,0.012868496074153116,0.014360981484269156,,False,56600,9831,1.2078463756535567,1.115631341934204,-41.3358154296875,1133.968994140625,True,True,0
1066,85292,1.0,1.0,0,14,772,80954,0.00953627986263804,0.009227233823029394,,False,64622,20670,0.6558928305309726,1.0543525218963623,-39.7471923828125,1135.302734375,True,True,0
1067,100214,1.0,1.0,0,38,1154,97397,0.011848414222203969,0.011894664364902757,,False,94329,5885,3.3627279112923443,1.0926158428192139,-57.2147216796875,1152.0048828125,True,True,0
1068,48961,1.0,1.0,0,20,206,46494,0.004430679227427195,0.004616013071895425,,False,43689,5272,1.7385599386571249,1.0600676536560059,-36.513916015625,1099.436767578125,True,True,0
1069,52625,1.0,1.0,0,11,312,50361,0.006195270149520462,0.00613788385527516,,False,48622,4003,2.548239211826354,1.0795559883117676,-44.1689453125,1141.914794921875,True,True,0
1070,10429,0.29714285714285715,0.36,0,0,0,10239,0.0,0.0,0.115,False,10268,161,13.379902519501194,0.9659217596054077,-9.3778076171875,1140.3724365234375,True,True,0
1071,76757,1.0,1.0,0,16,632,73005,0.008656941305390041,0.0084423367554328,,False,61842,14915,0.869867758548734,1.1312541961669922,-38.998779296875,1139.3883056640625,True,True,0
1072,15913,1.0,1.0,0,1,64,14567,0.004393492139767969,0.004084967320261438,,False,14423,1490,2.030777301229158,1.060015082359314,-35.85791015625,1141.13818359375,True,True,0
1073,3077,0.9771428571428571,1.0,0,0,2,2351,0.0008507018290089324,0.0006501950585175553,,False,2562,515,1.0436739934888468,1.0274385213851929,-50.3646240234375,1155.4825439453125,True,True,0
1074,18357,0.9942857142857143,1.0,0,0,34,17663,0.0019249278152069298,0.0018522553933318807,,False,17979,378,9.978533001047076,1.1218256950378418,-40.277587890625,1146.6209716796875,True,True,0
1075,53569,1.0,1.0,0,84,381,49760,0.007656752411575563,0.008680555555555556,,False,42233,11336,0.7816009175693489,1.1142854690551758,-38.9168701171875,1141.537353515625,True,True,0
1076,1878,0.9714285714285714,0.99,0,0,4,1290,0.0031007751937984496,0.002131060202450719,,False,1524,354,0.9031807452352906,1.0188120603561401,-35.1988525390625,1142.74462890625,True,True,0
1077,119398,1.0,1.0,0,43,850,115573,0.007354658960137749,0.007479249897401107,0.27,False,107736,11662,1.9381205008498854,1.1322638988494873,-36.4779052734375,1147.273193359375,True,True,0
1078,49223,1.0,1.0,0,5,27,48294,0.0005590756615728662,0.0006501158018772094,0.085,True,48284,939,10.787743566507782,1.154415249824524,-38.2166748046875,1146.7425537109375,True,True,0
1079,101650,1.0,1.0,0,19,804,97564,0.008240744536919356,0.008096488898070813,0.33,False,87798,13852,1.3297350168428206,1.0457985401153564,-45.722900390625,1159.9036865234375,True,True,0
1080,80229,0.9885714285714285,0.99,0,2,25,78573,0.00031817545467272473,0.0003365408585531236,0.025,True,76321,3908,4.09715564455816,0.9690307378768921,-42.7098388671875,1153.7049560546875,True,True,0
1081,28233,1.0,1.0,0,1,70,26603,0.002631282186219599,0.0025148767356191555,,False,26511,1722,3.2298765843576747,1.1720056533813477,-36.1708984375,1153.2657470703125,True,True,0
1082,29932,0.9942857142857143,1.0,0,1,8,29280,0.000273224043715847,0.00030069159065851457,0.08,True,29605,327,18.99373078810898,1.2147225141525269,-42.7508544921875,1160.28076171875,True,True,0
1083,68596,1.0,1.0,0,20,704,64512,0.010912698412698412,0.010569283475471973,,False,52891,15705,0.7065400795118024,1.1813040971755981,-35.1878662109375,1147.35791015625,True,True,0
1084,5238,1.0,1.0,0,0,1,4422,0.0002261420171867933,0.00019094901661256445,,False,4721,517,1.9157393624414978,1.1105893850326538,-43.6337890625,1159.985595703125,True,True,0
1085,45789,1.0,1.0,0,1,15,44996,0.00033336296559694195,0.0003494365335895868,0.055,True,45090,699,13.53306054969921,1.1260939836502075,-41.24609375,1163.8173828125,True,True,0
1086,83429,1.0,1.0,0,23,622,79644,0.007809753402641756,0.007731217337105049,,False,71306,12123,1.2339823134930967,1.04337477684021,-39.781494140625,1160.806884765625,True,True,0
1087,107891,1.0,1.0,0,8,244,104177,0.002342167656968429,0.002335712299564371,0.09,True,97103,10788,1.888359490411613,0.9770989418029785,-44.5152587890625,1165.39208984375,True,True,0
1088,15561,1.0,1.0,0,10,38,13619,0.0027902195462221895,0.003084832904884319,,False,12988,2573,1.0589987783919643,1.0825631618499756,-42.3033447265625,1162.357421875,True,True,0
1089,2314,0.24571428571428572,0.31,0,0,0,2197,0.0,0.0,,False,2196,118,3.9043010168045242,1.1151649951934814,-5.7305908203125,1158.291748046875,True,True,0
1090,4261,0.8914285714285715,0.96,0,0,1,3721,0.0002687449610319806,0.00023474178403755868,,False,3877,384,2.118154047811639,0.9755938649177551,-39.0733642578125,1169.081298828125,True,True,0
1091,66359,1.0,1.0,0,31,636,62242,0.010218180649722053,0.010051538623828325,,False,50491,15868,0.6675514533912723,1.0935958623886108,-45.20654296875,1175.304443359375,True,True,0
1092,5052,0.84,0.93,0,2,15,4403,0.0034067681126504655,0.0033656701643238964,,False,4485,567,1.6594812655392825,1.1952576637268066,-36.347900390625,1176.592529296875,True,True,0
1093,23933,0.9371428571428572,0.98,0,8,132,21900,0.006027397260273973,0.005849908072873141,,False,20515,3418,1.259193369887093,1.1851575374603271,-41.216796875,1179.7044677734375,True,True,0
1094,12776,0.9942857142857143,1.0,0,9,56,11507,0.004866602937342487,0.005088062622309198,,False,11342,1434,1.6593326434922997,1.022129774093628,-39.94677734375,1179.7161865234375,True,True,0
1095,72178,1.0,1.0,0,59,706,67721,0.010425126622465706,0.010626653920223893,,False,46311,25867,0.3756047373257479,1.0378224849700928,-42.1990966796875,1174.3948974609375,True,True,0
1096,3280,0.49714285714285716,0.61,0,1,5,3044,0.0016425755584756898,0.0018298261665141812,,False,3147,133,4.964071946896931,1.1774983406066895,-35.9754638671875,1180.265869140625,True,True,0
1097,12613,0.9828571428571429,0.99,0,0,6,11485,0.000522420548541576,0.0004757373929590866,0.28,False,11180,1433,1.6367734755347856,1.107984185218811,-42.32470703125,1195.0648193359375,True,True,0
1098,17225,0.8228571428571428,0.9,0,2,119,16319,0.007292113487346039,0.0070250812819321875,,False,16136,1089,3.108572286218962,1.1071140766143799,-39.19189453125,1180.53271484375,True,True,0
1099,28550,0.9771428571428571,1.0,0,2,211,26434,0.00798214420821669,0.007460856772566465,,False,25184,3366,1.56965267472353,1.135122299194336,-41.511962890625,1181.353515625,True,True,0
1100,61953,1.0,1.0,0,35,643,57816,0.011121488861214888,0.010943956611570249,,False,46962,14991,0.657217237246979,0.9465826153755188,-43.193603515625,1180.6788330078125,True,True,0
1101,151339,1.0,1.0,0,54,1619,147125,0.011004248088360239,0.011061332910438886,0.285,False,132777,18562,1.5006902084260418,1.0730770826339722,-47.6463623046875,1197.3282470703125,True,True,0
1102,87350,1.0,1.0,0,29,753,84748,0.008885165431632605,0.008952592473869191,,False,82747,4603,3.7714143381610854,1.0743286609649658,-40.53271484375,1144.320556640625,True,True,0
1103,8419,0.9942857142857143,1.0,0,0,8,6862,0.0011658408627222385,0.000950344499881207,,False,6740,1679,0.8421746520244654,1.082851529121399,-38.44921875,1190.3077392578125,True,True,0
1104,2986,0.8742857142857143,0.94,0,0,2,2470,0.0008097165991902834,0.0006700167504187605,,False,2618,368,1.492501543462571,1.08748459815979,-42.23583984375,1197.246826171875,True,True,0
1105,646,0.30857142857142855,0.4,0,0,1,551,0.0018148820326678765,0.0015503875968992248,,False,627,19,6.923200436902012,0.8798742294311523,-0.7957763671875,1191.8330078125,True,False,0
1106,131663,1.0,1.0,0,19,792,128208,0.006177461624859603,0.0061597119897920435,0.19,False,121507,10156,2.509987574106522,1.177050232887268,-47.409912109375,1205.8636474609375,True,True,0
1107,52931,1.0,1.0,0,13,127,50374,0.002521141858895462,0.002645002833931608,0.225,False,48898,4033,2.543641134606425,1.0380239486694336,-39.4769287109375,1200.119384765625,True,True,0
1108,1486,0.8742857142857143,0.95,0,0,0,1113,0.0,0.0,,False,1313,173,1.5922512127609632,1.056115984916687,-43.4822998046875,1203.375,True,True,0
1109,77538,1.0,1.0,0,12,415,73529,0.005644031606576997,0.005507048247933245,0.32,False,62965,14573,0.9064486535072853,1.0185353755950928,-48.4610595703125,1207.352294921875,True,True,0
1110,22196,0.9771428571428571,0.98,0,3,71,21178,0.003352535650203041,0.0033340842532101826,,False,21059,1137,3.8857087497859717,1.4011147022247314,-39.4322509765625,1201.8568115234375,True,True,0
1111,87905,1.0,1.0,0,4,648,84729,0.0076479127571433625,0.007417182380779032,0.295,False,80049,7856,2.1377031713786376,1.073269009590149,-39.458740234375,1200.5086669921875,True,True,0
1112,8367,0.92,0.94,0,2,21,7355,0.0028552005438477225,0.0027492230456610087,,False,7230,1137,1.3340459784867549,0.9941391348838806,-47.017578125,1215.33056640625,True,True,0
1113,38175,1.0,1.0,0,3,99,35743,0.0027697731024256497,0.0026719756902603867,0.285,False,34856,3319,2.20324736757746,1.0662392377853394,-38.7161865234375,1202.4447021484375,True,True,0
1114,49928,1.0,1.0,0,6,230,46694,0.0049256863836895535,0.004726901275862759,,False,43435,6493,1.4034191179164455,1.106932520866394,-43.2359619140625,1213.553466796875,True,True,0
1115,115882,1.0,1.0,0,10,698,112655,0.00619590786028139,0.006109716001760426,0.21,False,107377,8505,2.64868256930229,1.106688141822815,-39.9932861328125,1208.17431640625,True,True,0
1116,8386,0.9428571428571428,0.98,0,0,14,7885,0.0017755231452124287,0.0016696481812760882,,False,8150,236,7.245003025263404,1.0424458980560303,-41.572509765625,1203.73779296875,True,True,0
1117,45863,1.0,1.0,0,1,83,43302,0.0019167705879636044,0.001831581701626619,0.21,False,40708,5155,1.6567007223666759,1.0811488628387451,-37.1568603515625,1205.9505615234375,True,True,0
1118,4464,0.92,0.99,0,0,8,3751,0.0021327645961077045,0.0017925162446784674,,False,3894,570,1.433223950095504,0.9514574408531189,-33.406005859375,1209.5689697265625,True,True,0
1119,50797,1.0,1.0,0,4,194,48252,0.004020558733316754,0.0038979447200566974,0.33,False,45893,4904,1.9633103320155716,0.9986363053321838,-38.1407470703125,1203.010498046875,True,True,0
1120,16798,0.96,0.99,0,0,4,16289,0.00024556449137454726,0.00023813776269571946,0.1,True,16562,236,14.722912896246934,1.397092580795288,-41.5531005859375,1205.15625,True,True,0
1121,39139,1.0,1.0,0,4,54,37980,0.0014218009478672985,0.0014819357146507231,0.2,False,38212,927,8.647946621388632,1.0416404008865356,-46.4764404296875,1223.2813720703125,True,True,0
1122,6953,0.5314285714285715,0.66,0,0,0,6683,0.0,0.0,0.17,False,6840,113,12.699032177101033,1.2358182668685913,-19.911376953125,1201.4918212890625,True,True,0
1123,24836,0.9942857142857143,1.0,0,16,34,24201,0.0014049006239411595,0.0020132876988121604,,False,24528,308,16.707227500623034,1.1185046434402466,-40.405029296875,1203.178466796875,True,True,0
1124,74439,1.0,1.0,0,24,456,71583,0.006370227567997988,0.0064483194067546145,,False,68923,5516,2.621397497706931,1.10075843334198,-41.30859375,1205.88818359375,True,True,0
1125,38467,1.0,1.0,0,1,49,36711,0.0013347498025115087,0.0012998492174907711,0.18,False,36487,1980,3.866036338249827,1.017453908920288,-41.4017333984375,1212.984375,True,True,0
1126,87258,1.0,1.0,0,55,520,82921,0.0062710290517480494,0.006589729190781255,,False,70050,17208,0.8540252430247133,1.0570200681686401,-43.13671875,1215.1728515625,True,True,0
1127,30198,1.0,1.0,0,1,95,28138,0.0033762172151538842,0.0031791237540152997,,False,27024,3174,1.7862229917973682,0.9337895512580872,-25.4139404296875,1204.7681884765625,True,True,0
1128,476,0.35428571428571426,0.46,0,0,0,378,0.0,0.0,,False,471,5,19.762590338065742,1.0940394401550293,-38.1534423828125,1214.787841796875,True,False,0
1129,23522,1.0,1.0,0,3,73,21811,0.003346935032781624,0.0032311551379618215,,False,21270,2252,1.9814908403695808,1.1405210494995117,-38.458740234375,1217.7054443359375,True,True,0
1130,45680,1.0,1.0,0,6,226,43028,0.005252393790090174,0.005078920291600079,,False,40407,5273,1.6076510988161508,1.1492786407470703,-39.9056396484375,1219.071044921875,True,True,0
1131,3050,0.7542857142857143,0.87,0,0,1,2783,0.00035932446999640676,0.00032797638570022957,,False,2972,78,7.993687528544202,0.9822099208831787,-32.6968994140625,1217.26513671875,True,False,0
1132,1199,0.7028571428571428,0.86,0,0,0,966,0.0,0.0,,False,1118,81,2.89567455610043,0.9867665767669678,-36.844970703125,1222.594482421875,True,False,0
1133,7132,0.7142857142857143,0.76,0,0,8,6710,0.0011922503725782414,0.00112186229140373,,False,6844,288,4.9855201799408,1.0630667209625244,-40.96484375,1222.90283203125,True,True,0
1134,25006,1.0,1.0,0,1,74,22438,0.003297976646759961,0.002999400119976005,,False,20549,4457,0.9672550892222612,1.0069599151611328,-39.4459228515625,1217.898193359375,True,True,0
1135,341,0.38857142857142857,0.48,0,0,0,221,0.0,0.0,,False,320,21,3.196860230604103,0.891453206539154,-30.1678466796875,1225.5133056640625,True,False,0
1136,9686,0.9942857142857143,1.0,0,0,29,8924,0.0032496638278798743,0.002994321115126484,,False,9036,650,2.9164587015313086,0.9558282494544983,-36.4638671875,1231.973388671875,True,True,0
1137,8747,1.0,1.0,0,0,12,7066,0.0016982734220209455,0.001372055796935742,,False,6733,2014,0.7013618088781746,1.190072774887085,-35.7913818359375,1216.938720703125,True,True,0
1138,111085,1.0,1.0,0,40,885,106997,0.00827125994186753,0.00833603399229412,0.295,False,96134,14951,1.348962065578137,0.9748355150222778,-41.8138427734375,1230.3587646484375,True,True,0
1139,84598,0.9942857142857143,1.0,0,12,185,82780,0.002234839333172264,0.0023286877785264255,0.125,False,79957,4641,3.6144139346494946,1.0176092386245728,-48.5523681640625,1230.2265625,True,True,0
1140,21550,1.0,1.0,0,0,32,20305,0.0015759665107116473,0.0014849877024455892,0.325,False,20211,1339,3.1666509161116743,0.9926607608795166,-43.4346923828125,1225.4580078125,True,True,0
1141,85055,1.0,1.0,0,14,481,81687,0.005888329844406087,0.0058198321066616505,0.305,False,76027,9028,1.766726277897548,1.3039506673812866,-38.3675537109375,1222.45751953125,True,True,0
1142,34847,1.0,1.0,0,21,209,33441,0.006249813103675129,0.0066004706422544916,,False,33196,1651,4.218243520059453,1.310850739479065,-76.09130859375,1258.6483154296875,True,True,0
1143,12252,0.9885714285714285,1.0,0,1,49,11585,0.004229607250755287,0.004081299485756265,,False,11888,364,6.851732167323601,0.9649595022201538,-37.80126953125,1238.544677734375,True,True,0
1144,36045,1.0,1.0,0,12,99,32637,0.003033367037411527,0.0030795694151592497,,False,28100,7945,0.7420025259909854,1.0269651412963867,-42.642578125,1224.08935546875,True,True,0
1145,68626,1.0,1.0,0,33,372,64822,0.005738792385301287,0.005901639344262295,,False,56696,11930,0.9970224592206975,1.1072944402694702,-45.08154296875,1238.6080322265625,True,True,0
1146,21135,1.0,1.0,0,1,48,20119,0.002385804463442517,0.002318538847354973,,False,20262,873,4.869238337065102,0.987460196018219,-40.60888671875,1239.8126220703125,True,True,0
1147,1617,0.8342857142857143,0.91,0,0,2,1107,0.0018066847335140017,0.0012376237623762376,,False,1162,455,0.5357814790329761,0.9532827734947205,-39.40771484375,1236.824462890625,True,True,0
1148,27539,0.9714285714285714,1.0,0,5,170,26436,0.006430624905431987,0.006354855109303508,,False,26179,1360,4.0383793279335505,1.1777628660202026,-44.275390625,1244.5240478515625,True,True,0
1149,39983,1.0,1.0,0,7,158,38908,0.004060861519481855,0.00412685708568856,,False,38999,984,8.314791014989577,0.8790850043296814,-41.5936279296875,1245.86474609375,True,True,0
1150,24152,1.0,1.0,0,2,29,23188,0.0012506468863205107,0.0012835907415841995,0.255,False,23234,918,5.309752391595079,1.2777267694473267,-66.6563720703125,1261.5863037109375,True,True,0
1151,148416,1.0,1.0,0,85,1498,144364,0.010376548169903854,0.010666037799413806,0.32,False,133065,15351,1.818528584923628,1.1904300451278687,-41.7255859375,1254.2880859375,True,True,0
1152,34913,1.0,1.0,0,2,137,33429,0.00409823805677705,0.003981439046746104,,False,33006,1907,3.631074567707295,1.000955581665039,-47.547607421875,1250.614501953125,True,True,0
1153,99801,1.0,1.0,0,5,224,96026,0.002332701559994168,0.0022945891783567136,0.1,True,87820,11981,1.5377768900980455,0.8874644041061401,-52.6605224609375,1253.79736328125,True,True,0
1154,15152,0.9371428571428572,0.96,0,0,9,14724,0.0006112469437652812,0.0005940201966866873,0.285,False,14952,200,15.684195898872556,1.0075973272323608,-40.0936279296875,1258.386962890625,True,True,0
1155,137736,1.0,1.0,0,56,1537,133331,0.01152770173478036,0.011565687733691508,,False,116045,21691,1.1223797535080098,1.0655022859573364,61.594482421875,1205.90966796875,True,True,0
1156,40675,1.0,1.0,0,0,8,38959,0.00020534407967350292,0.00019668584353641148,0.03,True,38457,2218,3.6375320272418583,1.0205050706863403,-43.5313720703125,1257.7523193359375,True,True,0
1157,5590,1.0,1.0,0,0,0,4952,0.0,0.0,0.17,False,5327,263,4.24932466037297,0.8981586694717407,-50.20556640625,1261.0889892578125,True,True,0
1158,57322,1.0,1.0,0,8,241,53482,0.004506188998167608,0.0043439577118333595,0.3,False,44484,12838,0.7269414386153537,1.0870897769927979,-70.1448974609375,1252.8485107421875,True,True,0
1159,65251,1.0,1.0,0,18,235,61947,0.0037935654672542657,0.0038773946360153256,0.255,False,58207,7044,1.7335997445956814,1.0878016948699951,-42.400390625,1258.740478515625,True,True,0
1160,18433,0.9142857142857143,0.98,0,0,1,18026,5.547542438699656e-05,5.425347222222222e-05,0.04,True,18256,177,21.638409035453368,0.9688966274261475,-39.844482421875,1265.5345458984375,True,True,0
1161,12647,1.0,1.0,0,0,21,10405,0.0020182604517059105,0.0016606041436027202,,False,9437,3210,0.6167680781935644,1.0382882356643677,-45.489990234375,1256.831298828125,True,True,0
1162,9463,1.0,1.0,0,0,7,7978,0.0008774128854349461,0.0007398013105051786,,False,7989,1474,1.1370718368983628,1.0124614238739014,-52.47802734375,1265.2354736328125,True,True,0
1163,26778,1.0,1.0,0,0,87,24982,0.003482507405331839,0.0032490570265526386,,False,23979,2799,1.7973023187553272,1.1713452339172363,-40.5928955078125,1259.7921142578125,True,True,0
1164,30042,1.0,1.0,0,162,812,28411,0.02858047939178487,0.032422356113311804,,False,28099,1943,3.0339682321388293,1.0172206163406372,-48.10595703125,1266.3720703125,True,True,0
1165,1682,1.0,1.0,0,0,2,1113,0.0017969451931716084,0.001189767995240928,,False,1419,263,1.1319301094554617,1.0635395050048828,-45.4649658203125,1268.59423828125,True,True,0
1166,75299,1.0,1.0,0,21,435,72272,0.006018928492362187,0.006055937740710245,0.34,False,67353,7946,1.7782849347743521,1.0493963956832886,-42.532958984375,1262.8565673828125,True,True,0
1167,1184,0.9485714285714286,1.0,0,0,0,909,0.0,0.0,,False,1134,50,4.758126845725381,1.0656228065490723,-41.0919189453125,1268.348388671875,True,False,0
1168,8579,0.8971428571428571,0.97,0,0,2,8228,0.00024307243558580456,0.00023315458148752622,0.19,False,8479,100,17.7884292437855,0.9191725254058838,-21.727783203125,1268.2091064453125,True,True,0
1169,9833,1.0,1.0,0,0,1,9012,0.00011096316023080337,0.0001017087062652563,0.08,True,9317,516,3.788081892801036,1.0296860933303833,-55.8505859375,1280.7156982421875,True,True,0
1170,66704,1.0,1.0,0,13,123,63198,0.0019462641222823508,0.0020388888056009475,0.14,False,57533,9171,1.3161133438945667,1.0968942642211914,-42.2476806640625,1278.5736083984375,True,True,0
1171,25685,1.0,1.0,0,2,50,23500,0.002127659574468085,0.002024606759071796,,False,21473,4212,1.0695407276583275,1.1186017990112305,-73.7796630859375,1293.2786865234375,True,True,0
1172,20924,1.0,1.0,0,1,43,19475,0.00220795892169448,0.0021029489079003967,,False,19208,1716,2.3483229849546836,1.020207166671753,-41.457763671875,1278.42138671875,True,True,0
1173,142097,1.0,1.0,0,60,778,138337,0.005623947317059066,0.005897421461547123,0.195,False,129886,12211,2.231536920132753,1.1662558317184448,-39.028564453125,1279.00537109375,True,True,0
1174,131591,1.0,1.0,0,95,337,130186,0.0025886039973576267,0.0032829242343643135,0.085,True,129605,1986,13.69100968330869,1.0302499532699585,-41.1024169921875,1276.411376953125,True,True,0
1175,382526,1.0,1.0,0,390,9663,377900,0.025570256681661817,0.026283249460819554,0.27,False,349771,32755,2.240263795039992,1.0798234939575195,-56.823486328125,1286.10888671875,True,True,0
1176,82026,1.0,1.0,0,13,356,78114,0.004557441687789641,0.004498628466930814,0.215,False,69090,12936,1.1204904288374467,1.0469274520874023,-38.28955078125,1280.3037109375,True,True,0
1177,8996,1.0,1.0,0,1,23,7741,0.0029711923524092495,0.0026681489716509172,,False,7965,1031,1.6207651141852428,1.0500606298446655,-42.677734375,1286.92041015625,True,True,0
1178,33482,1.0,1.0,0,0,8,32755,0.000244237520989162,0.00023894148920283146,0.045,True,32971,511,13.536431335177381,1.0220717191696167,-46.273193359375,1297.035888671875,True,True,0
1179,23371,1.0,1.0,0,0,51,21559,0.002365601372976483,0.0021822849807445442,,False,21327,2044,2.1889802484405085,1.0672646760940552,-40.7930908203125,1292.113037109375,True,True,0
1180,25421,1.0,1.0,0,0,33,22655,0.0014566320900463474,0.0012981904012588513,0.235,False,19363,6058,0.6705579902344689,0.7626748085021973,-33.0491943359375,1281.6802978515625,True,True,0
1181,42703,1.0,1.0,0,2,78,40850,0.0019094247246022032,0.0018734485504191842,0.2,False,39774,2929,2.8488715165724217,1.0750230550765991,-41.1583251953125,1296.1441650390625,True,True,0
1182,17316,1.0,1.0,0,0,0,16571,0.0,0.0,0.03,True,16957,359,9.909404052380129,0.9622339010238647,-33.88037109375,1292.916259765625,True,True,0
1183,320087,1.0,1.0,0,256,5875,315990,0.018592360517737903,0.019154227301412745,0.245,False,299799,20288,3.1001585767714395,0.994260311126709,-40.6434326171875,1300.34423828125,True,True,0
1184,19542,1.0,1.0,0,0,11,18810,0.0005847953216374269,0.0005629189908397728,0.18,False,19068,474,8.439559259100342,1.0579371452331543,-45.780517578125,1306.6611328125,True,True,0
1185,9738,1.0,1.0,0,0,12,9053,0.0013255274494642659,0.0012324124473657185,,False,9467,271,7.328853688488352,1.0333002805709839,-42.678466796875,1307.90185546875,True,True,0
1186,81955,1.0,1.0,0,13,496,77986,0.006360115918241736,0.006210801181150401,0.295,False,65959,15996,0.865078727290951,0.985826849937439,-38.88818359375,1306.3292236328125,True,True,0
1187,45816,1.0,1.0,0,1,37,44157,0.0008379192427021763,0.000829422678162174,0.105,False,43667,2149,4.262946733197966,1.043986439704895,-41.0196533203125,1319.0447998046875,True,True,0
1188,30885,1.0,1.0,0,1,61,28604,0.0021325688714865054,0.0020075119803134307,0.24,False,26693,4192,1.3358850137507616,0.9708471298217773,-41.6612548828125,1302.560791015625,True,True,0
1189,3778,0.9714285714285714,1.0,0,0,1,2725,0.0003669724770642202,0.00026476039184537993,,False,2562,1216,0.44201653507134553,0.8831530213356018,-71.0364990234375,1311.02880859375,True,True,0
1190,80582,1.0,1.0,0,12,380,77979,0.0048731068621039,0.004864670331715913,0.255,False,75704,4878,3.255892043902927,1.0461008548736572,-49.780517578125,1321.29443359375,True,True,0
1191,72963,1.0,1.0,0,24,305,69262,0.004403569056625567,0.004522902332721143,0.285,False,59998,12965,0.9708613629077045,1.0076216459274292,-38.4671630859375,1317.1246337890625,True,True,0
1192,95505,1.0,1.0,0,29,719,92416,0.00778003808864266,0.007832132685541967,,False,88299,7206,2.5707183213400056,1.0307056903839111,-46.5797119140625,1335.02734375,True,True,0
1193,30201,1.0,1.0,0,4,30,28539,0.0010511931041732366,0.0011258278145695364,0.22,False,27474,2727,2.113633683406628,1.0421496629714966,-41.535888671875,1334.8179931640625,True,True,0
1194,8173,1.0,1.0,0,0,0,7301,0.0,0.0,0.185,False,7304,869,1.7633314499819468,1.0063272714614868,-42.7603759765625,1339.310302734375,True,True,0
1195,12695,1.0,1.0,0,2,12,11267,0.001065057246827017,0.0011028832519300457,,False,11341,1354,1.7572180330984672,1.0281755924224854,-40.6834716796875,1333.8160400390625,True,True,0
1196,27435,0.9942857142857143,1.0,0,1,4,25738,0.00015541223094257519,0.00018225559524677408,0.04,True,24532,2903,1.7728781419229858,0.9973463416099548,-59.0081787109375,1342.856201171875,True,True,0
1197,83048,1.0,1.0,0,7,310,80664,0.003843102251314093,0.0038171156092333255,0.195,False,78648,4400,3.749971542434362,1.0261808633804321,-45.2265625,1338.6693115234375,True,True,0
1198,18364,1.0,1.0,0,4,8,16766,0.00047715614934987476,0.0006534879921581441,0.24,False,16520,1844,1.8794989682774799,0.8892673850059509,-36.4202880859375,1329.79638671875,True,True,0
1199,72118,1.0,1.0,0,11,263,70580,0.0037262680646075377,0.003799381560519711,0.275,False,69729,2389,6.123366481027187,1.0425766706466675,-40.5941162109375,1336.4222412109375,True,True,0
1200,72709,1.0,1.0,0,0,33,71142,0.00046386101037361894,0.0004538702756230401,0.03,True,70535,2174,6.806723297606469,0.9403326511383057,-40.98486328125,1339.6439208984375,True,True,0
1201,19932,1.0,1.0,0,0,30,18547,0.0016175122661346848,0.0015051929155586775,,False,18231,1701,2.2485323635857797,0.9456250667572021,-39.1044921875,1340.850830078125,True,True,0
1202,44345,1.0,1.0,0,0,40,42897,0.0009324661398232976,0.0009020386072523904,0.09,True,42649,1696,5.275649932701434,1.0329850912094116,-41.889892578125,1343.546142578125,True,True,0
1203,127721,1.0,1.0,0,43,1439,124066,0.011598665226572952,0.011603507673034764,,False,115937,11784,2.064059868165125,1.0439707040786743,-38.7601318359375,1339.829833984375,True,True,0
1204,5307,0.9885714285714285,1.0,0,0,6,4552,0.0013181019332161687,0.0011307953260459858,,False,4683,624,1.5744632695227327,0.8785240650177002,-28.8841552734375,1340.37451171875,True,True,0
1205,16270,0.9428571428571428,0.98,0,0,0,15501,0.0,0.0,0.05,True,15437,833,3.887862241058472,0.9256636500358582,-46.8603515625,1349.9864501953125,True,True,0
1206,127264,1.0,1.0,0,19,112,125714,0.0008909111157070812,0.0010293643871353024,0.04,True,124335,2929,8.905678081486199,0.9965749979019165,-50.03369140625,1353.30322265625,True,True,0
1207,69287,1.0,1.0,0,11,421,67340,0.006251856251856252,0.006235025834945011,,False,66278,3009,4.621044730021969,1.238970160484314,-36.294677734375,1339.8685302734375,True,True,0
1208,4002,1.0,1.0,0,1,1,3270,0.0003058103975535168,0.0004998750312421895,,False,3621,381,1.9938685104606841,0.9845190048217773,-48.6331787109375,1360.8798828125,True,True,0
1209,4305,0.9371428571428572,0.99,0,0,0,3694,0.0,0.0,0.33,False,3807,498,1.6037863005528754,0.9206811189651489,-52.8780517578125,1363.911376953125,True,True,0
1210,47208,1.0,1.0,0,1,130,45605,0.0028505646310711544,0.002775012180396975,0.24,False,45070,2138,4.422550722725481,1.0090912580490112,-42.32958984375,1358.731201171875,True,True,0
1211,27566,1.0,1.0,0,4,37,26190,0.0014127529591447118,0.0014873934337021584,0.315,False,25485,2081,2.569245018194163,1.1337947845458984,-47.9476318359375,1356.953857421875,True,True,0
1212,146044,1.0,1.0,0,16,429,142765,0.0030049381851294083,0.0030470477872955224,0.095,True,138010,8034,3.6038913869722107,1.1489598751068115,-42.7523193359375,1359.7998046875,True,True,0
1213,31965,1.0,1.0,0,2,120,30021,0.00399720195862896,0.003816793893129771,,False,29176,2789,2.1946749236399823,1.091931700706482,-39.99658203125,1359.9794921875,True,True,0
1214,31505,1.0,1.0,0,5,72,29303,0.0024570863051564685,0.0024441340782122905,,False,27953,3552,1.651005168344952,1.0051456689834595,-43.049072265625,1362.36181640625,True,True,0
1215,23960,0.9885714285714285,1.0,0,0,2,23152,8.638562543192812e-05,8.347593806085395e-05,0.05,True,23139,821,5.912816406801595,0.9855664968490601,-43.657470703125,1380.0303955078125,True,True,0
1216,85893,1.0,1.0,0,4,164,84054,0.0019511266566730912,0.0019559446747077726,0.095,True,83300,2593,6.739620614871478,1.032852292060852,-49.509033203125,1372.8143310546875,True,True,0
1217,74021,1.0,1.0,0,24,203,71624,0.0028342455043002344,0.0030667387192650636,0.19,False,69227,4794,3.0294964453383364,1.063919186592102,-44.7615966796875,1380.8153076171875,True,True,0
1218,54537,1.0,1.0,0,12,298,52298,0.005698114650655857,0.0056843186152266394,,False,50765,3772,2.8234862156506524,1.0258890390396118,-41.4595947265625,1377.2125244140625,True,True,0
1219,16248,1.0,1.0,0,1,13,14882,0.0008735385028893966,0.0008616975441619991,0.335,False,14814,1434,2.167285644568412,1.0023648738861084,-39.185791015625,1378.43603515625,True,True,0
1220,102380,1.0,1.0,0,29,520,99552,0.005223400835744134,0.005362427841647213,0.23,False,95102,7278,2.7413883598984694,0.9187687039375305,-37.644287109375,1373.422607421875,True,True,0
1221,69579,1.0,1.0,0,10,77,68018,0.001132053280014114,0.001250395239874673,0.095,True,67091,2488,5.6572693232021924,1.046718716621399,-39.4176025390625,1379.087890625,True,True,0
1222,38412,1.0,1.0,0,4,133,36356,0.003658268236329629,0.003566686626226862,,False,34928,3484,2.103238569913661,1.0328571796417236,-39.22900390625,1379.194580078125,True,True,0
1223,26275,1.0,1.0,0,6,138,25158,0.005485332697352731,0.005480703356930806,,False,25114,1161,4.538126896154232,1.000661849975586,-38.8519287109375,1379.06982421875,True,True,0
1224,20518,1.0,1.0,0,3,59,19559,0.003016514136714556,0.0030218842910756934,,False,19740,778,5.323049646507973,1.0263566970825195,-36.4173583984375,1377.999755859375,True,True,0
1225,5063,1.0,1.0,0,0,5,4110,0.0012165450121654502,0.0009877518767285659,,False,4118,945,0.9142132242797012,0.9058580994606018,-41.80322265625,1383.341552734375,True,True,0
1226,28390,1.0,1.0,0,2,20,27445,0.0007287301876480233,0.0007749480432561908,0.165,False,27178,1212,4.704438980751147,0.9651063680648804,-41.90478515625,1385.2840576171875,True,True,0
1227,66443,1.0,1.0,0,10,234,64345,0.003636646204056259,0.003672375906805936,0.255,False,63359,3084,4.310095669552279,1.0645502805709839,-50.2510986328125,1397.792236328125,True,True,0
1228,43922,1.0,1.0,0,10,140,41016,0.00341330212599961,0.0034152227863664306,,False,37866,6056,1.3117664812444034,0.8886762261390686,-41.9632568359375,1400.571533203125,True,True,0
1229,26082,0.9257142857142857,0.98,0,0,4,25381,0.00015759820338048146,0.0001533683524404739,0.05,True,25323,759,6.999489146950518,0.932308554649353,-36.8818359375,1410.9007568359375,True,True,0
1230,50482,1.0,1.0,0,5,140,48834,0.0028668550599991807,0.002872367821556625,0.245,False,48276,2206,4.591120968871143,1.025670051574707,-40.68115234375,1415.43408203125,True,True,0
1231,51221,1.0,1.0,0,4,215,48482,0.004434635534837672,0.004275673565013667,,False,45270,5951,1.595928791079442,1.0181574821472168,-40.3702392578125,1402.171630859375,True,True,0
1232,97294,1.0,1.0,0,28,683,94668,0.007214687117082858,0.007307822762171996,0.29,False,92155,5139,3.7621252587916807,1.007434606552124,-45.3590087890625,1415.93359375,True,True,0
1233,9112,1.0,1.0,0,3,16,8197,0.0019519336342564352,0.002085391285259576,,False,8298,814,2.1386612026436187,0.9575187563896179,-36.3533935546875,1401.644287109375,True,True,0
1234,14998,1.0,1.0,0,0,8,13845,0.000577825929938606,0.0005334400213376009,0.21,False,13889,1109,2.6274375185980277,0.9638678431510925,-38.2813720703125,1415.38623046875,True,True,0
1235,9387,0.9542857142857143,0.99,0,1,3,8461,0.00035456801796477955,0.0004261666311527807,,False,8283,1104,1.5740247370130478,1.1966673135757446,-76.86669921875,1438.589599609375,True,True,0
1236,1251,0.3314285714285714,0.44,0,0,0,1116,0.0,0.0,,False,1162,89,2.739107561348361,1.4009522199630737,-41.4127197265625,1435.2998046875,True,False,0
1237,63077,1.0,1.0,0,8,283,61172,0.004626299614202576,0.004613482148519247,0.305,False,60725,2352,5.416555175877069,1.0100387334823608,-39.065185546875,1419.3154296875,True,True,0
1238,53220,1.0,1.0,0,7,184,51397,0.0035799754849504834,0.003588943798267536,0.285,False,50669,2551,4.167012852207548,1.1126465797424316,-38.3572998046875,1418.90087890625,True,True,0
1239,29796,1.0,1.0,0,0,39,28045,0.001390622214298449,0.0013089444537674106,0.225,False,26899,2897,1.947962558469338,0.9506192803382874,-35.1392822265625,1416.4625244140625,True,True,0
1240,53054,0.6971428571428572,0.77,0,0,1,52339,1.9106211429335678e-05,1.884907545284904e-05,0.01,True,51659,1395,7.768993404364527,0.997235119342804,-52.06103515625,1431.9921875,True,True,0
1241,71878,1.0,1.0,0,16,280,70189,0.003989229081480004,0.0041181462776687956,0.255,False,69383,2495,5.834121769764646,0.9335448741912842,-40.0001220703125,1425.838134765625,True,True,0
1242,26704,1.0,1.0,0,1,16,25788,0.0006204436171862882,0.0006366325880987155,0.165,False,25962,742,7.340526412760353,0.8889834880828857,-50.01123046875,1428.35498046875,True,True,0
1243,80642,1.0,1.0,0,4,192,78989,0.002430718201268531,0.00243052541511142,0.145,False,78428,2214,7.431671236283579,1.1148358583450317,-38.81005859375,1425.0335693359375,True,True,0
1244,14139,1.0,1.0,0,4,19,12659,0.0015009084445848804,0.0016268213325788656,,False,12245,1894,1.356350026396997,0.9110351800918579,-39.443603515625,1423.405029296875,True,True,0
1245,185,0.12571428571428572,0.16,0,0,0,148,0.0,0.0,,False,165,20,1.7308001092255028,1.167154312133789,-36.7459716796875,1435.7620849609375,True,False,0
1246,101934,1.0,1.0,0,13,622,99563,0.006247300704076816,0.0062295821765277195,0.215,False,97466,4468,4.576494491353269,0.9763569235801697,-43.588623046875,1437.550048828125,True,True,0
1247,6359,0.7485714285714286,0.81,0,0,0,5933,0.0,0.0,0.2,False,5910,449,2.7614304233036973,1.0463975667953491,-61.170654296875,1449.385986328125,True,True,0
1248,10679,1.0,1.0,0,0,4,8882,0.00045034902049088043,0.00037460198539052256,0.24,False,6917,3762,0.38573757851280915,0.7381530404090881,-34.2425537109375,1426.982666015625,True,True,0
1249,11882,0.9885714285714285,1.0,0,0,8,11061,0.0007232619112196004,0.0006733439946132481,,False,11088,794,2.929717061459793,1.0428268909454346,-35.6895751953125,1449.17138671875,True,True,0
1250,68716,1.0,1.0,0,13,400,65883,0.006071368941912177,0.006010332532925853,,False,62480,6236,2.101976613299306,1.0161195993423462,-42.9969482421875,1450.0482177734375,True,True,0
1251,19391,1.0,1.0,0,0,31,18557,0.0016705286414829983,0.0015987622485817432,0.265,False,18904,487,8.14362398476732,1.038488745689392,-40.81640625,1442.4024658203125,True,True,0
1252,850,0.4685714285714286,0.53,0,0,0,660,0.0,0.0,,False,679,171,0.8330414844331854,1.0977394580841064,-38.756591796875,1445.324951171875,True,True,0
1253,270,0.5142857142857142,0.63,0,0,0,107,0.0,0.0,,False,18,252,0.014985282330956735,0.778415858745575,-31.051513671875,1408.85986328125,True,False,0
1254,204315,1.0,1.0,0,46,2119,201466,0.01051790376539962,0.010596434899223744,0.17,False,197364,6951,5.956808181202305,0.9223667979240417,-41.125732421875,1443.1705322265625,True,True,0
1255,23623,1.0,1.0,0,3,62,21270,0.002914903620122238,0.0027516721700110067,,False,19376,4247,0.9571385981221209,1.0181928873062134,-39.5859375,1458.507568359375,True,True,0
1256,49984,1.0,1.0,0,9,140,48419,0.0028914269191846176,0.002981013544605166,0.245,False,48055,1929,5.226359976048607,0.9017109274864197,-33.5003662109375,1469.207763671875,True,True,0
1257,15962,0.9942857142857143,1.0,0,8,35,14735,0.0023752969121140144,0.002694066787795251,,False,14642,1320,2.3271235261046654,0.9501580595970154,-40.296875,1461.5565185546875,True,True,0
1258,179,0.34285714285714286,0.55,0,0,0,108,0.0,0.0,,False,153,26,1.2345567212657431,0.8291276693344116,-42.8529052734375,1456.836669921875,True,False,0
1259,15044,0.9942857142857143,1.0,0,2,10,14140,0.0007072135785007072,0.0007977132220966563,,False,13937,1107,2.6412812266048924,0.9583761692047119,-40.8753662109375,1461.220947265625,True,True,0
1260,18183,1.0,1.0,0,0,9,16939,0.0005313182596375229,0.0004949950500494995,0.17,False,16952,1231,2.88905530872567,0.9194004535675049,-52.719970703125,1472.9769287109375,True,True,0
1261,33682,1.0,1.0,0,0,21,32149,0.0006532084979315064,0.0006234969270508595,0.12,False,31938,1744,3.841972052296643,0.9317704439163208,-43.808349609375,1472.61279296875,True,True,0
1262,111785,1.0,1.0,0,2,117,109162,0.0010718015426613658,0.0010645530666284978,0.035,True,106133,5652,3.9395013402052426,0.8929868340492249,-41.6993408203125,1474.5343017578125,True,True,0
1263,1216,0.6914285714285714,0.78,0,0,1,600,0.0016666666666666668,0.0008230452674897119,,False,58,1158,0.010507814553313356,0.873225212097168,-12.783447265625,1443.5947265625,True,False,0
1264,24828,1.0,1.0,0,1,50,22373,0.0022348366334420952,0.0020542151689692673,,False,20021,4807,0.8737850479869329,0.8626949191093445,-37.4013671875,1477.3837890625,True,True,0
1265,7933,0.9714285714285714,1.0,0,0,4,6433,0.000621793875330328,0.0005042864346949068,,False,4676,3257,0.30119635324339933,0.9005768299102783,-70.0736083984375,1479.798095703125,True,True,0
1266,9221,1.0,1.0,0,0,7,8088,0.0008654797230464886,0.0007592190889370933,,False,7969,1252,1.335341859852651,0.8636400699615479,-40.5966796875,1485.04052734375,True,True,0
1267,9547,1.0,1.0,0,1,9,8339,0.0010792660990526443,0.001047559187094071,,False,8322,1225,1.4252287949511078,0.8153160214424133,-32.281005859375,1488.4093017578125,True,True,0
1268,22682,1.0,1.0,0,14,66,20130,0.003278688524590164,0.003527181341210705,,False,18080,4602,0.8242230907457123,0.9820043444633484,-40.763916015625,1497.28857421875,True,True,0
1269,87164,1.0,1.0,0,2,39,84851,0.00045962923241918186,0.0004703830753874924,0.03,True,82515,4649,3.723628307495059,1.0251877307891846,-36.76611328125,1507.6610107421875,True,True,0
1270,869,0.5771428571428572,0.71,0,0,0,670,0.0,0.0,,False,748,121,1.296908070824619,1.0725663900375366,-36.2972412109375,1499.444091796875,True,True,0
1271,8429,1.0,1.0,0,1,5,6228,0.0008028259473346178,0.0007119126720455624,,False,4806,3623,0.27829691867405265,0.981067419052124,-72.2806396484375,1502.414306640625,True,True,0
1272,19048,1.0,1.0,0,3,34,16745,0.0020304568527918783,0.0019425631333018323,,False,14811,4237,0.7333628115301399,0.9887077212333679,-41.882568359375,1501.101318359375,True,True,0
1273,19099,1.0,1.0,0,7,35,16715,0.0020939276099311995,0.002199183160540371,,False,14490,4609,0.6595605063262926,0.9283629059791565,-44.2919921875,1511.47802734375,True,True,0
1274,16295,1.0,1.0,0,0,17,14000,0.0012142857142857142,0.0010433288326991532,,False,12294,4001,0.6446405532804173,1.159423828125,-39.4854736328125,1518.118408203125,True,True,0
1275,3570,1.0,1.0,0,0,2,2888,0.0006925207756232687,0.0005603810591202018,,False,3084,486,1.3312850821427735,1.2749502658843994,-39.40478515625,1520.1494140625,True,True,0
1276,1020,0.92,0.96,0,0,0,490,0.0,0.0,,False,548,472,0.2435743348370764,1.1166490316390991,-51.9163818359375,1507.10986328125,True,True,0
1277,23488,1.0,1.0,0,8,49,20961,0.0023376747292591002,0.002426874441180227,,False,18384,5104,0.7556528262563322,0.9818565249443054,-39.4949951171875,1533.3087158203125,True,True,0
1278,18878,1.0,1.0,0,4,33,17588,0.0018762792813281782,0.0019600572124807967,,False,17608,1270,2.908702297613233,0.8940991163253784,-39.815673828125,1536.8599853515625,True,True,0
1279,9359,0.9885714285714285,1.0,0,0,1,8227,0.00012155099064057372,0.00010686044026501389,0.235,False,8219,1140,1.5125407865735678,0.9976645708084106,-43.4815673828125,1537.89599609375,True,True,0
1280,22623,1.0,1.0,0,5,74,20267,0.003651255735925396,0.003492175758111573,,False,18121,4502,0.8444416294246418,1.0667353868484497,-63.0494384765625,1541.608154296875,True,True,0
1281,6360,0.9371428571428572,0.98,0,0,0,5707,0.0,0.0,0.3,False,5669,691,1.7211605173353286,1.0966558456420898,-37.1749267578125,1538.25390625,True,True,0
1282,63161,1.0,1.0,0,72,274,60150,0.00455527847049044,0.0054781507283090565,,False,56426,6735,1.7576590306298299,0.9996894001960754,-38.61181640625,1539.95947265625,True,True,0
1283,11338,1.0,1.0,0,14,11,10353,0.0010624939631024824,0.002205168915938961,,False,10340,998,2.1736167036365703,0.9834424257278442,-34.5704345703125,1539.521728515625,True,True,0
1284,6588,0.9942857142857143,1.0,0,0,8,4995,0.0016016016016016017,0.0012145134355548808,,False,4966,1622,0.6423161336482343,1.0649476051330566,-41.786865234375,1543.5283203125,True,True,0
1285,10608,0.9942857142857143,1.0,0,0,11,8603,0.0012786237359060793,0.0010370510040539267,,False,6529,4079,0.33580404921388357,0.8360349535942078,-39.349365234375,1538.9814453125,True,True,0
1286,840,0.5028571428571429,0.66,0,0,0,737,0.0,0.0,,False,799,41,4.088423613514196,1.139925241470337,-73.6534423828125,1580.034423828125,True,False,0
1287,30204,1.0,1.0,0,10,100,27372,0.0036533684056700277,0.003642022315664007,,False,23744,6460,0.771106441381937,1.02580988407135,-39.0401611328125,1556.840576171875,True,True,0
1288,18972,1.0,1.0,0,73,73,17066,0.004277510840267198,0.007695956986980127,,False,16325,2647,1.2938746795391618,0.9861196875572205,-47.9310302734375,1574.2197265625,True,True,0
1289,3370,0.7485714285714286,0.79,0,0,0,3128,0.0,0.0,,False,3290,80,8.62777630204834,1.1722723245620728,-78.222900390625,1582.62353515625,True,False,0
1290,988,0.64,0.73,0,0,0,546,0.0,0.0,,False,234,754,0.0651084680586396,1.0167267322540283,-37.856689453125,1520.8302001953125,True,True,0
1291,2189,0.9085714285714286,0.97,0,0,3,1549,0.001936733376371853,0.0013711151736745886,,False,1573,616,0.5357238433317032,0.9869627356529236,-42.1807861328125,1559.9942626953125,True,True,0
1292,11009,1.0,1.0,0,1,13,9424,0.0013794567062818336,0.0012718023255813954,,False,9075,1934,0.9844261221034399,1.0034698247909546,-43.2108154296875,1577.175048828125,True,True,0
1293,11491,1.0,1.0,0,0,10,10467,0.0009553835865099838,0.0008703220191470844,,False,10742,749,3.0088206130679858,1.0773359537124634,-43.8111572265625,1579.8388671875,True,True,0
1294,3991,0.6685714285714286,0.71,0,0,0,3787,0.0,0.0,,False,3959,32,25.955445577362745,1.1023664474487305,-40.207763671875,1576.8419189453125,True,False,0
1295,1458,0.6057142857142858,0.72,0,0,0,1187,0.0,0.0,,False,1318,140,1.9750602112200972,1.170138955116272,-40.1064453125,1578.6376953125,True,True,0
1296,4824,0.9542857142857143,0.98,0,0,0,4064,0.0,0.0,,False,3893,931,0.8772587084874371,1.0263116359710693,-34.8974609375,1568.7796630859375,True,True,0
1297,4694,0.9142857142857143,0.98,0,0,1,3966,0.0002521432173474534,0.00021308331557639036,,False,3628,1066,0.7140079363545538,1.0668997764587402,-37.3212890625,1574.293212890625,True,True,0
1298,47881,1.0,1.0,0,5,95,45914,0.0020690856819270812,0.0020885547201336674,0.185,False,45109,2772,3.413995457914784,1.2114607095718384,-41.724365234375,1579.939697265625,True,True,0
1299,9633,1.0,1.0,0,1,17,8358,0.0020339794209140944,0.0018687707641196014,,False,7698,1935,0.834622143344635,0.9158732891082764,-43.30029296875,1578.9842529296875,True,True,0
1300,5628,1.0,1.0,0,2,7,4948,0.0014147130153597412,0.0015994313133108227,,False,5278,350,3.1636928057115856,1.0050350427627563,-44.239501953125,1581.634521484375,True,True,0
1301,25747,1.0,1.0,0,2,16,24591,0.0006506445447521451,0.0006991377301328362,0.14,False,24327,1420,3.5941249899384378,1.0286943912506104,-58.77880859375,1602.48095703125,True,True,0
1302,23138,1.0,1.0,0,8,74,20724,0.0035707392395290484,0.0035441068418550375,,False,18542,4596,0.8463880482437764,0.9534781575202942,-40.5631103515625,1583.83349609375,True,True,0
1303,1420,0.56,0.68,0,0,0,1276,0.0,0.0,,False,1346,74,3.815981895196604,1.116200566291809,-36.8565673828125,1594.540283203125,True,False,0
1304,23032,1.0,1.0,0,3,46,21233,0.002166439033579805,0.002127567192045504,,False,20505,2527,1.7023446769876331,1.0207473039627075,-45.456787109375,1588.17431640625,True,True,0
1305,6711,1.0,1.0,0,1,2,6076,0.0003291639236339697,0.00044709388971684054,,False,6353,358,3.722963634301547,1.024022102355957,-43.529541015625,1601.72412109375,True,True,0
1306,6587,1.0,1.0,0,14,8,5941,0.0013465746507322,0.0033404190707561495,,False,6290,297,4.44311098338064,1.1426762342453003,-45.5294189453125,1600.515869140625,True,True,0
1307,2308,0.5885714285714285,0.68,0,0,0,2085,0.0,0.0,,False,2235,73,6.423143618296386,1.0646295547485352,-52.601806640625,1605.49658203125,True,False,0
1308,11826,1.0,1.0,0,4,33,11097,0.0029737766964044337,0.0031289640591966174,,False,11370,456,5.231046582108976,1.0247076749801636,-41.28125,1600.226806640625,True,True,0
1309,26661,1.0,1.0,0,3,110,24773,0.004440318088241231,0.004238559639909978,,False,23901,2760,1.8167700224241872,1.1874496936798096,-41.4923095703125,1601.1724853515625,True,True,0
1310,7027,0.9828571428571429,1.0,0,0,5,5504,0.0009084302325581395,0.0007116424708226587,,False,3943,3084,0.2682287792585842,1.1210662126541138,-56.19580078125,1584.94921875,True,True,0
1311,14069,1.0,1.0,0,1,8,13229,0.0006047320281200394,0.0006397497867500711,,False,13568,501,5.6816054876844175,1.0776805877685547,-34.4097900390625,1600.2481689453125,True,True,0
1312,49844,0.8857142857142857,0.92,0,0,6,49255,0.00012181504415795351,0.00012037798687879943,0.02,True,49013,831,12.37380385128827,1.0235413312911987,-52.5352783203125,1610.499267578125,True,True,0
1313,788,0.8914285714285715,0.95,0,0,2,546,0.003663003663003663,0.0025412960609911056,,False,753,35,4.513567038084168,1.1087678670883179,-37.1240234375,1604.3406982421875,True,False,0
1314,3172,1.0,1.0,0,0,1,2549,0.00039231071008238524,0.000315357931251971,,False,2705,467,1.2151876699643072,1.2148867845535278,-41.6868896484375,1602.34912109375,True,True,0
1315,2901,0.96,0.99,0,0,2,2506,0.0007980845969672786,0.000689655172413793,,False,2819,82,7.212306737482175,1.0213831663131714,-44.290283203125,1602.735107421875,True,False,0
1316,93119,1.0,1.0,0,3,109,91802,0.0011873379664931046,0.0012027749736892974,0.055,True,91572,1547,12.418391616383438,0.9856747984886169,-40.2801513671875,1607.8607177734375,True,True,0
1317,6879,1.0,1.0,0,11,25,5783,0.004323015735777278,0.005234079674323932,,False,4994,1885,0.5558148538202499,1.1447454690933228,-39.654052734375,1595.2225341796875,True,True,0
1318,46629,0.8685714285714285,0.89,0,0,6,46173,0.00012994607237996233,0.00012867804752509222,0.02,True,46339,290,33.52290334854778,1.079262614250183,-38.9757080078125,1601.60498046875,True,True,0
1319,32608,1.0,1.0,0,4,144,31438,0.004580444048603601,0.0045389026896065264,,False,31501,1107,5.969936135415133,1.4524681568145752,-40.5482177734375,1603.336181640625,True,True,0
1320,51937,1.0,1.0,0,3,59,50837,0.0011605720243130003,0.001193776956253851,0.13,False,50842,1095,9.740953552316924,1.011404037475586,-40.306396484375,1601.4683837890625,True,True,0
1321,6807,0.9771428571428571,1.0,0,0,1,6409,0.00015603058199407084,0.00014692918013517486,,False,6730,77,18.336536379516147,1.0689338445663452,-37.448974609375,1606.3831787109375,True,False,0
1322,28827,1.0,1.0,0,3,67,27286,0.0024554716704537124,0.0024283632831471587,,False,26966,1861,3.0399267741601883,1.1290926933288574,-45.039794921875,1608.48974609375,True,True,0
1323,1704,0.6228571428571429,0.67,0,0,0,1524,0.0,0.0,,False,1674,30,11.706502556943398,0.9864311814308167,-61.880859375,1628.986572265625,True,False,0
1324,14020,1.0,1.0,0,2,28,12949,0.0021623291373851264,0.0021399529210357373,,False,13182,838,3.3001239661257795,1.1653443574905396,-36.128173828125,1603.9578857421875,True,True,0
1325,1940,0.9028571428571428,0.96,0,0,2,1667,0.0011997600479904018,0.0010314595152140279,,False,1887,53,7.469456389041792,0.9368020296096802,-41.84423828125,1602.976318359375,True,False,0
1326,20069,1.0,1.0,0,19,51,18076,0.0028214206682894444,0.003488140322902133,,False,16871,3198,1.1067647826385225,1.016209363937378,-40.537353515625,1614.8914794921875,True,True,0
1327,19435,1.0,1.0,0,1,36,18755,0.0019194881364969342,0.0019038797982916537,,False,19077,358,11.179439202199058,0.9378834962844849,-41.264404296875,1604.2867431640625,True,True,0
1328,16525,1.0,1.0,0,8,53,15312,0.003461337513061651,0.003691600096828855,,False,15214,1311,2.4346340162963083,1.3046427965164185,-36.2230224609375,1617.6112060546875,True,True,0
1329,11402,0.7657142857142857,0.79,0,1,3,11086,0.0002706115821757171,0.00035084641698096656,0.26,False,11299,103,23.01419292043419,1.0813162326812744,-41.7955322265625,1617.1658935546875,True,True,0
1330,14355,1.0,1.0,0,2,43,13350,0.0032209737827715358,0.003135014630068274,,False,13519,836,3.3925890498215994,1.2116910219192505,-15.84912109375,1605.214111328125,True,True,0
1331,17865,1.0,1.0,0,1,49,15394,0.003183058334416006,0.0027989252127183163,,False,11896,5969,0.4181117206444728,1.0210121870040894,-34.1319580078125,1612.3162841796875,True,True,0
1332,7600,0.9942857142857143,1.0,0,0,6,7053,0.0008507018290089324,0.0007895775759968417,,False,7270,330,4.6218243504387155,1.217228651046753,-31.07763671875,1616.743408203125,True,True,0
1333,14691,1.0,1.0,0,5,42,13366,0.0031423013616639233,0.0031994554118447926,,False,12836,1855,1.4517062943408348,1.1255042552947998,-39.8587646484375,1619.1546630859375,True,True,0
1334,3624,1.0,1.0,0,0,5,2952,0.0016937669376693768,0.001380071763731714,,False,3290,334,2.066533245999602,1.2648253440856934,-32.5458984375,1617.405517578125,True,True,0
1335,941,0.34285714285714286,0.42,0,0,0,839,0.0,0.0,,False,927,14,13.89135672079689,0.9062926173210144,-40.790283203125,1625.2100830078125,True,False,0
1336,8471,1.0,1.0,0,10,20,7425,0.0026936026936026937,0.0035419126328217238,,False,7510,961,1.6394928036178886,1.213931679725647,-37.7611083984375,1618.991455078125,True,True,0
1337,9254,1.0,1.0,0,0,19,8337,0.0022789972412138658,0.002053388090349076,,False,8401,853,2.0662121876590214,1.2369521856307983,-36.9837646484375,1619.455322265625,True,True,0
1338,10327,1.0,1.0,0,0,8,9716,0.0008233841086867024,0.0007747433662599264,,False,10058,269,7.844266080247879,1.0494704246520996,-45.201416015625,1637.8170166015625,True,True,0
1339,23672,1.0,1.0,0,4,52,22606,0.0023002742634698754,0.0023657640150395,,False,22736,936,5.096020627214585,0.9597650170326233,-37.8524169921875,1622.18994140625,True,True,0
1340,14976,1.0,1.0,0,3,26,13359,0.0019462534620854855,0.0019365609348914858,,False,12567,2409,1.0944294739493008,1.24873685836792,-35.091796875,1634.154296875,True,True,0
1341,1949,1.0,1.0,0,0,1,1366,0.0007320644216691069,0.000513347022587269,,False,1658,291,1.1953208710177583,0.990453839302063,-38.48681640625,1634.1829833984375,True,True,0
1342,9701,0.9828571428571429,0.98,0,0,11,8276,0.0013291445142580957,0.001134020618556701,,False,7786,1915,0.8529794857460092,1.137833595275879,-42.9354248046875,1630.3697509765625,True,True,0
1343,12245,1.0,1.0,0,2,9,10666,0.0008438027376711045,0.0008983992159425024,,False,7734,4511,0.35968663925219935,1.3456315994262695,-41.2178955078125,1629.5045166015625,True,True,0
1344,14333,0.9942857142857143,1.0,0,0,13,13432,0.0009678379988088148,0.000907061121964834,0.275,False,13604,729,3.91500264969094,1.1223257780075073,-41.143798828125,1641.4437255859375,True,True,0
1345,21422,1.0,1.0,0,11,71,19582,0.0036257787764273314,0.00382801923346249,,False,18833,2589,1.5260909656024388,1.006657361984253,-45.6531982421875,1657.6058349609375,True,True,0
1346,25854,1.0,1.0,0,1,55,23506,0.0023398281289883434,0.002166092909913743,,False,21225,4629,0.9619521807396401,1.0916248559951782,-41.3822021484375,1641.718505859375,True,True,0
1347,6749,0.9657142857142857,0.99,0,0,4,4726,0.0008463817181548879,0.0005927682276229994,,False,1433,5316,0.05655280927833973,1.002763032913208,-44.005126953125,1617.9337158203125,True,True,0
1348,36131,1.0,1.0,0,7,50,33988,0.0014711074496881252,0.0015776363133130362,0.23,False,32776,3355,2.0495399676638244,1.0906051397323608,-40.2115478515625,1659.18603515625,True,True,0
1349,4018,0.7428571428571429,0.79,0,0,0,2985,0.0,0.0,,False,2104,1914,0.23061989359491195,1.0251175165176392,-41.1925048828125,1655.097412109375,True,True,0
1350,14209,1.0,1.0,0,0,17,13049,0.0013027818223618668,0.001196509009009009,,False,13121,1088,2.5300610776679835,0.9774214029312134,-32.9871826171875,1660.1983642578125,True,True,0
1351,7645,1.0,1.0,0,2,1,6484,0.00015422578655151142,0.0003924646781789639,,False,6498,1147,1.1885275538027864,1.0581707954406738,-40.367919921875,1660.2841796875,True,True,0
1352,12241,1.0,1.0,0,0,13,10914,0.0011911306578706248,0.0010620915032679738,,False,10614,1627,1.3686250849728623,1.046829104423523,-41.7498779296875,1676.9884033203125,True,True,0
1353,11305,1.0,1.0,0,0,0,10493,0.0,0.0,0.08,True,10786,519,4.359995323899404,0.9481419920921326,-39.405029296875,1670.34814453125,True,True,0
1354,269,0.4228571428571429,0.56,0,0,0,176,0.0,0.0,,False,249,20,2.6119347102857584,1.0288918018341064,-38.7510986328125,1673.4212646484375,True,False,0
1355,14378,0.9942857142857143,1.0,0,0,10,13937,0.0007175145296692258,0.0006955554009876886,0.315,False,14238,140,21.336044982816198,1.093246340751648,-40.3876953125,1679.48876953125,True,True,0
1356,1598,1.0,1.0,0,0,0,1146,0.0,0.0,,False,1449,149,2.040210989032136,1.01703679561615,-33.5145263671875,1669.044189453125,True,True,0
1357,4568,0.9942857142857143,1.0,0,0,1,4040,0.00024752475247524753,0.0002189621195533173,,False,4334,234,3.8856709004834653,1.0990952253341675,-40.499267578125,1678.86328125,True,True,0
1358,38841,1.0,1.0,0,3,31,36853,0.0008411798225381922,0.0008753861997940267,0.11,False,35603,3238,2.3067616107494553,1.039991855621338,-37.9150390625,1679.548828125,True,True,0
1359,13327,0.8,0.82,0,0,0,12590,0.0,0.0,0.055,True,12129,1198,2.12403243029252,1.133925437927246,-41.257568359375,1683.343994140625,True,True,0
1360,24050,1.0,1.0,0,1,47,22259,0.0021115054584662386,0.0019959249864859247,,False,21677,2373,1.9164363722014697,0.9956490993499756,-44.5751953125,1694.46533203125,True,True,0
1361,3358,0.7771428571428571,0.84,0,0,0,2699,0.0,0.0,,False,2382,976,0.5120176180048618,1.0049411058425903,-38.31787109375,1690.1685791015625,True,True,0
1362,8393,0.9942857142857143,0.99,0,3,18,7707,0.0023355391202802647,0.0025023832221163014,,False,8047,346,4.879225250985328,1.3947123289108276,-36.485107421875,1687.4273681640625,True,True,0
1363,17346,1.0,1.0,0,1,17,15329,0.0011090090677800249,0.0010377630441049293,,False,14026,3320,0.8863162589265023,0.9631034731864929,-50.2471923828125,1694.29248046875,True,True,0
1364,5857,0.9714285714285714,0.99,0,1,4,4329,0.000924000924000924,0.0008538251366120218,,False,1037,4820,0.045136167817599555,0.841568648815155,-35.7694091796875,1661.755859375,True,True,0
1365,1739,0.9028571428571428,0.98,0,0,1,1454,0.000687757909215956,0.0005753739930955121,,False,1643,96,3.590536085173612,0.8982660174369812,-36.287353515625,1696.579345703125,True,False,0
1366,17293,1.0,1.0,0,1,26,15821,0.0016433853738701725,0.001561415683553088,,False,15619,1674,1.9574502665358333,0.9056291580200195,-40.4488525390625,1699.949462890625,True,True,0
1367,10474,0.9828571428571429,0.99,0,1,4,8538,0.00046849379245724994,0.0004774181227919412,,False,6441,4033,0.335056496134811,0.8968452215194702,-34.3138427734375,1696.228515625,True,True,0
1368,90634,1.0,1.0,0,4,55,89242,0.0006163017413325564,0.0006509770172012402,0.035,True,88481,2153,8.621820122134396,1.1075812578201294,-36.437255859375,1713.94580078125,True,True,0
1369,38916,0.9771428571428571,0.99,0,0,0,38243,0.0,0.0,0.005,True,38316,600,13.397441815168557,1.117154598236084,-40.986572265625,1722.45166015625,True,True,0
1370,30994,0.9371428571428572,0.95,0,0,0,30403,0.0,0.0,0.01,True,30551,443,14.468205523482682,1.0525145530700684,-37.443603515625,1720.717529296875,True,True,0
1371,14868,1.0,1.0,0,1,19,13174,0.001442234704721421,0.0013452613170108294,0.335,False,11278,3590,0.6590685787742119,1.191936731338501,-38.20556640625,1718.571533203125,True,True,0
1372,644,0.8685714285714285,0.97,0,0,0,431,0.0,0.0,,False,578,66,1.8372864336682104,0.8658072352409363,-34.806884765625,1719.257080078125,True,False,0
1373,19891,1.0,1.0,0,0,1,19087,5.2391680201184054e-05,5.0276520864756156e-05,0.035,True,19312,579,6.99747981564095,0.9681795239448547,-33.78125,1719.6778564453125,True,True,0
1374,14335,1.0,1.0,0,1,28,13568,0.002063679245283019,0.002023161713408679,,False,13865,470,6.18892160268513,1.0203502178192139,-35.6676025390625,1743.716552734375,True,True,0
1375,3545,0.9257142857142857,0.95,0,0,2,2463,0.0008120178643930166,0.000564334085778781,,False,940,2605,0.0757030001824916,0.8970440030097961,-39.3377685546875,1708.76708984375,True,True,0
1376,16201,1.0,1.0,0,4,52,14793,0.0035151760968025417,0.0034567901234567903,,False,14366,1835,1.642452274404001,0.9743344783782959,-39.06689453125,1746.9405517578125,True,True,0
1377,31189,1.0,1.0,0,4,46,28953,0.0015887818188097952,0.001603180710529691,0.295,False,26642,4547,1.2292347671121377,0.8850526809692383,-47.568603515625,1747.184326171875,True,True,0
1378,144310,1.0,1.0,0,1,2,142857,1.4000014000014e-05,2.078872419599609e-05,0.005,True,141252,3058,9.690587114902618,0.9991021156311035,-45.6282958984375,1765.1143798828125,True,True,0
1379,390,0.37142857142857144,0.47,0,0,0,281,0.0,0.0,,False,361,29,2.6115729965743215,1.1592628955841064,-40.549560546875,1765.0322265625,True,False,0
1380,28767,1.0,1.0,0,11,96,27136,0.003537735849056604,0.0037196690537440033,,False,26451,2316,2.3960534719800997,1.0306905508041382,-42.0853271484375,1772.224853515625,True,True,0
1381,5858,1.0,1.0,0,0,7,4783,0.0014635166213673428,0.001195151101246372,,False,5005,853,1.230971550914582,1.0390667915344238,-37.2103271484375,1777.9742431640625,True,True,0
1382,10945,0.9942857142857143,1.0,0,2,29,8455,0.0034299231224127736,0.0028326023391812864,,False,4719,6226,0.1590134375966893,0.9316361546516418,-46.8082275390625,1764.18310546875,True,True,0
1383,136365,1.0,1.0,0,1,25,135176,0.0001849440729123513,0.00019066615822357807,0.01,True,133828,2537,11.066734368554153,0.9136344790458679,-40.6197509765625,1790.470703125,True,True,0
1384,155296,1.0,1.0,0,6,76,153075,0.0004964886493548914,0.0005280273028751731,0.02,True,149696,5600,5.608092059537248,1.0355782508850098,-47.427978515625,1799.906494140625,True,True,0
1385,11517,1.0,1.0,0,3,41,9885,0.004147698533131006,0.0038207711010767626,,False,8764,2753,0.6678656741297011,0.9552831053733826,-27.0662841796875,1809.6312255859375,True,True,0
1386,2017,0.8742857142857143,0.94,0,0,0,1179,0.0,0.0,,False,128,1889,0.014215789273199822,0.7627354860305786,-44.9052734375,1790.09619140625,True,True,0
1387,9458,0.9885714285714285,0.99,0,5,26,7402,0.0035125641718454473,0.0032779951358781856,,False,3383,6075,0.11682846777922186,0.9336540699005127,-26.996826171875,1808.001708984375,True,True,0
1388,10021,1.0,1.0,0,1,24,8417,0.002851372222882262,0.00249500998003992,,False,8156,1865,0.9174688888353693,1.0137746334075928,-33.1015625,1833.1846923828125,True,True,0
1389,105,0.24,0.33,0,0,0,40,0.0,0.0,,False,9,96,0.019668183059380714,0.5855956673622131,-19.5230712890625,1821.259765625,True,False,0
1390,68,0.03428571428571429,0.06,0,0,0,61,0.0,0.0,,False,48,20,0.5035054863201462,0.921639621257782,3.164306640625,1831.9326171875,True,False,0
1391,79811,1.0,1.0,0,6,159,77917,0.002040632981249278,0.0020674100989850897,0.055,True,76703,3108,5.177550047889074,1.2689642906188965,-36.401611328125,1841.935791015625,True,True,0
1392,1964,0.9257142857142857,0.96,0,0,0,1602,0.0,0.0,,False,1871,93,4.220693391151405,1.0411239862442017,-28.564208984375,1853.72802734375,True,False,0
1393,20613,1.0,1.0,0,104,202,18717,0.010792327830314688,0.014845720939258684,,False,16215,4398,0.7734899822534078,0.8744409680366516,-31.7802734375,1854.89697265625,True,True,0
1394,4298,1.0,1.0,0,0,0,3657,0.0,0.0,,False,3945,353,2.3445811420360916,1.1672399044036865,-32.62255859375,1860.8841552734375,True,True,0
1395,3108,0.9942857142857143,1.0,0,0,1,2546,0.00039277297721916735,0.000321853878339234,,False,2856,252,2.377664796511802,1.2627179622650146,-38.3154296875,1894.86376953125,True,True,0
1396,35341,1.0,1.0,0,1,14,33601,0.00041665426624207615,0.00042444821731748726,0.075,True,32675,2666,2.5712743444471706,0.8316594362258911,-28.1668701171875,1876.40380859375,True,True,0
1397,20036,1.0,1.0,0,120,146,17939,0.008138692234795696,0.013276765660094834,,False,15686,4350,0.756512170346534,0.8792131543159485,-35.004150390625,1885.588134765625,True,True,0
1398,5306,0.9257142857142857,0.98,0,0,0,4987,0.0,0.0,0.16,False,5265,41,26.940613673532212,1.0798717737197876,-34.757568359375,1888.876953125,True,False,0
1399,20180,1.0,1.0,0,2,16,18283,0.0008751299020948422,0.0008920164527479063,0.265,False,16695,3485,1.0050244014962746,0.9283003807067871,-26.4686279296875,1893.937255859375,True,True,0
1400,14151,1.0,1.0,0,0,30,11921,0.0025165674020635855,0.0021201413427561835,,False,9465,4686,0.42375154965323875,1.036436676979065,-62.2132568359375,1897.13330078125,True,True,0
1401,7809,0.9942857142857143,1.0,0,0,11,6113,0.0017994438082774415,0.0014088114754098361,,False,5044,2765,0.3827127295055482,1.1158256530761719,-65.4052734375,1895.36328125,True,True,0
1402,4054,0.9485714285714286,0.99,0,0,0,3050,0.0,0.0,,False,2271,1783,0.2672137220585745,0.5048853158950806,-59.9725341796875,1914.751953125,True,True,0
1403,1007,0.88,0.93,0,0,1,474,0.002109704641350211,0.0009940357852882703,,False,300,707,0.08902147919380239,0.7920256853103638,-34.2900390625,1879.1864013671875,True,True,0
1404,5161,1.0,1.0,0,1,3,4276,0.0007015902712815715,0.0007751937984496124,,False,4417,744,1.245510603201213,0.9709106087684631,-45.0975341796875,1930.8193359375,True,True,0
1405,4376,0.7885714285714286,0.83,0,0,1,2849,0.000351000351000351,0.00022857142857142857,,False,189,4187,0.009470039896754602,1.0552854537963867,-32.519775390625,1908.8206787109375,True,True,0
1406,12111,1.0,1.0,0,0,19,9643,0.0019703411801306647,0.001568951279933939,,False,6319,5792,0.22888259438715786,0.9058826565742493,-45.1064453125,1932.16796875,True,True,0
1407,68701,1.0,1.0,0,4,7,67729,0.00010335306884790857,0.0001601164483260553,0.02,True,67863,838,16.989554901622956,0.9763882756233215,-34.54443359375,1956.6708984375,True,True,0
1408,13595,1.0,1.0,0,2,1,12944,7.725587144622991e-05,0.00022068559658672943,0.185,False,13297,298,9.361175128074642,0.9469908475875854,-36.9075927734375,1958.787841796875,True,True,0
1409,11150,1.0,1.0,0,2,37,8843,0.0041841004184100415,0.003498071575926092,,False,6900,4250,0.3406066525106871,0.9461452960968018,-37.4683837890625,1950.988525390625,True,True,0
1410,235,0.12,0.14,0,0,0,202,0.0,0.0,,False,228,7,6.83328874291627,1.1654574871063232,-34.1204833984375,1958.8310546875,True,False,0
1411,2555,0.7371428571428571,0.77,0,0,0,1463,0.0,0.0,,False,3,2552,0.0002466229850706045,1.056379795074463,-35.8438720703125,1930.5167236328125,True,False,0
1412,16893,1.0,1.0,0,3,75,14941,0.0050197443276889095,0.004617570447549135,,False,14204,2689,1.1081864273725297,0.9815329909324646,-26.5096435546875,1964.5814208984375,True,True,0
1413,9327,0.9942857142857143,1.0,0,1,6,8518,0.000704390702042733,0.0007505897490885696,,False,8821,506,3.6572973442276098,1.164092779159546,-36.1868896484375,1978.7950439453125,True,True,0
1414,8359,1.0,1.0,0,1,4,6813,0.0005871128724497284,0.0005982292414453219,,False,5752,2607,0.46288255295254466,1.014579176902771,-28.83837890625,1969.7440185546875,True,True,0
1415,15059,1.0,1.0,0,4,15,14147,0.0010602954690040291,0.0012617877540177977,,False,14309,750,4.002588890974985,1.0337837934494019,-34.349609375,1984.2384033203125,True,True,0
1416,2192,0.9714285714285714,0.99,0,0,0,1755,0.0,0.0,,False,2059,133,3.2478627704673597,1.04477059841156,-25.296630859375,1986.3984375,True,True,0
1417,4317,0.9371428571428572,0.99,0,0,0,2651,0.0,0.0,,False,572,3745,0.032043295302083184,0.8799328804016113,-35.7845458984375,1953.4517822265625,True,True,0
1418,141118,1.0,1.0,0,12,57,139436,0.0004087896956309705,0.0004889559727035013,0.02,True,137713,3405,8.484979324229846,0.9967406392097473,-35.3892822265625,2000.271484375,True,True,0
1419,7015,1.0,1.0,0,0,16,5350,0.0029906542056074765,0.0022811519817507843,,False,5133,1882,0.5721957273470843,1.0031557083129883,-35.467529296875,1994.5836181640625,True,True,0
1420,9234,1.0,1.0,0,2,29,7592,0.003819810326659642,0.0033575219321997185,,False,6587,2647,0.5220675353215595,0.8255431056022644,-35.6966552734375,2000.4541015625,True,True,0
1421,9738,1.0,1.0,0,3,37,8541,0.004332045427935839,0.004108041491219062,,False,8718,1020,1.793121253978364,1.0928809642791748,-32.62255859375,2024.92431640625,True,True,0
1422,1909,0.7314285714285714,0.78,0,0,0,1001,0.0,0.0,,False,223,1686,0.027748547708924626,0.9894497394561768,-29.7806396484375,1991.436279296875,True,True,0
1423,5306,0.9942857142857143,1.0,0,0,4,3750,0.0010666666666666667,0.000942507068803016,,False,3133,2173,0.3024778893697304,0.9236534833908081,-34.0006103515625,2022.79248046875,True,True,0
1424,12927,1.0,1.0,0,1,34,11183,0.0030403290709112045,0.0027077208726597555,,False,10214,2713,0.789839820198116,0.8362470269203186,-43.0028076171875,2057.022216796875,True,True,0
1425,113668,1.0,1.0,0,47,934,109890,0.008499408499408499,0.008630473224418697,0.305,False,102382,11286,1.9031653782130225,1.0533473491668701,-37.380859375,2063.11474609375,True,True,0
1426,6870,0.9542857142857143,0.98,0,0,0,5534,0.0,0.0,0.175,False,4782,2088,0.4804763800253312,1.018229365348816,-71.1092529296875,2088.27783203125,True,True,0
1427,10130,1.0,1.0,0,1,5,9025,0.000554016620498615,0.0005923585743903643,,False,8997,1133,1.6659454473456736,1.0028795003890991,-41.91064453125,2100.239990234375,True,True,0
1428,85812,1.0,1.0,0,0,0,84895,0.0,0.0,0.005,True,84719,1093,16.26123867625666,0.9594730734825134,-38.740234375,2104.824462890625,True,True,0
1429,45186,0.9942857142857143,0.99,0,0,0,44421,0.0,0.0,0.005,True,44582,604,15.48515562301653,1.0522197484970093,-39.650634765625,2109.9365234375,True,True,0
1430,15970,0.8742857142857143,0.95,0,0,2,15586,0.00012832028743744385,0.00012524265764919532,0.08,True,15755,215,15.37350569180989,1.2459840774536133,-38.476318359375,2116.48193359375,True,True,0
1431,1332,0.7657142857142857,0.8,0,0,0,675,0.0,0.0,,False,140,1192,0.02464022933613691,1.1374316215515137,-21.40283203125,2076.13525390625,True,True,0
1432,25272,0.9314285714285714,0.98,0,0,0,24838,0.0,0.0,0.015,True,25149,123,42.89518792501815,0.9776036739349365,-36.672607421875,2109.5830078125,True,True,0
1433,45368,1.0,1.0,0,0,4,44613,8.965996458431398e-05,8.81698150638129e-05,0.015,True,44884,484,19.455354896688572,1.0572125911712646,-24.08837890625,2111.24755859375,True,True,0
1434,28810,1.0,1.0,0,5,99,27190,0.0036410445016550204,0.0036099829914262903,,False,25979,2831,1.9251985501458668,0.891079306602478,-65.29345703125,2130.0380859375,True,True,0
1435,78339,1.0,1.0,0,14,430,77150,0.0055735580038885285,0.005680512650310194,0.3,False,76041,2298,6.942098325585698,0.9974846839904785,-39.2529296875,2147.720947265625,True,True,0
1436,57738,1.0,1.0,0,17,652,55707,0.011704094638016766,0.011587023918804232,,False,54679,3059,3.750024039242029,1.0171229839324951,-33.154541015625,2148.251708984375,True,True,0
1437,32978,1.0,1.0,0,0,22,31906,0.0006895254811007334,0.000667131637201686,0.125,False,32086,892,7.546467224433956,0.9880009889602661,-34.53271484375,2178.5966796875,True,True,0
1438,13413,1.0,1.0,0,1,25,12212,0.002047166721257779,0.0019385624813599762,,False,12393,1020,2.54899652449574,0.9734888076782227,-31.627685546875,2182.533447265625,True,True,0
1439,70036,1.0,1.0,0,110,699,66881,0.010451398753009076,0.011551367173556079,,False,61057,8979,1.426594204915598,0.9350470304489136,-28.238037109375,2189.429931640625,True,True,0
1440,29164,1.0,1.0,0,0,4,28568,0.00014001680201624196,0.0001371601001268731,0.04,True,28882,282,21.486769290630118,1.0801199674606323,-36.86572265625,2212.02099609375,True,True,0
1441,42390,1.0,1.0,0,23,392,39782,0.00985370267960384,0.009790275779093633,,False,36490,5900,1.2975222595919589,0.9452100992202759,-26.6064453125,2234.373779296875,True,True,0
1442,4411,0.7371428571428571,0.79,0,0,0,4128,0.0,0.0,,False,4285,126,7.134659420905511,0.9985686540603638,-43.386962890625,2264.77197265625,True,True,0
1443,12228,1.0,1.0,0,0,1,11722,8.530967411704488e-05,8.178621084485155e-05,0.11,False,11985,243,10.34724494778284,0.9233781099319458,-37.7666015625,2295.5498046875,True,True,0
1444,25947,1.0,1.0,0,4,225,23850,0.009433962264150943,0.008864564865489864,,False,22423,3524,1.3349062996307037,1.0264933109283447,-36.617431640625,2300.160888671875,True,True,0
1445,50689,1.0,1.0,0,32,369,48493,0.007609345678757759,0.007911142676767676,,False,46691,3998,2.450097409306106,1.210814118385315,-39.361328125,2309.70947265625,True,True,0
1446,25778,1.0,1.0,0,0,13,25110,0.0005177220230983672,0.0005043255615471157,0.075,True,25449,329,16.228104257043316,1.0018622875213623,-33.899658203125,2321.517822265625,True,True,0
1447,36017,1.0,1.0,0,16,543,34178,0.0158874129557025,0.015520879609062638,,False,32866,3151,2.188222166692839,1.033542513847351,-42.895751953125,2348.89306640625,True,True,0
1448,30165,1.0,1.0,0,0,43,28475,0.0015100965759438103,0.0014255403792600451,0.165,False,27628,2537,2.2846619327376496,1.0929843187332153,-32.58349609375,2356.298095703125,True,True,0
1449,16279,1.0,1.0,0,2,126,14733,0.00855222968845449,0.007863373878854897,,False,14317,1962,1.530897053951226,1.035994291305542,-29.669677734375,2368.55078125,True,True,0
1450,17767,1.0,1.0,0,6,100,15699,0.00636983247340595,0.0059664527749634134,,False,13440,4327,0.6516364047591446,1.0406317710876465,-30.785400390625,2388.242919921875,True,True,0
1451,33964,1.0,1.0,0,14,428,31599,0.0135447324282414,0.013014162470924242,,False,29522,4442,1.3943127126616537,1.0826665163040161,-28.169921875,2396.08203125,True,True,0
1452,25980,1.0,1.0,0,14,377,24136,0.015619821014252569,0.015050617806690019,,False,23187,2793,1.7416728892626252,1.1563533544540405,-29.010498046875,2438.146484375,True,True,0
1453,36772,1.0,1.0,0,5,84,34267,0.002451338022003677,0.002420385629980147,0.245,False,31928,4844,1.382803740643892,1.0852588415145874,-28.28125,2443.75244140625,True,True,0
1454,36386,1.0,1.0,0,21,399,32843,0.012148707487135767,0.011570702212450186,,False,11067,25319,0.09170147611650437,0.9340426921844482,-10.113037109375,2436.16162109375,True,True,0
1455,12574,1.0,1.0,0,7,164,11503,0.014257150308615144,0.013600572655690766,,False,11699,875,2.8050050878378054,1.1930139064788818,-34.236328125,2462.362060546875,True,True,0
1456,16507,1.0,1.0,0,3,82,14970,0.005477621910487642,0.005149642554222707,,False,14848,1659,1.8776495531649413,1.0593371391296387,-29.212158203125,2479.14306640625,True,True,0
1457,27960,1.0,1.0,0,16,247,24775,0.009969727547931382,0.009442397796773848,,False,18252,9708,0.3944333769535138,1.026634693145752,-26.414794921875,2473.480712890625,True,True,0
1458,32374,1.0,1.0,0,20,725,30862,0.023491672607089623,0.02301300466438081,,False,30586,1788,3.588790735595636,1.2206040620803833,-24.039794921875,2482.61767578125,True,True,0
1459,22294,1.0,1.0,0,11,147,21129,0.006957262530171802,0.007087426546449558,,False,21265,1029,4.335537806364556,1.1087167263031006,-22.027587890625,2493.9697265625,True,True,0
1460,14465,1.0,1.0,0,6,75,11341,0.006613173441495459,0.005600110619469027,,False,3583,10882,0.06907661572187573,1.000259280204773,-17.486083984375,2481.125244140625,True,True,0
1461,1014,0.7257142857142858,0.76,0,0,1,436,0.0022935779816513763,0.0009871668311944718,,False,54,960,0.011800909835628428,1.0154330730438232,2.38330078125,3798.1630859375,False,False,0
1462,66355,1.0,1.0,0,44,1301,62119,0.020943672628342375,0.020300207975404647,,False,40498,25857,0.3285855085178946,1.0091825723648071,-28.9326171875,2527.98779296875,True,True,0
1463,23743,1.0,1.0,0,2,223,19873,0.01122125496905349,0.009476876421531463,,False,7780,15963,0.10224875972485169,0.9328944087028503,-19.24853515625,2556.910888671875,True,True,0
1464,71648,1.0,1.0,0,43,1141,67512,0.016900699134968597,0.016539422446159645,,False,52865,18783,0.5904678329321401,0.9958023428916931,-32.80419921875,2593.5703125,True,True,0
1465,31478,1.0,1.0,0,1,38,29045,0.0013083146841108625,0.001238999904692315,0.205,False,27750,3728,1.5616368523542625,1.1023359298706055,-33.845458984375,2602.73486328125,True,True,0
1466,12292,0.84,0.9,0,1,39,10067,0.0038740439058309326,0.0032544137987145067,,False,179,12113,0.003100232603102252,0.8153841495513916,0.822021484375,2586.144775390625,True,True,0
1467,18761,1.0,1.0,0,1,201,15004,0.013396427619301519,0.010767590618336887,,False,3855,14906,0.054257056715533006,0.8776929378509521,-24.128173828125,2596.9462890625,True,True,0
1468,6207,1.0,1.0,0,1,12,4442,0.0027014858171994596,0.0020947470190138574,,False,2615,3592,0.15273139925844265,0.909565806388855,-34.66015625,2608.03759765625,True,True,0
1469,51105,1.0,1.0,0,19,261,47271,0.0055213555879926384,0.005479023168440827,,False,39350,11755,0.7022877104316516,0.932439923286438,-30.4892578125,2635.594482421875,True,True,0
1470,35225,1.0,1.0,0,9,48,32664,0.0014695077149155032,0.0016182148535089712,0.255,False,31585,3640,1.8204236247048784,0.9414680600166321,-25.4384765625,2652.16845703125,True,True,0
1471,8950,1.0,1.0,0,1,33,7178,0.00459738088604068,0.0037993071851603532,,False,6668,2282,0.6130175618577883,1.0023524761199951,-26.4521484375,2646.23193359375,True,True,0
1472,2184,0.8571428571428571,0.91,0,0,2,871,0.002296211251435132,0.0009161704076958314,,False,171,2013,0.01782154292116762,0.8101579546928406,-26.467529296875,2633.03515625,True,True,0
1473,21843,1.0,1.0,0,2,118,18394,0.006415135370229422,0.005494002380734365,,False,3446,18397,0.03929716588436574,0.8793056607246399,-33.343994140625,2638.802001953125,True,True,0
1474,13373,0.7828571428571428,0.83,0,1,4,10556,0.00037893141341417203,0.00037391564463057136,0.235,False,64,13309,0.001008852127773479,0.8427466750144958,-30.848388671875,2642.889404296875,True,False,0
1475,54703,1.0,1.0,0,14,429,50992,0.008413084405396926,0.008098424189243537,,False,43711,10992,0.834270693555158,0.9734138250350952,-33.628173828125,2673.305419921875,True,True,0
1476,86892,1.0,1.0,0,7,591,83120,0.007110202117420597,0.006882185726945253,0.285,False,76355,10537,1.5202445908059998,0.9428583383560181,-35.410400390625,2718.841796875,True,True,0
1477,9542,1.0,1.0,0,1,24,7140,0.0033613445378151263,0.002620270411906509,,False,5231,4311,0.2545655685978393,0.9355280995368958,-32.2744140625,2709.199462890625,True,True,0
1478,7842,0.9885714285714285,1.0,0,0,1,5881,0.00017003910899506886,0.00012753475322025253,0.225,False,3224,4618,0.1464650721719496,0.851290225982666,-34.09228515625,2735.215576171875,True,True,0
1479,23191,0.9828571428571429,1.0,0,0,2,22003,9.089669590510385e-05,8.6244070720138e-05,0.045,True,21886,1305,3.5184294615589784,0.970424473285675,-23.615966796875,2750.595458984375,True,True,0
1480,66423,1.0,1.0,0,31,811,62574,0.012960654584971395,0.012676522838818463,,False,54043,12380,0.9158234719035966,0.9958199262619019,-28.572998046875,2750.116455078125,True,True,0
1481,19178,1.0,1.0,0,0,67,16652,0.00402354071582993,0.003493768576941127,,False,15110,4068,0.779249416000636,0.9887431263923645,-34.9814453125,2778.64013671875,True,True,0
1482,44580,1.0,1.0,0,1,184,42761,0.0043029863660812425,0.004149936068552457,,False,42593,1987,4.49710811500461,1.0305930376052856,-33.564208984375,2792.77001953125,True,True,0
1483,13805,1.0,1.0,0,1,34,11961,0.002842571691330156,0.002535496957403651,,False,9084,4721,0.4036789378779398,0.8351505994796753,-24.204345703125,2785.4306640625,True,True,0
1484,28768,1.0,1.0,0,2,98,25793,0.0037994804791997828,0.0034762053742135087,,False,21921,6847,0.671665435325929,0.9674066305160522,-30.311767578125,2788.3056640625,True,True,0
1485,42639,1.0,1.0,0,8,293,39558,0.007406845644370292,0.007082883812561565,,False,35767,6872,1.0919237927588201,0.9439602494239807,-32.465087890625,2796.734130859375,True,True,0
1486,34118,0.9942857142857143,1.0,0,0,1,33122,3.019141356198297e-05,2.9310900723979247e-05,0.02,True,33181,937,7.429213599070069,0.9743786454200745,-35.463134765625,2806.1044921875,True,True,0
1487,13855,1.0,1.0,0,0,27,12097,0.0022319583367777134,0.0019488956258120397,,False,10880,2975,0.7672464553449848,0.7279658317565918,-20.812255859375,2803.972900390625,True,True,0
1488,146747,1.0,1.0,0,0,5,145169,3.4442615158883786e-05,3.4072478977280474e-05,0.005,True,143369,3378,8.904070217613116,0.9861909747123718,-37.832275390625,2812.460693359375,True,True,0
1489,17076,1.0,1.0,0,2,21,15103,0.0013904522280341655,0.0013469985358711568,,False,14740,2336,1.3237854716679072,1.000137448310852,-28.8212890625,2808.188720703125,True,True,0
1490,44986,1.0,1.0,0,3,204,43425,0.004697754749568221,0.004601533844614872,,False,43460,1526,5.974865780764951,1.0220688581466675,-21.96337890625,2813.5517578125,True,True,0
1491,83457,1.0,1.0,0,26,1103,79582,0.013859918071925813,0.013528086656441719,,False,68663,14794,0.9737111105628465,0.9823111891746521,-28.2099609375,2818.600830078125,True,True,0
1492,8611,1.0,1.0,0,0,9,6746,0.0013341239252890602,0.0010452961672473868,,False,3754,4857,0.16215081288568292,0.7861863970756531,-26.471923828125,2821.448486328125,True,True,0
1493,117844,1.0,1.0,0,5,176,115427,0.0015247732332989681,0.00153594188878423,0.055,True,114088,3756,6.37246338339688,0.9994992017745972,-28.99072265625,2836.329833984375,True,True,0
1494,21604,1.0,1.0,0,3,66,18708,0.003527902501603592,0.003194000833217609,,False,14247,7357,0.406270822776671,0.9032254815101624,-30.112548828125,2831.22216796875,True,True,0
1495,2512,0.9828571428571429,1.0,0,0,9,1375,0.006545454545454545,0.0035842293906810036,,False,539,1973,0.057313198413279025,0.8191854953765869,-27.751953125,2829.17041015625,True,True,0
1496,11672,1.0,1.0,0,1,37,9498,0.003895556959359865,0.003255933510410419,,False,6536,5136,0.2669807777281668,0.7850236296653748,-28.955078125,2842.88134765625,True,True,0
1497,44188,1.0,1.0,0,8,320,40545,0.007892465162165496,0.00742299771425985,,False,33447,10741,0.6532891102997056,1.1412620544433594,-3693.119873046875,3713.2958984375,False,True,0
1498,33777,1.0,1.0,0,2,76,31212,0.002434960912469563,0.0023093320701089532,0.23,False,28577,5200,1.1529388046931746,0.970089316368103,-25.96533203125,2878.26416015625,True,True,0
1499,1224,0.68,0.76,0,4,0,562,0.0,0.003270645952575634,,False,11,1213,0.0019025008070629324,0.9904211163520813,-13.76171875,2857.84716796875,True,False,0
1500,147955,1.0,1.0,0,110,4046,143263,0.028241765145222423,0.02808981169823053,,False,97402,50553,0.40421637834347846,0.9471668601036072,-29.17236328125,2883.65087890625,True,True,0
1501,15738,1.0,1.0,0,0,47,13432,0.0034991066110780225,0.002986592107771494,,False,12225,3513,0.7300686225286778,0.9582313895225525,-29.102783203125,2887.22900390625,True,True,0
1502,4930,0.9942857142857143,1.0,0,7,10,3121,0.0032041012495994873,0.003448975451410022,,False,1695,3235,0.10992295199802266,0.8097054362297058,-20.385498046875,2881.45458984375,True,True,0
1503,16500,1.0,1.0,0,2,24,13103,0.0018316416087918797,0.00157585308200497,,False,2920,13580,0.04511033443958109,0.8158140778541565,-31.11865234375,2888.853515625,True,True,0
1504,13322,1.0,1.0,0,0,15,11412,0.0013144058885383807,0.0011260415884693342,,False,10676,2646,0.8464702336788047,0.8498231172561646,-23.791748046875,2911.01806640625,True,True,0
1505,26558,1.0,1.0,0,3,125,23341,0.005355383231224026,0.004819821515984486,,False,17679,8879,0.41772128489759847,0.8697705864906311,-30.47509765625,2911.43017578125,True,True,0
1506,15987,1.0,1.0,0,0,61,14579,0.0041841004184100415,0.0038158388590016266,,False,14572,1415,2.1605070514302622,0.9762413501739502,-32.034912109375,2920.142822265625,True,True,0
1507,2566,0.7542857142857143,0.78,0,0,2,1653,0.0012099213551119178,0.0007797270955165692,,False,30,2536,0.0024817896604896793,0.6224084496498108,-23.326416015625,2899.832275390625,True,False,0
1508,297,0.16,0.19,0,0,0,135,0.0,0.0,,False,1,296,0.0007087633534911969,0.7567781805992126,-31.22216796875,2915.500732421875,True,False,0
1509,20984,1.0,1.0,0,1,73,18188,0.004013635363976248,0.003526664442644045,,False,15622,5362,0.6112273644235146,0.8892513513565063,-30.78125,2933.323974609375,True,True,0
1510,33375,1.0,1.0,0,2,145,30665,0.004728517854231208,0.004404626355845868,,False,27589,5786,1.0003465881788307,0.9226703643798828,-35.5419921875,2950.691650390625,True,True,0
1511,4948,0.9542857142857143,0.99,0,0,9,3323,0.002708396027685826,0.0018192844147968466,,False,783,4165,0.03944025568113991,0.7903881072998047,-39.8818359375,2926.955322265625,True,True,0
1512,21991,1.0,1.0,0,4,95,19728,0.004815490673154906,0.004502046384720328,,False,18508,3483,1.1148051895891073,0.861456573009491,-22.94775390625,2953.43701171875,True,True,0
1513,198831,1.0,1.0,0,113,5435,194309,0.027970912309774637,0.027918322184780967,,False,164989,33842,1.0228028618589646,0.9732450842857361,-36.1220703125,2963.2041015625,True,True,0
1514,118561,1.0,1.0,0,26,37,116982,0.0003162879759279205,0.0005313765182186235,0.025,True,115708,2853,8.50853090476859,1.0745068788528442,-35.064208984375,2971.410888671875,True,True,0
1515,2317,0.9828571428571429,1.0,0,0,3,1477,0.002031144211238998,0.0012953367875647669,,False,1082,1235,0.18380328481727334,0.6290294528007507,-35.252197265625,2958.8466796875,True,True,0
1516,39984,1.0,1.0,0,5,198,37845,0.005231866825208086,0.005077157792061626,,False,36356,3628,2.1023343279877844,0.9162548780441284,-34.062255859375,2973.169921875,True,True,0
1517,42056,1.0,1.0,0,4,163,40267,0.004047979735267092,0.003970990369753894,0.25,False,39534,2522,3.2886574636830326,0.9182026386260986,-37.0859375,2995.44482421875,True,True,0
1518,5388,0.9942857142857143,1.0,0,7,46,3568,0.01289237668161435,0.009838500092816038,,False,691,4697,0.03086387508402713,0.823009192943573,-21.48974609375,2970.96875,True,True,0
1519,26591,1.0,1.0,0,1,166,24517,0.006770812089570502,0.006280556600225648,,False,23735,2856,1.7435082163002846,0.9971190094947815,-29.38623046875,2992.58203125,True,True,0
1520,10640,1.0,1.0,0,2,11,8406,0.0013085891030216513,0.0012219193533226807,,False,4294,6346,0.14195638711121886,0.7529580593109131,-38.36962890625,2985.0830078125,True,True,0
1521,28701,1.0,1.0,0,4,90,26109,0.003447087211306446,0.003275261324041812,,False,24331,4370,1.168077039250141,0.9349896907806396,-30.1787109375,3001.5830078125,True,True,0
1522,19751,1.0,1.0,0,0,94,17361,0.005414434652381775,0.004759493670886076,,False,15445,4306,0.7525006034423536,0.8337176442146301,-31.59375,3006.4931640625,True,True,0
1523,30275,1.0,1.0,0,5,153,28709,0.005329339231599847,0.005218999801810134,,False,28486,1789,3.3405201423783506,1.0068458318710327,-34.14111328125,3012.25537109375,True,True,0
1524,3020,0.9485714285714286,0.99,0,0,0,1853,0.0,0.0,,False,310,2710,0.023998570227436244,0.7103530168533325,-14.78173828125,2999.455322265625,True,True,0
1525,20307,1.0,1.0,0,1,39,18809,0.0020734754638736773,0.0019698611247907023,,False,18272,2035,1.8837125810896218,0.9415662288665771,-27.151611328125,3020.6455078125,True,True,0
1526,19328,1.0,1.0,0,0,34,18122,0.001876172607879925,0.0017591969783204843,0.15,False,18230,1098,3.483191035069925,0.9120423793792725,-30.4912109375,3025.23046875,True,True,0
1527,93631,1.0,1.0,0,23,825,91328,0.009033374211632797,0.009056926198867884,,False,89668,3963,4.746859486432298,1.0302776098251343,-30.97900390625,3029.90869140625,True,True,0
1528,27022,1.0,1.0,0,0,59,26010,0.0022683583237216457,0.002183486917582621,,False,26072,950,5.757629403218795,0.9792078137397766,-33.50830078125,3032.54833984375,True,True,0
1529,91954,1.0,1.0,0,18,1383,88169,0.015685785253320327,0.015236044500995074,,False,78564,13390,1.2309374230537704,0.9637105464935303,-28.940185546875,3027.8212890625,True,True,0
1530,21979,1.0,1.0,0,4,6,21150,0.00028368794326241134,0.000455000455000455,0.155,False,21436,543,8.28203161813893,0.8190963864326477,-27.85888671875,3035.198974609375,True,True,0
1531,90240,1.0,1.0,0,18,721,87939,0.008198865122414401,0.00818936380057403,,False,85649,4591,3.913884175364318,1.002571940422058,-29.868408203125,3035.1708984375,True,True,0
1532,3037,0.9942857142857143,1.0,0,3,9,1711,0.005260081823495032,0.003952569169960474,,False,1373,1664,0.17310522654185717,0.8308683633804321,-24.560791015625,3030.148681640625,True,True,0
1533,164649,1.0,1.0,0,9,179,163002,0.0010981460350179752,0.0011418298430591323,0.035,True,160572,4077,8.26270163410581,1.0606824159622192,-35.54443359375,3041.994140625,True,True,0
1534,3666,0.96,0.98,0,5,15,2112,0.007102272727272727,0.005457025920873124,,False,533,3133,0.035691087377465416,0.8516881465911865,-36.070556640625,3025.614501953125,True,True,0
1535,3560,0.8914285714285715,0.95,0,0,3,2221,0.0013507429085997298,0.0008429334082607474,,False,356,3204,0.023310439181488247,0.7924486994743347,-22.344482421875,3029.476318359375,True,True,0
1536,19119,1.0,1.0,0,0,48,17310,0.0027729636048526864,0.0025107228789622345,,False,16146,2973,1.1393653411432167,0.8600351214408875,-24.435791015625,3048.779541015625,True,True,0
1537,24401,1.0,1.0,0,0,87,22015,0.00395185101067454,0.0035655737704918034,,False,20482,3919,1.096453109935489,0.9523212313652039,-27.436279296875,3056.242431640625,True,True,0
1538,5802,1.0,1.0,0,0,19,5061,0.003754198774945663,0.003275297362523703,,False,5415,387,2.9354890271571827,1.0489733219146729,-30.171875,3062.24755859375,True,True,0
1539,36932,1.0,1.0,0,7,282,34503,0.008173202330232153,0.007825404132030003,,False,33036,3896,1.7789407133462045,0.9405191540718079,-26.047119140625,3058.157958984375,True,True,0
1540,4120,1.0,1.0,0,1,9,2559,0.0035169988276670576,0.0024277737314882253,,False,1906,2214,0.18060852471510816,0.8550869226455688,-12.31298828125,3050.231201171875,True,True,0
1541,36867,1.0,1.0,0,6,192,35538,0.0054026675671112615,0.005370802365323062,,False,35536,1331,5.6012305790986465,1.0348150730133057,-33.376708984375,3071.853271484375,True,True,0
1542,9518,1.0,1.0,0,7,65,8398,0.007739938080495356,0.007565409267626353,,False,8164,1354,1.2649614692016475,1.1092170476913452,-30.69921875,3071.9990234375,True,True,0
1543,7127,0.9828571428571429,1.0,0,8,81,6463,0.01253287946773944,0.012489475161380858,,False,6659,468,2.9850810482601977,1.1302297115325928,-25.145263671875,3075.087158203125,True,True,0
1544,69317,1.0,1.0,0,23,762,66389,0.011477805058066849,0.011324946621270702,,False,63166,6151,2.154421201762475,0.9864438772201538,-27.039306640625,3078.962646484375,True,True,0
1545,23260,1.0,1.0,0,1,42,21736,0.0019322782480677217,0.0018487467216991272,,False,21366,1894,2.3666618753775617,0.9767179489135742,-33.154541015625,3082.1279296875,True,True,0
1546,22372,1.0,1.0,0,4,74,20766,0.00356351728787441,0.0034866568325063697,,False,20272,2100,2.025210956087699,0.9852874875068665,-22.22265625,3081.156494140625,True,True,0
1547,18622,1.0,1.0,0,0,73,16914,0.004315951282960861,0.003920305031953171,,False,16810,1812,1.9462672978848552,0.9963479042053223,-27.749755859375,3090.916259765625,True,True,0
1548,11672,1.0,1.0,0,1,47,10202,0.004606939815722407,0.0041127581184131606,,False,9461,2211,0.8977207534439363,0.923851490020752,-14.708984375,3085.64013671875,True,True,0
1549,32163,1.0,1.0,0,7,106,30618,0.00346201580769482,0.003513463093091226,,False,30293,1870,3.3985498433815042,1.0509631633758545,-29.979736328125,3100.15234375,True,True,0
1550,12105,1.0,1.0,0,3,29,10756,0.002696169579769431,0.0026437541308658294,,False,10009,2096,1.0018261793452496,1.0772535800933838,-27.157470703125,3095.917236328125,True,True,0
1551,28889,1.0,1.0,0,3,48,27909,0.0017198753090400946,0.001765438936582664,0.325,False,28151,738,8.002587480464339,1.0554656982421875,-17.94384765625,3088.71240234375,True,True,0
1552,33865,1.0,1.0,0,9,272,32071,0.008481182376601915,0.008297897472241909,,False,31767,2098,3.1766084334151743,0.9832786321640015,-32.564453125,3108.855712890625,True,True,0
1553,34943,1.0,1.0,0,1,70,32911,0.002126948436692899,0.0020319386411768075,0.21,False,32102,2841,2.370575666116587,0.9769569635391235,-23.488037109375,3108.8818359375,True,True,0
1554,33217,1.0,1.0,0,11,186,31065,0.005987445678416224,0.00593087668593449,,False,29540,3677,1.6854265327142959,0.9013637900352478,-25.607421875,3110.234375,True,True,0
1555,11936,1.0,1.0,0,3,59,11155,0.0052891080233079335,0.005194805194805195,,False,11477,459,5.245762950704719,1.0751715898513794,-31.276611328125,3114.252685546875,True,True,0
1556,5537,1.0,1.0,0,1,14,4783,0.0029270332427346855,0.002709537572254335,,False,5135,402,2.679830713364377,0.959846556186676,-29.220947265625,3115.622802734375,True,True,0
1557,19619,1.0,1.0,0,16,76,17593,0.004319899960211448,0.004689570802324396,,False,15733,3886,0.8493793764233638,0.9032773375511169,-13.879150390625,3122.73681640625,True,True,0
1558,60881,1.0,1.0,0,4,66,59041,0.0011178672447959893,0.0011498028909329829,0.08,True,58221,2660,4.591884855740168,0.966745138168335,-24.44384765625,3127.420166015625,True,True,0
1559,56854,1.0,1.0,0,5,681,53875,0.012640371229698376,0.012066205829067948,,False,50653,6201,1.7137063510303694,1.013925552368164,-26.09228515625,3129.74658203125,True,True,0
1560,29730,0.9542857142857143,0.98,0,0,3,29104,0.00010307861462341947,0.00010091156782939217,0.04,True,28986,744,8.173504719128449,0.963788628578186,-31.75634765625,3129.4833984375,True,True,0
1561,10309,1.0,1.0,0,3,32,8897,0.003596717994829718,0.0033954210322079937,,False,8373,1936,0.9073371722104391,0.8174861073493958,-32.151123046875,3125.380126953125,True,True,0
1562,12090,1.0,1.0,0,0,62,10984,0.005644573925710124,0.005128629332450989,,False,11178,912,2.5713561431316676,1.0091181993484497,-31.732177734375,3146.715576171875,True,True,0
1563,60892,1.0,1.0,0,19,453,58867,0.00769531316357212,0.007751556059187729,,False,57971,2921,4.163630684050154,0.9969691038131714,-34.209716796875,3145.62841796875,True,True,0
1564,9088,1.0,1.0,0,0,23,7881,0.0029184113691155945,0.0025310883679982394,,False,7688,1400,1.1520685056039537,0.9296139478683472,-21.51025390625,3145.105224609375,True,True,0
1565,16541,1.0,1.0,0,4,7,15303,0.0004574266483696007,0.0006650544135429262,0.26,False,15316,1225,2.6230238192106663,1.016896367073059,-34.025390625,3151.9775390625,True,True,0
1566,21757,1.0,1.0,0,0,74,20112,0.0036793953858393,0.003401360544217687,,False,19753,2004,2.06789418481409,0.95674067735672,-26.95361328125,3153.298095703125,True,True,0
1567,9102,1.0,1.0,0,0,27,7505,0.003597601598934044,0.0029667069552796396,,False,7270,1832,0.8325338622515154,0.9565965533256531,-26.43212890625,3149.96337890625,True,True,0
1568,10027,0.9885714285714285,1.0,0,0,6,9565,0.0006272869837950862,0.0005984440454817474,,False,9904,123,16.89267729171656,1.1219983100891113,-31.235595703125,3159.126953125,True,True,0
1569,60300,1.0,1.0,0,4,14,59352,0.0002358808464752662,0.0002985124131411798,0.03,True,59351,949,13.120633174651827,1.1044672727584839,-32.91748046875,3162.208984375,True,True,0
1570,81306,1.0,1.0,0,20,317,79801,0.003972381298479969,0.004144886538343276,0.225,False,79536,1770,9.427215715621267,1.0092949867248535,-27.7890625,3165.50048828125,True,True,0
1571,50128,0.9828571428571429,0.99,0,1,5,49559,0.0001008898484634476,0.00011969597223053444,0.015,True,49779,349,29.923590739649665,1.0182859897613525,-35.423095703125,3166.18505859375,True,True,0
1572,61778,1.0,1.0,0,1,101,60713,0.0016635646401923806,0.0016510999239199055,0.115,False,60890,888,14.385533531359659,1.0698310136795044,-30.047607421875,3165.85546875,True,True,0
1573,17714,1.0,1.0,0,1,40,16157,0.002475707123847249,0.0023146841302997797,,False,15445,2269,1.4280597613145767,1.2789303064346313,-15.26025390625,3163.14404296875,True,True,0
1574,45116,1.0,1.0,0,1,15,44174,0.0003395662606963372,0.00035464922974620417,0.05,True,44018,1098,8.41048288435041,1.0545337200164795,-25.286376953125,3169.58740234375,True,True,0
1575,9740,1.0,1.0,0,1,21,8809,0.002383925530707231,0.002258958825341411,,False,9120,620,3.086001367768638,1.0310273170471191,-24.906982421875,3173.708984375,True,True,0
1576,15069,1.0,1.0,0,0,14,13837,0.0010117800101178001,0.0009291213166976374,,False,13501,1568,1.8063955066986328,1.1608277559280396,-32.599609375,3175.277587890625,True,True,0
1577,7451,1.0,1.0,0,0,10,6347,0.001575547502757208,0.0013422818791946308,,False,6113,1338,0.9584980810522713,1.0097917318344116,-6.642333984375,3169.47705078125,True,True,0
1578,30998,1.0,1.0,0,7,123,29723,0.004138209467415806,0.0041939542536374485,,False,29956,1042,6.031274131560421,0.9956061244010925,-17.4814453125,3174.4892578125,True,True,0
1579,7975,1.0,1.0,0,0,10,7330,0.001364256480218281,0.001254075746175069,,False,7507,468,3.365220517989083,1.0277515649795532,-28.07275390625,3177.14892578125,True,True,0
1580,67752,1.0,1.0,0,20,595,64497,0.00922523528226119,0.00910687665126714,,False,59324,8428,1.4767224069795304,1.042594313621521,-25.923095703125,3179.253662109375,True,True,0
1581,11598,1.0,1.0,0,7,40,9574,0.004177982034677251,0.004052772268690178,,False,6872,4726,0.305057986139798,0.8331799507141113,-21.888671875,3172.46630859375,True,True,0
1582,12156,1.0,1.0,0,4,24,10761,0.002230275996654586,0.0023035787741670093,,False,10135,2021,1.0520839732505942,1.1344572305679321,-32.334716796875,3188.206787109375,True,True,0
1583,17909,1.0,1.0,0,1,79,16574,0.0047665017497284905,0.004467277194549922,,False,16693,1216,2.8800085948266867,0.9892737865447998,-20.282958984375,3184.92529296875,True,True,0
1584,30995,1.0,1.0,0,17,390,30017,0.0129926375054136,0.013131573853003807,,False,30036,959,6.570772848067394,1.1112879514694214,-29.150146484375,3191.06494140625,True,True,0
1585,18707,0.9885714285714285,1.0,0,0,6,18099,0.0003315100281783524,0.00032075269966855556,0.08,True,18341,366,10.51319914002482,0.9910309910774231,-13.79638671875,3188.693359375,True,True,0
1586,13850,1.0,1.0,0,7,119,12673,0.009390041821194666,0.00909812982886851,,False,12802,1048,2.5627692572640397,1.0368709564208984,-26.438232421875,3194.65283203125,True,True,0
1587,21837,1.0,1.0,0,4,115,20055,0.0057342308651209175,0.005449716065213409,,False,19717,2120,1.951182718902186,1.0400205850601196,-23.374755859375,3199.1513671875,True,True,0
1588,90371,1.0,1.0,0,20,796,88084,0.009036828481903637,0.009029545203054112,,False,86337,4034,4.490079446829291,1.0500937700271606,-21.867431640625,3201.71923828125,True,True,0
1589,7469,1.0,1.0,0,12,21,5687,0.0036926323193247758,0.004418853776111409,,False,4207,3262,0.27057117067096553,0.9881331920623779,-21.74365234375,3197.66259765625,True,True,0
1590,8910,1.0,1.0,0,2,21,7724,0.0027187985499741068,0.002581658996520373,,False,7799,1111,1.4727120041294708,0.9315710663795471,-15.531005859375,3206.255859375,True,True,0
1591,8829,1.0,1.0,0,0,9,8164,0.0011024007839294464,0.0010194834617127321,,False,8376,453,3.879104077830707,0.8773674964904785,-27.18408203125,3213.171142578125,True,True,0
1592,11949,1.0,1.0,0,0,46,10498,0.004381787007048962,0.0038500167392032138,,False,10475,1474,1.4909034286531917,1.0652542114257812,-28.17041015625,3212.3642578125,True,True,0
1593,18556,1.0,1.0,0,13,81,16119,0.005025125628140704,0.005066019940716788,,False,13326,5230,0.5345533867672299,0.9266030788421631,-26.9765625,3214.55859375,True,True,0
1594,8259,1.0,1.0,0,1,31,6685,0.004637247569184742,0.003875030273674013,,False,6188,2071,0.6268493379504798,0.9052202701568604,-23.203369140625,3219.556396484375,True,True,0
1595,2718,0.9828571428571429,1.0,0,0,8,2251,0.003553976010661928,0.002944423997055576,,False,2512,206,2.558264121432458,0.9109790325164795,-34.45068359375,3226.682861328125,True,True,0
1596,48622,1.0,1.0,0,8,259,46783,0.005536199046662249,0.005491454309866107,,False,46086,2536,3.8125252764442457,0.966488242149353,-20.8076171875,3224.0634765625,True,True,0
1597,24102,1.0,1.0,0,9,163,22352,0.007292412312097351,0.007136633334716402,,False,21715,2387,1.9085361044969233,1.0261436700820923,-25.047607421875,3228.34765625,True,True,0
1598,84572,1.0,1.0,0,35,1295,81584,0.015873210433418317,0.015726431046103273,,False,78074,6498,2.520691452431459,1.013718843460083,-27.94189453125,3228.00830078125,True,True,0
1599,25219,1.0,1.0,0,7,224,23321,0.009605076969255178,0.009160123721151558,,False,22840,2379,2.014163042516488,1.0509592294692993,-21.05615234375,3229.61865234375,True,True,0
1600,11875,1.0,1.0,0,2,22,9960,0.0022088353413654616,0.00202122283981809,,False,8254,3621,0.4782212883280962,0.9814273118972778,-26.688720703125,3228.250732421875,True,True,0
1601,13489,1.0,1.0,0,2,59,12177,0.004845199967151187,0.004522538552787663,,False,12221,1268,2.0219967627229583,1.0366686582565308,-26.479736328125,3238.040283203125,True,True,0
1602,47465,1.0,1.0,0,25,377,45710,0.008247648217020346,0.008469576942524861,,False,44958,2507,3.762232358393354,1.0484145879745483,-20.490234375,3243.6982421875,True,True,0
1603,26000,0.9942857142857143,1.0,0,20,171,25304,0.006757824849826115,0.007346436401400054,,False,25516,484,11.060129122714232,1.095388650894165,-29.39453125,3250.310302734375,True,True,0
1604,11301,1.0,1.0,0,0,30,9445,0.0031762837480148226,0.002654867256637168,,False,8646,2655,0.6831934141123641,1.0001890659332275,-18.128173828125,3243.979248046875,True,True,0
1605,6621,1.0,1.0,0,1,11,5094,0.0021594032194738907,0.0018126888217522659,,False,4511,2110,0.44852157361575423,0.9416379928588867,-18.470458984375,3243.1630859375,True,True,0
1606,19180,1.0,1.0,0,11,62,17003,0.0036464153384696816,0.0038062464153501225,,False,14667,4513,0.6818187244125844,0.9476596117019653,-24.543212890625,3249.9462890625,True,True,0
1607,36082,1.0,1.0,0,1,212,33678,0.0062949106241463266,0.005903384052548433,,False,31932,4150,1.6142507218047097,0.9642070531845093,-26.24853515625,3254.07275390625,True,True,0
1608,14416,1.0,1.0,0,0,11,13421,0.0008196110572982639,0.0007630939993062782,0.315,False,13393,1023,2.746598638923802,0.9169279336929321,-32.087890625,3258.57421875,True,True,0
1609,21237,1.0,1.0,0,16,201,19601,0.010254578848017958,0.01021849689207007,,False,19227,2010,2.006820063324513,1.0955476760864258,-18.387939453125,3254.7109375,True,True,0
1610,1390,0.9828571428571429,1.0,0,5,0,775,0.0,0.003599712023038157,,False,844,546,0.32429687916224315,1.0397255420684814,-10.24609375,3256.56884765625,True,True,0
1611,7478,1.0,1.0,0,1,13,6404,0.0020299812617114305,0.0018724087200748963,,False,6234,1244,1.0513307883573795,0.8253198266029358,-8.7861328125,3258.8740234375,True,True,0
1612,221,0.18285714285714286,0.2,0,0,0,127,0.0,0.0,,False,0,221,0.0,,,3254.777099609375,True,False,0
1613,15210,1.0,1.0,0,3,87,13514,0.006437768240343348,0.005917548819777763,,False,13207,2003,1.3832994170889854,1.057723879814148,-20.87646484375,3267.78857421875,True,True,0
1614,35271,1.0,1.0,0,1,41,34271,0.0011963467654868547,0.0011908137227105188,0.18,False,34437,834,8.662679072945082,1.1930776834487915,-19.72265625,3268.596435546875,True,True,0
1615,13663,1.0,1.0,0,10,39,11826,0.003297818366311517,0.0035865905431122823,,False,10761,2902,0.7779437368325139,1.0204706192016602,-31.31982421875,3273.583740234375,True,True,0
1616,40812,1.0,1.0,0,12,392,37475,0.010460306871247499,0.009899291857587415,,False,31571,9241,0.7167411404165015,0.9577299952507019,-23.450927734375,3270.8134765625,True,True,0
1617,10126,1.0,1.0,0,2,34,8724,0.003897294818890417,0.0035555555555555557,,False,8756,1370,1.3408436855897812,1.0079196691513062,-23.530029296875,3276.429931640625,True,True,0
1618,15629,1.0,1.0,0,2,31,14197,0.0021835599070226105,0.0021755822882006653,,False,13687,1942,1.47860444371435,1.1322962045669556,-11.999755859375,3278.06201171875,True,True,0
1619,13788,1.0,1.0,0,0,2,12962,0.00015429717636167257,0.00014506419090447523,0.145,False,13107,681,4.037840436366959,1.1470069885253906,-23.533447265625,3280.251953125,True,True,0
1620,1801,0.9714285714285714,0.99,0,0,0,967,0.0,0.0,,False,593,1208,0.10298660092020101,0.9982368350028992,-31.639892578125,3265.81298828125,True,True,0
1621,29687,1.0,1.0,0,13,223,27274,0.008176285106695021,0.00794987536212356,,False,25427,4260,1.2522138107064122,0.989634096622467,-20.4423828125,3285.298095703125,True,True,0
1622,6379,1.0,1.0,0,3,25,5302,0.004715201810637495,0.004390090937597993,,False,5359,1020,1.1022409727081959,1.166174292564392,-16.546630859375,3286.45361328125,True,True,0
1623,19839,1.0,1.0,0,11,50,17554,0.0028483536515893815,0.0030749067446315154,,False,16008,3831,0.8766331489833922,0.9604810476303101,-13.567138671875,3283.482177734375,True,True,0
1624,6008,0.9142857142857143,0.95,0,0,0,3988,0.0,0.0,0.1,True,229,5779,0.008313344030636318,1.1354904174804688,-16.263916015625,3270.3115234375,True,True,0
1625,4011,0.9942857142857143,1.0,0,0,22,2392,0.00919732441471572,0.005486284289276808,,False,1575,2436,0.13564264178883248,0.8733423948287964,-19.51806640625,3278.71337890625,True,True,0
1626,10530,1.0,1.0,0,0,22,9081,0.00242264067833939,0.0020894671858676037,,False,9097,1433,1.3318182743237874,1.0759563446044922,-23.899658203125,3294.987060546875,True,True,0
1627,7035,0.9942857142857143,1.0,0,0,9,5544,0.0016233766233766235,0.0012794995735001423,,False,4942,2093,0.4953663229403891,1.0615129470825195,-19.26025390625,3289.6123046875,True,True,0
1628,1404,0.6228571428571429,0.71,0,0,1,865,0.0011560693641618498,0.0007127583749109052,,False,12,1392,0.0018085685571844331,0.6828571557998657,-14.427734375,3286.2490234375,True,False,0
1629,18437,1.0,1.0,0,5,63,16033,0.003929395621530593,0.003688435669342591,,False,14050,4387,0.671895380556004,0.9328033328056335,-22.362548828125,3304.944091796875,True,True,0
1630,16682,1.0,1.0,0,1,42,15594,0.0026933435936898806,0.0025777831065283857,,False,15773,909,3.6403520515803383,1.0640298128128052,-35.388427734375,3314.740234375,True,True,0
1631,2633,0.9714285714285714,0.99,0,1,20,1734,0.011534025374855825,0.007978723404255319,,False,972,1661,0.12276924862110729,0.76310795545578,-35.675537109375,3294.49658203125,True,True,0
1632,98620,1.0,1.0,0,48,1974,94669,0.02085159872820036,0.020503148480515924,,False,83006,15614,1.1152912022728017,0.9697110056877136,-21.842041015625,3312.85400390625,True,True,0
1633,11599,1.0,1.0,0,4,43,9685,0.004439855446566856,0.004052422831522676,,False,9115,2484,0.7698356997799471,1.008592963218689,-21.952880859375,3313.78955078125,True,True,0
1634,34474,1.0,1.0,0,3,44,33548,0.0013115535948491712,0.0013633858381922083,0.235,False,33689,785,9.003501236008177,1.066849708557129,-32.6640625,3322.489501953125,True,True,0
1635,2494,0.7085714285714285,0.75,0,0,0,1704,0.0,0.0,,False,11,2483,0.000929413402725468,0.9784572124481201,-39.552978515625,3304.447998046875,True,False,0
1636,16385,1.0,1.0,0,2,41,15151,0.0027060920071282422,0.00262451171875,,False,15056,1329,2.3767176454841117,1.10765540599823,-30.777099609375,3321.447265625,True,True,0
1637,77764,1.0,1.0,0,29,195,75589,0.00257974043842358,0.0028805473039877575,0.195,False,74158,3606,4.31444812517672,1.1677511930465698,-25.539794921875,3318.85205078125,True,True,0
1638,3355,1.0,1.0,0,1,2,2595,0.0007707129094412332,0.0008944543828264759,,False,2763,592,0.9791565728480883,0.8866029977798462,-20.61083984375,3321.7548828125,True,True,0
1639,9175,1.0,1.0,0,0,6,6829,0.0008786059452335627,0.0006540222367560497,,False,3917,5258,0.15628811572175833,1.1030899286270142,-20.87939453125,3318.785400390625,True,True,0
1640,14535,1.0,1.0,0,1,63,12456,0.0050578034682080926,0.004403467730838035,,False,11698,2837,0.8650580394449934,0.9946714043617249,-20.865966796875,3327.80712890625,True,True,0
1641,17319,1.0,1.0,0,12,142,15445,0.00919391388798964,0.00895022519921469,,False,14973,2346,1.338979050630781,1.0589079856872559,-27.61328125,3335.315185546875,True,True,0
1642,6823,1.0,1.0,0,0,9,5838,0.001541623843782117,0.0013192612137203166,,False,6109,714,1.7950017599963664,1.0370217561721802,-30.747314453125,3337.420654296875,True,True,0
1643,19264,1.0,1.0,0,26,204,18342,0.011122015047432123,0.011939988579141358,,False,18434,830,4.65944785884818,1.0956987142562866,-30.939208984375,3339.6416015625,True,True,0
1644,16817,1.0,1.0,0,12,65,14459,0.004495469949512414,0.0045789724072312086,,False,12784,4033,0.665015098057355,0.9058614373207092,-26.594970703125,3334.850341796875,True,True,0
1645,15225,1.0,1.0,0,3,11,13878,0.0007926214151895086,0.0009196006305832896,0.34,False,13478,1747,1.6185477353136164,0.8956000804901123,-25.26220703125,3344.897705078125,True,True,0
1646,31437,1.0,1.0,0,12,164,28304,0.0057942340305257205,0.005598676676421937,,False,22900,8537,0.5627599291677086,0.9718608260154724,-14.222412109375,3336.6943359375,True,True,0
1647,2227,0.9771428571428571,1.0,0,0,3,1212,0.0024752475247524753,0.0013477088948787063,,False,866,1361,0.1334912292288901,1.0012047290802002,-21.574951171875,3330.529052734375,True,True,0
1648,17994,1.0,1.0,0,2,16,16392,0.0009760858955588092,0.0010003890401822932,0.31,False,15868,2126,1.5658562748761524,1.0050069093704224,-39.619140625,3347.40234375,True,True,0
1649,17167,1.0,1.0,0,4,25,15837,0.0015785818021089853,0.0016893859955726437,,False,15791,1376,2.4075990596176804,0.9324434399604797,-12.773193359375,3340.651123046875,True,True,0
1650,23022,1.0,1.0,0,1,188,21112,0.008904888215233043,0.00820989531297511,,False,20545,2477,1.7400955820965223,1.0670599937438965,-25.555419921875,3342.81591796875,True,True,0
1651,5156,0.9942857142857143,1.0,0,0,3,4330,0.0006928406466512702,0.0005819592628516004,,False,4467,689,1.360159051398218,1.0952181816101074,-29.39208984375,3348.4150390625,True,True,0
1652,13033,1.0,1.0,0,3,15,11926,0.0012577561630051988,0.0013812154696132596,,False,12164,869,2.9366324969305038,1.4488192796707153,-37.826904296875,3360.032958984375,True,True,0
1653,2596,0.7028571428571428,0.76,0,0,0,1695,0.0,0.0,,False,2,2594,0.0001617532402724705,0.8271601796150208,-7.8056640625,3334.31201171875,True,False,0
1654,2267,0.9942857142857143,1.0,0,0,2,1323,0.0015117157974300832,0.00088261253309797,,False,1217,1050,0.24316118129032457,0.7664260268211365,-33.20703125,3344.250732421875,True,True,0
1655,566,0.5657142857142857,0.68,0,0,0,271,0.0,0.0,,False,1,565,0.0003713167303245916,0.9457870125770569,-40.4345703125,3337.02880859375,True,False,0
1656,12927,1.0,1.0,0,2,80,10639,0.007519503712754958,0.006343803187374285,,False,9231,3696,0.5239740196858393,0.9688661694526672,-25.90966796875,3349.4091796875,True,True,0
1657,2048,0.9371428571428572,0.98,0,1,8,1066,0.0075046904315197,0.004396678065461651,,False,583,1465,0.08348796886366476,0.8661558032035828,-31.476806640625,3335.102294921875,True,True,0
1658,6899,1.0,1.0,0,0,4,6422,0.0006228589224540642,0.0005798782255726297,,False,6757,142,9.982941816505951,1.032666563987732,-24.57861328125,3357.442626953125,True,True,0
1659,31155,1.0,1.0,0,10,318,27391,0.011609652805666094,0.010528343069910765,,False,17796,13359,0.2794740011276206,1.1952147483825684,-26.219970703125,3350.93408203125,True,True,0
1660,55673,1.0,1.0,0,7,61,53750,0.0011348837209302326,0.001221439862049145,0.12,False,52954,2719,4.085851036318044,1.1111639738082886,-27.830810546875,3359.85888671875,True,True,0
1661,3640,1.0,1.0,0,0,11,2488,0.0044212218649517685,0.003022808463863699,,False,2616,1024,0.5359579883681244,0.944724977016449,-26.062744140625,3357.215576171875,True,True,0
1662,6372,0.9942857142857143,1.0,0,0,6,5402,0.0011106997408367272,0.0009417673834562863,,False,5211,1161,0.9416333222847696,1.0703206062316895,-21.272216796875,3361.8701171875,True,True,0
1663,34058,1.0,1.0,0,6,200,30948,0.006462453147214683,0.006048683090113633,,False,27544,6514,0.887099267935863,1.04619300365448,-21.89697265625,3360.76953125,True,True,0
1664,19594,1.0,1.0,0,11,151,16671,0.009057645012296802,0.008268259072117593,,False,13589,6005,0.47475270979770107,0.9646193981170654,-21.681396484375,3357.560546875,True,True,0
1665,18087,1.0,1.0,0,6,25,16698,0.0014971852916516948,0.001714032953665819,,False,16572,1515,2.2948550383106334,1.2560049295425415,-9.227783203125,3361.484375,True,True,0
1666,14826,1.0,1.0,0,4,70,12304,0.005689206762028608,0.0049915682967959524,,False,10335,4491,0.4827923626065753,0.9285433292388916,-24.150390625,3362.212890625,True,True,0
1667,1916,0.7371428571428571,0.77,0,0,0,1084,0.0,0.0,,False,5,1911,0.0005489114406943858,1.2412492036819458,-5.83203125,3351.34326171875,True,False,0
1668,6890,1.0,1.0,0,1,9,5945,0.0015138772077375945,0.0014515894904920889,,False,6053,837,1.5171837458661117,1.0777205228805542,-25.38818359375,3374.336181640625,True,True,0
1669,20919,1.0,1.0,0,3,13,19868,0.0006543185021139521,0.0007648914810211301,0.19,False,20033,886,4.743569134429782,1.0066181421279907,-22.981689453125,3373.551025390625,True,True,0
1670,23069,1.0,1.0,0,13,40,21743,0.0018396725382881847,0.0022975550546211203,,False,21762,1307,3.4931415433878543,0.9519375562667847,-20.99462890625,3372.29541015625,True,True,0
1671,1834,0.6971428571428572,0.74,0,0,0,1128,0.0,0.0,,False,10,1824,0.0011501861438234335,0.8643971681594849,-25.16796875,3361.50634765625,True,False,0
1672,4091,0.9428571428571428,0.98,0,0,2,3628,0.0005512679162072767,0.0004889975550122249,,False,3842,249,3.2370617109136575,1.187518835067749,-14.517333984375,3379.74267578125,True,True,0
1673,21869,1.0,1.0,0,18,206,19684,0.010465352570615729,0.010243277848911651,,False,19026,2843,1.4039886538174322,1.157240867614746,-16.868896484375,3377.905517578125,True,True,0
1674,13006,1.0,1.0,0,10,79,11244,0.007025969405905372,0.006843521722414456,,False,10869,2137,1.0670334446290886,1.0508108139038086,-16.901611328125,3382.67431640625,True,True,0
1675,17887,1.0,1.0,0,2,140,15327,0.00913420760749005,0.007939170300793916,,False,14021,3866,0.7608693765837612,1.04603910446167,-25.1318359375,3383.94482421875,True,True,0
1676,3212,0.7485714285714286,0.78,0,0,0,1954,0.0,0.0,,False,14,3198,0.0009184225568691433,0.8918690085411072,-18.8916015625,3367.67041015625,True,False,0
1677,5882,1.0,1.0,0,4,23,4156,0.005534167468719923,0.004591055942866859,,False,3770,2112,0.37449015219123877,0.9066722989082336,-17.809326171875,3382.533203125,True,True,0
1678,19832,1.0,1.0,0,4,78,19032,0.004098360655737705,0.004134940245070848,,False,19137,695,5.776729311575923,1.205116629600525,-22.479736328125,3391.367919921875,True,True,0
1679,34064,1.0,1.0,0,1,8,32724,0.0002444688913335778,0.00026421630508176026,0.06,True,32114,1950,3.455037433266063,0.9000648856163025,-34.21484375,3391.59228515625,True,True,0
1680,28251,1.0,1.0,0,14,134,25457,0.005263778135679774,0.005238938053097345,,False,22251,6000,0.7780208733409425,0.8419912457466125,-23.77392578125,3388.2998046875,True,True,0
1681,11248,1.0,1.0,0,3,17,10278,0.0016540182914964,0.0017782519783053259,,False,10365,883,2.462643622927669,1.1524966955184937,-32.95361328125,3394.20166015625,True,True,0
1682,5356,1.0,1.0,0,1,12,4014,0.0029895366218236174,0.002427637721755369,,False,4032,1324,0.6388891367204272,0.9090732932090759,-29.602294921875,3389.5185546875,True,True,0
1683,19759,1.0,1.0,0,2,60,17279,0.0034724231726373056,0.0031379694301042617,,False,14733,5026,0.6149809598383998,0.969333291053772,-29.10546875,3395.8486328125,True,True,0
1684,22532,1.0,1.0,0,52,350,19920,0.017570281124497992,0.017842084239492254,,False,18183,4349,0.8771403634704548,1.0466477870941162,-22.173583984375,3397.091796875,True,True,0
1685,1893,0.7314285714285714,0.77,0,0,0,965,0.0,0.0,,False,16,1877,0.0017883341726874313,0.9522137641906738,-29.1025390625,3375.8203125,True,False,0
1686,19972,1.0,1.0,0,3,154,16580,0.009288299155609168,0.007861399028591457,,False,11457,8515,0.2822794263441924,1.0827010869979858,-25.699951171875,3395.75341796875,True,True,0
1687,22554,0.9942857142857143,1.0,0,0,6,21723,0.00027620494406849883,0.0002660399946792001,0.075,True,21824,730,6.271977016809858,0.8492525219917297,-17.6923828125,3401.19140625,True,True,0
1688,27761,1.0,1.0,0,2,63,25790,0.00244280728964715,0.0023414985590778097,,False,24965,2796,1.87321388679996,1.1647684574127197,-24.036865234375,3406.37353515625,True,True,0
1689,11755,1.0,1.0,0,2,27,10070,0.0026812313803376365,0.0024672451931257444,,False,9969,1786,1.1710167490494443,0.8979941010475159,-23.370849609375,3405.606689453125,True,True,0
1690,2720,0.9257142857142857,0.96,0,0,2,1650,0.0012121212121212121,0.000735564545788893,,False,745,1975,0.07913746567690062,0.7361101508140564,-34.378662109375,3392.878662109375,True,True,0
1691,41029,1.0,1.0,0,1,16,39845,0.00040155602961475717,0.00041435117480744855,0.065,True,39671,1358,6.128671498467881,0.9361962080001831,-30.675048828125,3410.048583984375,True,True,0
1692,5434,1.0,1.0,0,1,7,4133,0.0016936849745947254,0.0014724829744156083,,False,4241,1193,0.7457972783891241,1.0623122453689575,-29.690185546875,3413.099609375,True,True,0
1693,8658,1.0,1.0,0,0,20,7244,0.0027609055770292656,0.0023102691463555503,,False,7296,1362,1.1238301603621472,1.0272793769836426,-27.76171875,3411.930908203125,True,True,0
1694,10567,1.0,1.0,0,6,15,9268,0.0016184721622788088,0.0019875070982396364,,False,9325,1242,1.575143807009985,1.062389612197876,-27.8388671875,3417.11083984375,True,True,0
1695,2561,0.7485714285714286,0.8,0,0,0,1451,0.0,0.0,,False,29,2532,0.002402853327949618,0.8681942820549011,-17.33935546875,3392.845458984375,True,False,0
1696,8082,1.0,1.0,0,2,31,6665,0.004651162790697674,0.004083653013240936,,False,6807,1275,1.1200528906474627,1.0920665264129639,-25.522705078125,3416.497802734375,True,True,0
1697,6023,1.0,1.0,0,0,20,4289,0.004663091629750525,0.0033211557622052474,,False,3991,2032,0.41205101622041174,1.0700985193252563,-26.35986328125,3413.88916015625,True,True,0
1698,11839,1.0,1.0,0,6,65,8780,0.007403189066059226,0.005997634735597229,,False,5452,6387,0.17908198367892053,0.903908371925354,-22.8232421875,3408.75732421875,True,True,0
1699,32637,1.0,1.0,0,6,72,30002,0.0023998400106659554,0.002389998774359603,,False,27694,4943,1.175406377549913,0.8680395483970642,-27.415283203125,3420.961669921875,True,True,0
1700,156,0.4228571428571429,0.57,0,0,0,60,0.0,0.0,,False,82,74,0.23247437994511258,0.5197731256484985,-44.37109375,3407.624755859375,True,False,0
1701,19184,1.0,1.0,0,5,77,16506,0.004664970313825276,0.004274618151488297,,False,14886,4298,0.7266153510704297,1.036618709564209,-27.51611328125,3420.01123046875,True,True,0
1702,8917,1.0,1.0,0,0,3,8268,0.000362844702467344,0.00033647375504710633,0.235,False,8647,270,6.7188455867442975,0.9518113136291504,-32.349365234375,3428.23486328125,True,True,0
1703,18022,1.0,1.0,0,1,5,17208,0.0002905625290562529,0.000332944897619444,0.1,True,17320,702,5.176112905427904,0.932644248008728,-29.0341796875,3428.28076171875,True,True,0
1704,3721,0.7771428571428571,0.82,0,0,0,2405,0.0,0.0,,False,56,3665,0.0032055829051760103,0.99271160364151,-23.844970703125,3407.393310546875,True,False,0
1705,110939,1.0,1.0,0,7,19,108917,0.00017444476068933224,0.00023436514088950584,0.015,True,105988,4951,4.49114147681442,1.0316396951675415,-30.401123046875,3428.635986328125,True,True,0
1706,9387,1.0,1.0,0,1,15,8348,0.0017968375658840442,0.0017046665246111229,,False,8484,903,1.9710873689277042,1.0688475370407104,-26.054443359375,3429.1416015625,True,True,0
1707,45048,1.0,1.0,0,3,173,41830,0.0041357877121683,0.003907030434879126,0.27,False,38372,6676,1.2058438511756449,0.9493564963340759,-25.892578125,3428.0966796875,True,True,0
1708,3539,0.9885714285714285,1.0,0,0,0,3068,0.0,0.0,,False,3279,260,2.64582450263423,0.9740968942642212,-37.552734375,3430.84521484375,True,True,0
1709,23490,1.0,1.0,0,6,105,20999,0.005000238106576503,0.004725616245902337,,False,18780,4710,0.8365032761051263,0.9272527694702148,-22.5419921875,3432.47216796875,True,True,0
1710,2354,0.7371428571428571,0.78,0,0,0,1279,0.0,0.0,,False,77,2277,0.007094481490018164,1.0312739610671997,-18.53955078125,3410.267578125,True,False,0
1711,13944,1.0,1.0,0,3,23,12472,0.0018441308531109686,0.0018647349924693394,,False,12375,1569,1.6546846168503848,1.0805082321166992,-30.912841796875,3437.04638671875,True,True,0
1712,33819,1.0,1.0,0,7,436,30315,0.01438231898400132,0.01309953279318706,,False,25791,8028,0.673990512253098,1.1396222114562988,-24.330078125,3432.7529296875,True,True,0
1713,20179,1.0,1.0,0,4,36,19533,0.0018430348640761788,0.001982357022499752,,False,19699,480,8.60985640192757,1.02540123462677,-38.258056640625,3448.371337890625,True,True,0
1714,16729,1.0,1.0,0,3,64,14701,0.00435344534385416,0.004005260640841703,,False,13805,2924,0.9904943625526702,0.9611823558807373,-25.20654296875,3439.455078125,True,True,0
1715,55515,1.0,1.0,0,35,854,53972,0.015823019343363224,0.016013978455885,,False,53381,2134,5.247896431829063,1.1042490005493164,-16.88232421875,3443.97265625,True,True,0
1716,12570,1.0,1.0,0,2,49,10890,0.0044995408631772265,0.0040576020367571,,False,10877,1693,1.3478610884781035,1.0025594234466553,-27.770263671875,3444.2177734375,True,True,0
1717,18698,1.0,1.0,0,3,106,16373,0.006474073169242045,0.005829812269348024,,False,15387,3311,0.9749621108940011,1.0121619701385498,-29.886474609375,3445.00048828125,True,True,0
1718,23199,1.0,1.0,0,4,119,19545,0.0060885136863647995,0.005302181222519182,,False,14177,9022,0.3296662454537387,0.9584560990333557,-25.103515625,3438.746826171875,True,True,0
1719,10203,1.0,1.0,0,1,21,8299,0.002530425352452103,0.0021564399137424034,,False,8139,2064,0.8272834207767421,0.9538573026657104,-23.95068359375,3445.36962890625,True,True,0
1720,27421,1.0,1.0,0,3,76,24743,0.00307157579921594,0.0028811086797957694,,False,22407,5014,0.9375454919538223,0.9496935606002808,-22.31396484375,3447.77685546875,True,True,0
1721,2007,0.7428571428571429,0.79,0,0,0,1035,0.0,0.0,,False,176,1831,0.02016588512478285,0.8786290884017944,-19.724853515625,3427.036376953125,True,True,0
1722,19447,1.0,1.0,0,5,62,17782,0.0034866719154200876,0.003445438650622236,,False,17579,1868,1.9742868808043028,1.0508716106414795,-24.3896484375,3453.4189453125,True,True,0
1723,11189,0.9942857142857143,1.0,0,1,44,10570,0.004162724692526017,0.0040221666070790136,,False,10833,356,6.383982833925731,1.2710120677947998,-22.70703125,3457.837646484375,True,True,0
1724,453,0.4342857142857143,0.52,0,0,0,173,0.0,0.0,,False,40,413,0.020319026889432858,1.0349724292755127,-29.352783203125,3428.876708984375,True,False,0
1725,32003,1.0,1.0,0,12,264,28960,0.009116022099447514,0.008624460971189301,,False,26592,5411,1.0310184417718018,1.0466859340667725,-28.314453125,3456.806884765625,True,True,0
1726,8324,0.9942857142857143,1.0,0,0,15,5892,0.0025458248472505093,0.0018022347711161841,,False,2167,6157,0.07383847577660636,0.8962535858154297,-6.58837890625,3438.434326171875,True,True,0
1727,5322,1.0,1.0,0,0,7,4282,0.0016347501167678655,0.0013155421913174216,,False,4612,710,1.3627742387960764,1.0068458318710327,-32.49072265625,3455.74755859375,True,True,0
1728,4547,0.9885714285714285,1.0,0,0,0,3934,0.0,0.0,,False,4312,235,3.849495845766792,0.9408913850784302,-27.810546875,3458.55078125,True,True,0
1729,31502,1.0,1.0,0,3,38,30188,0.0012587783225122566,0.001301545982667217,0.23,False,30360,1142,5.577359371234544,1.0088754892349243,-26.04248046875,3461.94140625,True,True,0
1730,49112,1.0,1.0,0,8,124,47312,0.002620899560365235,0.0026877888864001954,0.235,False,46785,2327,4.217967371703201,1.0169966220855713,-27.507080078125,3464.19580078125,True,True,0
1731,16205,1.0,1.0,0,3,48,13719,0.0034987972884321017,0.0031473710195013575,,False,12363,3842,0.6750865789710185,1.130614995956421,-21.32861328125,3460.328369140625,True,True,0
1732,12131,1.0,1.0,0,3,16,10353,0.0015454457645127017,0.0015663643858202802,,False,9704,2427,0.8388300438213672,1.0220786333084106,-22.97509765625,3461.99951171875,True,True,0
1733,396,0.6514285714285715,0.79,0,0,0,144,0.0,0.0,,False,130,266,0.10253087910654607,0.779882550239563,-43.46875,3437.3759765625,True,True,0
1734,27739,1.0,1.0,0,4,150,25697,0.005837257267385298,0.005551950392962722,,False,24967,2772,1.8895835553383673,0.9243465065956116,-28.5185546875,3462.2041015625,True,True,0
1735,21754,1.0,1.0,0,1,45,20630,0.0021812893843916625,0.002114650852755942,0.335,False,20861,893,4.900908897967791,1.1144248247146606,-30.211669921875,3468.20166015625,True,True,0
1736,23216,1.0,1.0,0,5,117,20623,0.005673277408718421,0.005255222916217962,,False,19168,4048,0.9934116808490369,1.0783098936080933,-30.56396484375,3467.50146484375,True,True,0
1737,8936,0.9657142857142857,0.99,0,0,5,8449,0.0005917860101787194,0.0005595970900951316,,False,8777,159,11.580890077127684,1.0198479890823364,-32.813232421875,3470.6572265625,True,True,0
1738,1004,0.7028571428571428,0.77,0,0,0,453,0.0,0.0,,False,151,853,0.037138202634985386,1.0805960893630981,-32.374755859375,3443.21337890625,True,True,0
1739,9389,1.0,1.0,0,1,5,8327,0.0006004563468235859,0.0006391137622496804,,False,8501,888,2.008399089342888,0.738960862159729,-42.41455078125,3475.9384765625,True,True,0
1740,21914,1.0,1.0,0,9,66,20997,0.0031433061865980853,0.0034226258385433306,,False,21227,687,6.482236146359622,1.0262882709503174,-41.4482421875,3478.394287109375,True,True,0
1741,2189,0.7542857142857143,0.79,0,0,0,1112,0.0,0.0,,False,84,2105,0.008371825188220959,1.0501371622085571,-29.494140625,3445.51904296875,True,False,0
1742,1974,0.9657142857142857,0.99,0,0,1,1049,0.0009532888465204957,0.0005068423720223011,,False,1051,923,0.23888780521960715,0.9786650538444519,-36.462646484375,3464.81103515625,True,True,0
1743,289,0.41714285714285715,0.55,0,0,0,81,0.0,0.0,,False,58,231,0.05267553789063578,1.0298855304718018,-27.7431640625,3451.325439453125,True,False,0
1744,8863,1.0,1.0,0,4,6,8171,0.0007343042467262269,0.0011284134506883321,,False,8505,358,4.9840714166117825,1.2190096378326416,-32.726806640625,3478.4365234375,True,True,0
1745,36892,1.0,1.0,0,13,347,34776,0.009978145847711065,0.009758477677482313,,False,34103,2789,2.5652933548428267,1.017891526222229,-26.481201171875,3478.586181640625,True,True,0
1746,7161,1.0,1.0,0,1,12,6096,0.001968503937007874,0.0018156424581005587,,False,6345,816,1.6313022419839298,1.0192292928695679,-32.920166015625,3479.091064453125,True,True,0
1747,14681,1.0,1.0,0,5,27,12454,0.002167978159627429,0.0021798365122615805,,False,10835,3846,0.5910341853309482,1.1059269905090332,-27.697265625,3476.85595703125,True,True,0
1748,23202,1.0,1.0,0,3,70,21134,0.0033121983533642473,0.003146416102754192,,False,20221,2981,1.4230941013753322,1.0208864212036133,-22.268310546875,3479.953125,True,True,0
1749,1159,0.7657142857142857,0.81,0,0,0,493,0.0,0.0,,False,230,929,0.05194037578652387,1.000848412513733,-31.040283203125,3453.785400390625,True,True,0
1750,8189,0.9942857142857143,1.0,0,2,12,7215,0.0016632016632016633,0.001709819247679531,,False,7153,1036,1.4485097907207232,1.2098517417907715,-19.3017578125,3479.1025390625,True,True,0
1751,21551,1.0,1.0,0,3,104,18796,0.005533092147265376,0.0049651972157772626,,False,17248,4303,0.8409310004696222,1.0393383502960205,-28.08251953125,3478.853515625,True,True,0
1752,36247,1.0,1.0,0,3,49,35110,0.0013956137852463686,0.0014346410638415273,0.195,False,35222,1025,7.209134243564304,0.9514808654785156,-28.310302734375,3479.35302734375,True,True,0
1753,31384,1.0,1.0,0,4,36,30431,0.001183004173375834,0.0012745754070675205,0.175,False,30707,677,9.515720684658254,0.9624983668327332,-24.38427734375,3480.7109375,True,True,0
1754,508,0.32571428571428573,0.34,0,0,0,264,0.0,0.0,,False,34,474,0.01504851137032786,1.0477980375289917,-36.6171875,3443.302490234375,True,False,0
1755,16222,1.0,1.0,0,2,56,14910,0.003755868544600939,0.0035756118611676223,,False,14896,1326,2.356780330638794,1.0889981985092163,-21.6923828125,3482.783203125,True,True,0
1756,16700,1.0,1.0,0,1,119,13809,0.008617568252588892,0.007186059045451824,,False,10727,5973,0.3767720960821062,1.0250623226165771,-31.132568359375,3476.96875,True,True,0
1757,1858,0.9314285714285714,0.96,0,0,0,1586,0.0,0.0,,False,1823,35,10.92726787573365,1.1047829389572144,-33.175537109375,3483.74609375,True,False,0
1758,22002,1.0,1.0,0,6,140,19035,0.007354872603099553,0.006636061997181946,,False,16748,5254,0.6687531630574965,1.0395208597183228,-24.56982421875,3480.55322265625,True,True,0
1759,17425,1.0,1.0,0,1,71,15365,0.004620891636836967,0.004132231404958678,,False,14742,2683,1.1527329294526643,1.0499122142791748,-26.220703125,3485.495849609375,True,True,0
1760,9994,1.0,1.0,0,1,22,9027,0.002437133045308519,0.0023016111277894525,,False,9227,767,2.5238185149261136,1.299756407737732,-21.02001953125,3481.44189453125,True,True,0
1761,5161,1.0,1.0,0,0,4,4512,0.0008865248226950354,0.0007751937984496124,,False,4873,288,3.549742816606008,0.9227351546287537,-24.257080078125,3497.0537109375,True,True,0
1762,28651,1.0,1.0,0,31,380,27681,0.013727827751887576,0.014345549738219896,,False,27832,819,7.129408168122867,1.0037832260131836,-31.840576171875,3502.056396484375,True,True,0
1763,4180,1.0,1.0,0,0,6,3460,0.0017341040462427746,0.0014357501794687725,,False,3624,556,1.3674339646464402,0.9341939091682434,-38.19580078125,3501.494140625,True,True,0
1764,1431,0.4742857142857143,0.54,0,0,0,931,0.0,0.0,,False,386,1045,0.07749326862822027,0.9605923295021057,-20.69677734375,3480.13525390625,True,True,0
1765,55406,1.0,1.0,0,2,186,52327,0.003554570298316357,0.003393195559967512,0.29,False,49498,5908,1.7576812910371953,0.8913373947143555,-23.187255859375,3502.048095703125,True,True,0
1766,714,0.5714285714285714,0.66,0,0,0,581,0.0,0.0,,False,702,12,12.272946229053565,0.8637319207191467,-5.983642578125,3507.7470703125,True,False,0
1767,12376,1.0,1.0,0,2,58,10338,0.005610369510543625,0.0048484848484848485,,False,9799,2577,0.7977380449571713,1.0753716230392456,-30.140380859375,3504.93212890625,True,True,0
1768,2812,0.8057142857142857,0.87,0,0,0,1602,0.0,0.0,,False,381,2431,0.032880088833123496,1.0094414949417114,-22.462890625,3483.253662109375,True,True,0
1769,16502,1.0,1.0,0,2,43,14665,0.0029321513808387317,0.0027271074480334527,,False,14474,2028,1.497316405530448,1.0409296751022339,-31.408935546875,3508.497802734375,True,True,0
1770,26954,1.0,1.0,0,1,166,24751,0.0067067997252636255,0.006195970763922383,,False,24150,2804,1.8068915677947472,1.0046981573104858,-32.75537109375,3508.676513671875,True,True,0
1771,15308,1.0,1.0,0,3,39,13506,0.0028876055086628164,0.002743842686352649,,False,12879,2429,1.1123657126247364,1.1191811561584473,-33.155517578125,3513.81591796875,True,True,0
1772,29800,1.0,1.0,0,4,118,26138,0.004514499961741526,0.004094097117352932,,False,20632,9168,0.4721279265632843,1.0603083372116089,-29.523681640625,3506.85546875,True,True,0
1773,3385,0.9485714285714286,0.99,0,0,0,3043,0.0,0.0,0.25,False,3339,46,15.228304518323988,0.9331462383270264,-27.841552734375,3513.83984375,True,False,0
1774,18666,1.0,1.0,0,4,24,17478,0.0013731548232063166,0.0015001339405304045,,False,17629,1037,3.5664971947677024,1.2513047456741333,-33.954833984375,3515.470703125,True,True,0
1775,20463,1.0,1.0,0,5,152,19110,0.007953950811093667,0.007672759261069299,,False,19123,1340,2.993947579259999,1.016983985900879,-32.54443359375,3515.270751953125,True,True,0
1776,7779,1.0,1.0,0,1,20,6684,0.002992220227408737,0.0026999228593468758,,False,6979,800,1.8301899942855733,1.0872982740402222,-30.887939453125,3516.963134765625,True,True,0
1777,12764,1.0,1.0,0,1,26,10781,0.002411650125220295,0.002115490088537178,,False,9979,2785,0.7517177211233901,0.9262748956680298,-24.574951171875,3513.898193359375,True,True,0
1778,13897,1.0,1.0,0,0,93,12625,0.007366336633663366,0.006692573402417962,,False,12792,1105,2.4286735222501172,1.0119304656982422,-36.9638671875,3524.45068359375,True,True,0
1779,28208,1.0,1.0,0,2,217,26265,0.008261945554920998,0.0077640302052681956,,False,25892,2316,2.3454166759861157,1.0424565076828003,-33.904296875,3523.858642578125,True,True,0
1780,7926,1.0,1.0,0,1,3,7120,0.0004213483146067416,0.0005047318611987382,,False,7355,571,2.702337165706856,1.2569901943206787,-34.087890625,3529.063232421875,True,True,0
1781,159174,1.0,1.0,0,11,102,157464,0.0006477671086724584,0.0007099193958774415,0.025,True,152912,6262,5.122965966955858,0.8975321054458618,-34.26904296875,3527.3955078125,True,True,0
1782,16689,1.0,1.0,0,13,25,15255,0.0016388069485414618,0.002277085330776606,,False,15298,1391,2.3072810117797737,1.0231419801712036,-24.631103515625,3524.490478515625,True,True,0
1783,35828,1.0,1.0,0,10,90,33786,0.002663825253063399,0.002791191001200212,,False,33069,2759,2.514561877359085,1.0958173274993896,-28.5537109375,3527.98486328125,True,True,0
1784,11831,1.0,1.0,0,0,13,10993,0.0011825707268261622,0.001098901098901099,,False,11235,596,3.9547568084499742,1.0451959371566772,-25.867919921875,3530.0654296875,True,True,0
1785,5305,1.0,1.0,0,11,1,4786,0.0002089427496865859,0.0022624434389140274,,False,5123,182,5.90535395242241,1.5471071004867554,-37.030029296875,3531.469482421875,True,True,0
1786,85638,1.0,1.0,0,47,873,80958,0.010783369154376343,0.010743019956327288,,False,33093,52545,0.13212886620034098,1.2983342409133911,9.156005859375,3409.915283203125,True,True,0
1787,9531,1.0,1.0,0,1,28,8781,0.0031887028812208175,0.00304302203567681,,False,9176,355,5.422730448912749,1.1963750123977661,-29.6806640625,3533.05712890625,True,True,0
1788,19614,1.0,1.0,0,2,50,18854,0.002651957144372547,0.002651302707387957,,False,19187,427,9.426970888002192,0.9877904057502747,-31.0458984375,3533.9599609375,True,True,0
1789,33718,1.0,1.0,0,7,84,31258,0.0026873120481156823,0.002698935255212504,,False,28709,5009,1.2024305422543653,0.9881527423858643,-25.85595703125,3533.8671875,True,True,0
1790,449,0.25142857142857145,0.29,0,0,0,371,0.0,0.0,,False,446,3,31.189367624831277,1.023892879486084,-3.581298828125,3527.22900390625,True,False,0
1791,54261,1.0,1.0,0,10,309,51093,0.006047795196993717,0.005879100626612606,,False,47449,6812,1.4613202082357495,0.9260607957839966,-32.55419921875,3532.8681640625,True,True,0
1792,3942,0.9542857142857143,0.99,0,0,3,2556,0.0011737089201877935,0.0007612281146917026,,False,773,3169,0.051174100784352715,0.9217569231987,-32.443115234375,3514.44287109375,True,True,0
1793,24890,1.0,1.0,0,5,38,23798,0.001596772838053618,0.0017276708586122383,,False,23956,934,5.380967804374296,0.9458320140838623,-26.97314453125,3536.04736328125,True,True,0
1794,986,0.5828571428571429,0.75,0,0,0,864,0.0,0.0,,False,955,31,6.463007250480372,0.9377556443214417,-36.400634765625,3539.1826171875,True,False,0
1795,55072,1.0,1.0,0,5,302,51717,0.005839472513873581,0.005574621851791324,,False,47769,7303,1.3722644561611133,0.9560220837593079,-31.486328125,3537.404541015625,True,True,0
1796,12086,1.0,1.0,0,3,44,10804,0.004072565716401333,0.0038891187422424494,,False,11014,1072,2.1554763006569075,1.083707332611084,-30.92431640625,3546.03369140625,False,True,0
1797,677,0.5314285714285715,0.59,0,0,0,525,0.0,0.0,,False,660,17,8.144941690472953,0.9429033994674683,-31.19873046875,3545.32861328125,False,False,0
1798,9456,1.0,1.0,0,1,30,8519,0.0035215400868646553,0.003278688524590164,,False,8839,617,3.0054598822148653,1.1898109912872314,-29.974609375,3550.062255859375,False,True,0
1799,26504,1.0,1.0,0,10,158,24995,0.00632126425285057,0.0063389050296192885,,False,24950,1554,3.3683134608772116,1.076390027999878,-35.47119140625,3550.979736328125,False,True,0
1800,6679,1.0,1.0,0,0,1,6248,0.00016005121638924455,0.0001497454327643007,0.315,False,6613,66,21.020718314615703,0.9537630677223206,-23.126220703125,3548.750244140625,False,False,0
1801,34551,1.0,1.0,0,6,101,33208,0.0030414357986027463,0.003096960926193922,,False,33271,1280,5.453167654738798,1.10752534866333,-28.123046875,3549.916259765625,False,True,0
1802,12069,1.0,1.0,0,0,43,11139,0.0038603106203429394,0.0035631421942326816,,False,11514,555,4.352374001118742,1.0064916610717773,-31.98095703125,3552.28662109375,False,True,0
1803,23755,1.0,1.0,0,7,76,22041,0.0034481194138197,0.003494148353961438,,False,21937,1818,2.53149061546687,1.032950758934021,-32.0166015625,3554.36328125,False,True,0
1804,9203,1.0,1.0,0,0,22,8389,0.0026224818214328287,0.0023907846120408607,,False,8654,549,3.3070252569934317,1.0939236879348755,-37.36376953125,3561.833251953125,False,True,0
1805,240,0.49142857142857144,0.61,0,0,0,139,0.0,0.0,,False,236,4,12.377843205370262,0.9487288594245911,-14.47119140625,3553.1513671875,False,False,0
1806,5656,1.0,1.0,0,0,5,5181,0.0009650646593321753,0.0008841732979664014,,False,5509,147,7.862278129641966,0.9796716570854187,-30.03271484375,3555.952392578125,False,True,0
1807,17932,1.0,1.0,0,1,26,16175,0.00160741885625966,0.0015057721264848587,,False,16044,1888,1.7828041186706451,0.9501928091049194,-27.145751953125,3552.5693359375,False,True,0
1808,30228,1.0,1.0,0,15,141,27672,0.005095403295750217,0.005160948820590863,,False,26242,3986,1.3811873820886935,1.0206390619277954,-26.96435546875,3554.121826171875,False,True,0
1809,24259,1.0,1.0,0,2,11,23234,0.0004734440905569424,0.0005359056806002144,0.17,False,23365,894,5.483037699417514,0.9865701198577881,-20.784423828125,3550.138427734375,False,True,0
1810,18079,1.0,1.0,0,2,26,16576,0.0015685328185328184,0.0015488438986613563,,False,16547,1532,2.265966406151942,1.1100618839263916,-24.8125,3554.59912109375,False,True,0
1811,15198,0.9942857142857143,0.99,0,0,1,13696,7.301401869158878e-05,6.580246101204185e-05,0.035,True,12176,3022,0.8452849660040399,0.9940394759178162,-48.869873046875,3564.36669921875,False,True,0
1812,17248,1.0,1.0,0,5,84,15698,0.0053510001274047645,0.005160317736417928,,False,15736,1512,2.183411136666066,1.0908173322677612,-25.56396484375,3556.501708984375,False,True,0
1813,554,0.46285714285714286,0.54,0,0,0,397,0.0,0.0,,False,489,65,1.5782960436573814,0.7886376976966858,-28.568603515625,3548.94580078125,False,False,0
1814,17102,1.0,1.0,0,2,104,16128,0.006448412698412698,0.006198467925852289,,False,16410,692,4.975027113748554,1.184355616569519,-32.84326171875,3561.2841796875,False,True,0
1815,1676,0.7885714285714286,0.86,0,0,0,1412,0.0,0.0,,False,1543,133,2.4339253301753936,1.1157925128936768,-38.1328125,3581.15869140625,False,True,0
1816,7182,1.0,1.0,0,1,16,6378,0.002508623392913139,0.002367358306642529,,False,6764,418,3.394847597158561,1.0547587871551514,-25.414794921875,3564.110595703125,False,True,0
1817,11340,1.0,1.0,0,1,18,10167,0.0017704337562702863,0.0016756327718493694,,False,10399,941,2.3184349770825365,1.1428210735321045,-22.5,3564.06591796875,False,True,0
1818,27683,1.0,1.0,0,0,17,27076,0.0006278623134879598,0.000614117477060906,0.115,False,27396,287,20.02618510921418,1.0105491876602173,-23.54443359375,3565.613525390625,False,True,0
1819,21994,1.0,1.0,0,1,13,21302,0.0006102713360247865,0.000636566180148229,0.22,False,21487,507,8.891208402827894,1.0813448429107666,-44.918701171875,3571.9453125,False,True,0
1820,82159,1.0,1.0,0,17,1019,78473,0.012985358021230232,0.012609849314735022,,False,70074,12085,1.2164750878636714,0.9736906886100769,-33.60009765625,3573.20458984375,False,True,0
1821,2525,0.9942857142857143,1.0,0,0,1,2022,0.0004945598417408506,0.0003961965134706815,,False,2305,220,2.198068458272608,0.9939067363739014,-29.507568359375,3577.35546875,False,True,0
1822,38848,1.0,1.0,0,6,323,37109,0.008704087957099356,0.00846912245475841,,False,36623,2225,3.4531613156372125,0.9551526308059692,-30.866455078125,3574.86279296875,False,True,0
1823,9875,1.0,1.0,0,1,24,9140,0.00262582056892779,0.0025319019647559245,,False,9523,352,5.675760826499471,1.0145663022994995,-26.39990234375,3574.365234375,False,True,0
1824,3068,0.9828571428571429,1.0,0,0,0,1984,0.0,0.0,0.345,False,1362,1706,0.16749083440016588,0.951211154460907,-31.78173828125,3564.54736328125,False,True,0
1825,85764,1.0,1.0,0,0,1,84570,1.1824524062906468e-05,1.1660039877336381e-05,0.005,True,83451,2313,7.569180778732981,0.9842621684074402,-29.623046875,3577.86767578125,False,True,0
1826,37482,1.0,1.0,0,7,92,35795,0.0025701913675094286,0.0026413382780608842,0.275,False,35474,2008,3.7062901771499144,1.1337471008300781,-26.43505859375,3576.0859375,False,True,0
1827,8400,1.0,1.0,0,0,4,7734,0.000517196793379881,0.0004762471722824146,,False,8063,337,5.019491513599578,1.037131905555725,-26.68896484375,3580.116943359375,False,True,0
1828,5994,1.0,1.0,0,0,1,5582,0.00017914725904693657,0.0001668613382279326,,False,5933,61,20.405041327441445,1.0518865585327148,-17.954833984375,3577.24365234375,False,False,0
1829,14011,1.0,1.0,0,0,6,13401,0.00044772778150884264,0.00042826552462526765,0.165,False,13742,269,10.717429357204846,0.9857754707336426,-20.5869140625,3580.0400390625,False,True,0
1830,2033,0.9485714285714286,0.99,0,0,3,1740,0.0017241379310344827,0.0014763779527559055,,False,1971,62,6.669417429684195,1.0995585918426514,-38.9306640625,3583.044189453125,False,False,0
1831,30873,1.0,1.0,0,14,147,28400,0.005176056338028169,0.005215081627364602,,False,24959,5914,0.8853985904255811,0.9794434309005737,-31.998779296875,3584.573974609375,False,True,0
1832,18664,1.0,1.0,0,3,49,17337,0.002826325200438369,0.0027862615870974656,,False,17155,1509,2.3850333051198667,0.979195237159729,-31.625732421875,3589.46826171875,False,True,0
1833,6579,1.0,1.0,0,0,17,5682,0.00299190425906371,0.002584372149589541,,False,5993,586,2.145554877358246,1.0955318212509155,-29.846923828125,3591.484619140625,False,True,0
1834,50701,1.0,1.0,0,0,11,49418,0.000222590958759966,0.00021696252465483234,0.025,True,48351,2350,4.316488256926488,1.0728219747543335,-14.634033203125,3586.262451171875,False,True,0
1835,28937,1.0,1.0,0,0,1,28365,3.5254715318173806e-05,3.455902681780481e-05,0.025,True,28611,326,18.412315272374364,1.0521864891052246,-29.12255859375,3593.029052734375,False,True,0
1836,20464,1.0,1.0,0,5,105,18860,0.005567338282078473,0.005375555881346821,,False,18784,1680,2.3456961942057606,1.029106616973877,-29.548583984375,3595.0986328125,False,True,0
1837,23359,1.0,1.0,0,6,116,21830,0.005313788364635822,0.00522304991865742,,False,21267,2092,2.1327380452458873,1.0284734964370728,-42.495849609375,3598.734619140625,False,True,0
1838,19598,1.0,1.0,0,1,58,18317,0.0031664573893104768,0.0030106648976884216,,False,18467,1131,3.4255215944128135,1.0688711404800415,-26.003173828125,3598.0009765625,False,True,0
1839,18306,1.0,1.0,0,1,28,17104,0.001637043966323667,0.0015842665938268232,,False,17264,1042,3.4758951998684435,1.1195012331008911,-30.66650390625,3597.13427734375,False,True,0
1840,35333,1.0,1.0,0,7,179,33816,0.005293352259285546,0.005264349598098041,,False,33335,1998,3.5002409464635624,0.9748267531394958,-32.113525390625,3600.950927734375,False,True,0
1841,1865,0.8457142857142858,0.91,0,1,0,1656,0.0,0.000536480686695279,,False,1851,14,27.73775759460091,1.0868464708328247,-27.6689453125,3607.891357421875,False,False,0
1842,15543,1.0,1.0,0,1,34,14747,0.0023055536719332748,0.002251962424398404,,False,15107,436,7.269167987230934,1.1095600128173828,-32.12744140625,3602.794189453125,False,True,0
1843,9282,1.0,1.0,0,0,0,8795,0.0,0.0,0.11,False,9165,117,16.43385962294922,1.0450602769851685,-31.271728515625,3604.69970703125,False,True,0
1844,162523,1.0,1.0,0,28,1508,159328,0.009464751958224544,0.009451028168494111,0.23,False,153176,9347,3.4380441305844442,0.9955188035964966,-32.573486328125,3606.650146484375,False,True,0
1845,20014,1.0,1.0,0,3,24,19199,0.0012500651075576853,0.001349123070004497,,False,19443,571,7.143649423907329,1.035766839981079,-28.69189453125,3609.41845703125,False,True,0
1846,6524,1.0,1.0,0,0,18,5832,0.0030864197530864196,0.0027594665031427257,,False,6233,291,4.493627858295349,1.06295907497406,-29.7734375,3612.76513671875,False,True,0
1847,60426,1.0,1.0,0,5,195,59178,0.0032951434654770353,0.0033098882912701694,0.2,False,58581,1845,6.661213842393967,1.0403642654418945,-28.872314453125,3613.169921875,False,True,0
1848,26396,1.0,1.0,0,5,122,25024,0.004875319693094629,0.004811517332828187,,False,25114,1282,4.109801346673216,1.0648678541183472,-29.524169921875,3614.16357421875,False,True,0
1849,14498,1.0,1.0,0,2,18,13439,0.0013393853709353374,0.001379595778436918,,False,13701,797,3.6065080866124655,1.0848337411880493,-28.071533203125,3618.74951171875,False,True,0
1850,38665,1.0,1.0,0,9,140,36705,0.0038141942514643783,0.0038537140492447756,,False,35173,3492,2.113139374563109,0.9856633543968201,-36.1650390625,3619.314453125,False,True,0
1851,49803,1.0,1.0,0,17,460,48638,0.009457625724741972,0.009577928597245091,,False,48433,1370,7.416752195542471,1.0298552513122559,-27.176025390625,3619.83154296875,False,True,0
1852,24864,1.0,1.0,0,8,127,23444,0.0054171643064323495,0.005429755057716285,,False,23540,1324,3.730022390475907,1.059637188911438,-28.01171875,3623.21337890625,False,True,0
1853,38087,1.0,1.0,0,15,170,36840,0.004614549402823019,0.004857427926272121,,False,36580,1507,5.092410608712383,1.0345771312713623,-30.750732421875,3624.960693359375,False,True,0
1854,2888,0.9942857142857143,1.0,0,0,0,2446,0.0,0.0,,False,2785,103,5.67258405906799,1.0281507968902588,-30.720703125,3632.9072265625,False,True,0
1855,22981,1.0,1.0,0,10,112,21512,0.005206396429899591,0.0053089643167972145,,False,21557,1424,3.1759327506447192,1.1210267543792725,-28.71826171875,3638.37158203125,False,True,0
1856,33726,1.0,1.0,0,12,225,32823,0.006854949273375377,0.0070274277242401775,,False,32932,794,8.701428775973476,0.9483798742294312,-31.314453125,3644.28564453125,False,True,0
1857,7367,1.0,1.0,0,1,22,6708,0.003279666070363745,0.0031224545207711105,,False,7114,253,5.899107427011726,1.0417922735214233,-23.084716796875,3644.283203125,False,True,0
1858,7110,1.0,1.0,0,0,6,6532,0.0009185548071034905,0.0008440005626670418,,False,6925,185,7.853097956682461,1.0483059883117676,-20.260498046875,3640.00927734375,False,True,0
1859,19770,1.0,1.0,0,2,141,18787,0.007505189758875819,0.007233547473316809,,False,19147,623,6.44771237732199,1.0457937717437744,-27.53466796875,3645.24267578125,False,True,0
1860,5217,1.0,1.0,0,0,4,4582,0.0008729812309035355,0.0007668711656441718,,False,4971,246,4.239372920896759,1.0740258693695068,-22.90673828125,3644.997802734375,False,True,0
1861,37353,1.0,1.0,0,4,179,35399,0.005056640018079607,0.004899336046262583,,False,34402,2951,2.445724011688929,1.0408358573913574,-34.017822265625,3651.785888671875,False,True,0
1862,80529,1.0,1.0,0,71,1143,78333,0.01459155145341044,0.01508791972978343,,False,76522,4007,4.006451919993161,1.0693392753601074,-27.226806640625,3659.68603515625,False,True,0
1863,33738,1.0,1.0,0,5,178,32339,0.00550418998732181,0.005424311586685241,,False,32056,1682,3.9983085289037374,1.051340937614441,-31.06640625,3666.47412109375,False,True,0
1864,114559,1.0,1.0,0,19,410,113273,0.0036195739496614372,0.003744827947415283,0.13,False,111621,2938,7.97052783760793,1.041542649269104,-32.23046875,3671.853759765625,False,True,0
1865,32629,1.0,1.0,0,3,230,31451,0.007312963021843502,0.0071411057987005025,,False,31500,1129,5.853418519000815,1.066098928451538,-24.70703125,3672.42822265625,False,True,0
1866,23512,1.0,1.0,0,6,139,22454,0.006190433775719248,0.006167325932542214,,False,22563,949,4.987967284791649,1.0743094682693481,-31.27978515625,3696.576171875,False,True,0
1867,24529,1.0,1.0,0,27,226,23468,0.00963013465144026,0.01031474233529028,,False,23452,1077,4.568326626887987,1.0385388135910034,-16.259521484375,3708.46435546875,False,True,0
1868,42200,1.0,1.0,0,30,342,39382,0.008684170433192829,0.008815374771914027,,False,36931,5269,1.4704688678504239,1.2451735734939575,89.595947265625,3708.6376953125,False,True,0
1869,26666,1.0,1.0,0,19,283,24874,0.011377341802685535,0.011325707856741047,,False,24067,2599,1.942712988852597,1.1647783517837524,33.74560546875,3755.2236328125,False,True,0
1870,34811,0.9942857142857143,0.99,0,9,275,30754,0.008941926253495481,0.008158575122091354,,False,2828,31983,0.01855039546156518,1.1158592700958252,34.475341796875,3795.0439453125,False,True,0
1871,66193,0.8457142857142858,0.91,0,13,501,61851,0.00810011155842266,0.00779550398839739,,False,2105,64088,0.006890779401655458,0.9942574501037598,-1.8740234375,3804.038330078125,False,True,0
